url,statut
https://www.google.com/maps/search/etablissement+wellness+Choisey%2BFrance/,
https://www.google.com/maps/search/etablissement+wellness+Choisies%2BFrance/,
https://www.google.com/maps/search/etablissement+wellness+Choisy%2BFrance/,
https://www.google.com/maps/search/etablissement+wellness+Choisy-au-Bac%2BFrance/,
https://www.google.com/maps/search/etablissement+wellness+Choisy-en-Brie%2BFrance/,
https://www.google.com/maps/search/etablissement+wellness+Choisy-la-Victoire%2BFrance/,
https://www.google.com/maps/search/etablissement+wellness+Choisy-le-Roi%2BFrance/,
https://www.google.com/maps/search/etablissement+wellness+Cholet%2BFrance/,
https://www.google.com/maps/search/etablissement+wellness+Cholonge%2BFrance/,
https://www.google.com/maps/search/etablissement+wellness+Choloy-Ménillot%2BFrance/,
https://www.google.com/maps/search/etablissement+wellness+Chomelix%2BFrance/,
https://www.google.com/maps/search/etablissement+wellness+Chomérac%2BFrance/,
https://www.google.com/maps/search/etablissement+wellness+La Chomette%2BFrance/,
https://www.google.com/maps/search/etablissement+wellness+Chonas-l'Amballan%2BFrance/,
https://www.google.com/maps/search/etablissement+wellness+Chonville-Malaumont%2BFrance/,
https://www.google.com/maps/search/etablissement+wellness+Chooz%2BFrance/,
https://www.google.com/maps/search/etablissement+wellness+Choqueuse-les-Bénards%2BFrance/,
https://www.google.com/maps/search/etablissement+wellness+Choranche%2BFrance/,
https://www.google.com/maps/search/etablissement+wellness+Chorey-les-Beaune%2BFrance/,
https://www.google.com/maps/search/etablissement+wellness+Chorges%2BFrance/,
https://www.google.com/maps/search/etablissement+wellness+Chouain%2BFrance/,
https://www.google.com/maps/search/etablissement+wellness+Chouday%2BFrance/,
https://www.google.com/maps/search/etablissement+wellness+Choue%2BFrance/,
https://www.google.com/maps/search/etablissement+wellness+Chougny%2BFrance/,
https://www.google.com/maps/search/etablissement+wellness+Chouilly%2BFrance/,traité (2026-08-22 20:30)
https://www.google.com/maps/search/etablissement+wellness+Chouppes%2BFrance/,traité (2026-08-22 20:30)
https://www.google.com/maps/search/etablissement+wellness+Chourgnac%2BFrance/,traité (2026-08-22 20:30)
https://www.google.com/maps/search/etablissement+wellness+Choussy%2BFrance/,traité (2026-08-22 20:30)
https://www.google.com/maps/search/etablissement+wellness+Chouvigny%2BFrance/,traité (2026-08-22 20:31)
https://www.google.com/maps/search/etablissement+wellness+Choux%2BFrance/,traité (2026-08-22 20:31)
https://www.google.com/maps/search/etablissement+wellness+Les Choux%2BFrance/,traité (2026-08-22 20:31)
https://www.google.com/maps/search/etablissement+wellness+Chouy%2BFrance/,traité (2026-08-22 20:32)
https://www.google.com/maps/search/etablissement+wellness+Chouzé-sur-Loire%2BFrance/,traité (2026-08-22 20:34)
https://www.google.com/maps/search/etablissement+wellness+Chouzelot%2BFrance/,traité (2026-08-22 20:34)
https://www.google.com/maps/search/etablissement+wellness+Choye%2BFrance/,traité (2026-08-22 20:34)
https://www.google.com/maps/search/etablissement+wellness+Chozeau%2BFrance/,traité (2026-08-22 20:34)
https://www.google.com/maps/search/etablissement+wellness+Chuelles%2BFrance/,traité (2026-08-22 20:34)
https://www.google.com/maps/search/etablissement+wellness+Chuffilly-Roche%2BFrance/,traité (2026-08-22 20:34)
https://www.google.com/maps/search/etablissement+wellness+Chuignes%2BFrance/,traité (2026-08-22 20:34)
https://www.google.com/maps/search/etablissement+wellness+Chuignolles%2BFrance/,traité (2026-08-22 20:35)
https://www.google.com/maps/search/etablissement+wellness+Chuisnes%2BFrance/,traité (2026-08-22 20:35)
https://www.google.com/maps/search/etablissement+wellness+Chusclan%2BFrance/,traité (2026-08-22 20:34)
https://www.google.com/maps/search/etablissement+wellness+Chuyer%2BFrance/,traité (2026-08-22 20:35)
https://www.google.com/maps/search/etablissement+wellness+Chuzelles%2BFrance/,traité (2026-08-22 20:35)
https://www.google.com/maps/search/etablissement+wellness+Ciadoux%2BFrance/,traité (2026-08-22 20:38)
https://www.google.com/maps/search/etablissement+wellness+Ciamannacce%2BFrance/,traité (2026-08-22 20:38)
https://www.google.com/maps/search/etablissement+wellness+Ciboure%2BFrance/,traité (2026-08-22 20:38)
https://www.google.com/maps/search/etablissement+wellness+Cideville%2BFrance/,traité (2026-08-22 20:38)
https://www.google.com/maps/search/etablissement+wellness+Ciel%2BFrance/,traité (2026-08-22 20:38)
https://www.google.com/maps/search/etablissement+wellness+Cier-de-Luchon%2BFrance/,traité (2026-08-22 20:38)
https://www.google.com/maps/search/etablissement+wellness+Cier-de-Rivière%2BFrance/,traité (2026-08-22 20:38)
https://www.google.com/maps/search/etablissement+wellness+Cierges%2BFrance/,traité (2026-08-22 20:38)
https://www.google.com/maps/search/etablissement+wellness+Cierges-sous-Montfaucon%2BFrance/,traité (2026-08-22 20:38)
https://www.google.com/maps/search/etablissement+wellness+Cierp-Gaud%2BFrance/,traité (2026-08-22 20:39)
https://www.google.com/maps/search/etablissement+wellness+Cierrey%2BFrance/,traité (2026-08-22 20:39)
https://www.google.com/maps/search/etablissement+wellness+Cierzac%2BFrance/,traité (2026-08-22 20:40)
https://www.google.com/maps/search/etablissement+wellness+Cieurac%2BFrance/,traité (2026-08-22 20:40)
https://www.google.com/maps/search/etablissement+wellness+Cieutat%2BFrance/,traité (2026-08-22 20:42)
https://www.google.com/maps/search/etablissement+wellness+Cieux%2BFrance/,traité (2026-08-22 20:42)
https://www.google.com/maps/search/etablissement+wellness+Ciez%2BFrance/,traité (2026-08-22 20:42)
https://www.google.com/maps/search/etablissement+wellness+Cigogné%2BFrance/,traité (2026-08-22 20:42)
https://www.google.com/maps/search/etablissement+wellness+Cilaos%2BFrance/,traité (2026-08-22 20:42)
https://www.google.com/maps/search/etablissement+wellness+Cilly%2BFrance/,traité (2026-08-22 20:42)
https://www.google.com/maps/search/etablissement+wellness+Cinais%2BFrance/,traité (2026-08-22 20:42)
https://www.google.com/maps/search/etablissement+wellness+Cindré%2BFrance/,traité (2026-08-22 20:42)
https://www.google.com/maps/search/etablissement+wellness+Cinq-Mars-la-Pile%2BFrance/,traité (2026-08-22 20:42)
https://www.google.com/maps/search/etablissement+wellness+Cinqueux%2BFrance/,traité (2026-08-22 20:43)
https://www.google.com/maps/search/etablissement+wellness+Cintegabelle%2BFrance/,traité (2026-08-22 20:43)
https://www.google.com/maps/search/etablissement+wellness+Cintheaux%2BFrance/,traité (2026-08-22 20:43)
https://www.google.com/maps/search/etablissement+wellness+Cintray%2BFrance/,traité (2026-08-22 20:45)
https://www.google.com/maps/search/etablissement+wellness+Cintré%2BFrance/,traité (2026-08-22 20:45)
https://www.google.com/maps/search/etablissement+wellness+Cintrey%2BFrance/,traité (2026-08-22 17:50)
https://www.google.com/maps/search/etablissement+wellness+La Ciotat%2BFrance/,traité (2026-08-22 17:50)
https://www.google.com/maps/search/etablissement+wellness+Cipières%2BFrance/,traité (2026-08-22 17:50)
https://www.google.com/maps/search/etablissement+wellness+Ciral%2BFrance/,traité (2026-08-22 17:51)
https://www.google.com/maps/search/etablissement+wellness+Ciran%2BFrance/,traité (2026-08-22 17:51)
https://www.google.com/maps/search/etablissement+wellness+Circourt%2BFrance/,échec (2026-08-22 17:52)
https://www.google.com/maps/search/etablissement+wellness+Circourt-sur-Mouzon%2BFrance/,traité (2026-08-22 17:52)
https://www.google.com/maps/search/etablissement+wellness+Ciré-d'Aunis%2BFrance/,traité (2026-08-22 17:52)
https://www.google.com/maps/search/etablissement+wellness+Cirès%2BFrance/,traité (2026-08-22 17:53)
https://www.google.com/maps/search/etablissement+wellness+Cires-lès-Mello%2BFrance/,traité (2026-08-22 17:53)
https://www.google.com/maps/search/etablissement+wellness+Cirey%2BFrance/,traité (2026-08-22 17:55)
https://www.google.com/maps/search/etablissement+wellness+Cirey-lès-Mareilles%2BFrance/,traité (2026-08-22 17:55)
https://www.google.com/maps/search/etablissement+wellness+Cirey-lès-Pontailler%2BFrance/,traité (2026-08-22 17:55)
https://www.google.com/maps/search/etablissement+wellness+Cirey-sur-Blaise%2BFrance/,traité (2026-08-22 17:55)
https://www.google.com/maps/search/etablissement+wellness+Cirey-sur-Vezouze%2BFrance/,traité (2026-08-22 17:55)
https://www.google.com/maps/search/etablissement+wellness+Cirfontaines-en-Azois%2BFrance/,traité (2026-08-22 17:55)
https://www.google.com/maps/search/etablissement+wellness+Cirfontaines-en-Ornois%2BFrance/,traité (2026-08-22 17:55)
https://www.google.com/maps/search/etablissement+wellness+Cirières%2BFrance/,traité (2026-08-22 17:56)
https://www.google.com/maps/search/etablissement+wellness+Ciron%2BFrance/,traité (2026-08-22 17:56)
https://www.google.com/maps/search/etablissement+wellness+Ciry-le-Noble%2BFrance/,traité (2026-08-22 17:56)
https://www.google.com/maps/search/etablissement+wellness+Ciry-Salsogne%2BFrance/,traité (2026-08-22 17:57)
https://www.google.com/maps/search/etablissement+wellness+Cisai-Saint-Aubin%2BFrance/,traité (2026-08-22 17:59)
https://www.google.com/maps/search/etablissement+wellness+Cisery%2BFrance/,traité (2026-08-22 17:59)
https://www.google.com/maps/search/etablissement+wellness+Cissac-Médoc%2BFrance/,traité (2026-08-22 17:59)
https://www.google.com/maps/search/etablissement+wellness+Cissé%2BFrance/,traité (2026-08-22 17:59)
https://www.google.com/maps/search/etablissement+wellness+Cisternes-la-Forêt%2BFrance/,traité (2026-08-22 17:59)
https://www.google.com/maps/search/etablissement+wellness+Cistrières%2BFrance/,traité (2026-08-22 17:59)
https://www.google.com/maps/search/etablissement+wellness+Citerne%2BFrance/,traité (2026-08-22 17:59)
https://www.google.com/maps/search/etablissement+wellness+Citers%2BFrance/,traité (2026-08-22 17:59)
https://www.google.com/maps/search/etablissement+wellness+Citey%2BFrance/,traité (2026-08-22 18:00)
https://www.google.com/maps/search/etablissement+wellness+Citou%2BFrance/,traité (2026-08-22 18:00)
https://www.google.com/maps/search/etablissement+wellness+Citry%2BFrance/,traité (2026-08-22 18:02)
https://www.google.com/maps/search/etablissement+wellness+Civaux%2BFrance/,traité (2026-08-22 18:02)
https://www.google.com/maps/search/etablissement+wellness+Civens%2BFrance/,traité (2026-08-22 18:02)
https://www.google.com/maps/search/etablissement+wellness+Civrac-de-Blaye%2BFrance/,traité (2026-08-22 18:02)
https://www.google.com/maps/search/etablissement+wellness+Civrac-en-Médoc%2BFrance/,traité (2026-08-22 18:02)
https://www.google.com/maps/search/etablissement+wellness+Civrac-sur-Dordogne%2BFrance/,traité (2026-08-22 18:03)
https://www.google.com/maps/search/etablissement+wellness+Civray%2BFrance/,traité (2026-08-22 18:03)
https://www.google.com/maps/search/etablissement+wellness+Civray%2BFrance/,traité (2026-08-22 18:03)
https://www.google.com/maps/search/etablissement+wellness+Civray-de-Touraine%2BFrance/,traité (2026-08-22 18:04)
https://www.google.com/maps/search/etablissement+wellness+Civray-sur-Esves%2BFrance/,traité (2026-08-22 18:06)
https://www.google.com/maps/search/etablissement+wellness+Civrieux%2BFrance/,traité (2026-08-22 18:06)
https://www.google.com/maps/search/etablissement+wellness+Civrieux-d'Azergues%2BFrance/,traité (2026-08-22 18:06)
https://www.google.com/maps/search/etablissement+wellness+Civry%2BFrance/,traité (2026-08-22 18:06)
https://www.google.com/maps/search/etablissement+wellness+Civry-en-Montagne%2BFrance/,traité (2026-08-22 18:06)
https://www.google.com/maps/search/etablissement+wellness+Civry-la-Forêt%2BFrance/,traité (2026-08-22 18:06)
https://www.google.com/maps/search/etablissement+wellness+Cizancourt%2BFrance/,échec (2026-08-22 18:06)
https://www.google.com/maps/search/etablissement+wellness+Cizay-la-Madeleine%2BFrance/,traité (2026-08-22 18:07)
https://www.google.com/maps/search/etablissement+wellness+Cize%2BFrance/,traité (2026-08-22 18:07)
https://www.google.com/maps/search/etablissement+wellness+Cize%2BFrance/,traité (2026-08-22 18:07)
https://www.google.com/maps/search/etablissement+wellness+Cizely%2BFrance/,traité (2026-08-22 18:07)
https://www.google.com/maps/search/etablissement+wellness+Cizos%2BFrance/,traité (2026-08-22 18:08)
https://www.google.com/maps/search/etablissement+wellness+Clacy-et-Thierret%2BFrance/,traité (2026-08-22 18:08)
https://www.google.com/maps/search/etablissement+wellness+Cladech%2BFrance/,traité (2026-08-22 18:10)
https://www.google.com/maps/search/etablissement+wellness+Claira%2BFrance/,traité (2026-08-22 18:10)
https://www.google.com/maps/search/etablissement+wellness+Clairac%2BFrance/,traité (2026-08-22 18:10)
https://www.google.com/maps/search/etablissement+wellness+Clairavaux%2BFrance/,traité (2026-08-22 18:10)
https://www.google.com/maps/search/etablissement+wellness+Clairefontaine-en-Yvelines%2BFrance/,traité (2026-08-22 18:10)
https://www.google.com/maps/search/etablissement+wellness+Clairegoutte%2BFrance/,traité (2026-08-22 18:10)
https://www.google.com/maps/search/etablissement+wellness+Clairfayts%2BFrance/,traité (2026-08-22 18:11)
https://www.google.com/maps/search/etablissement+wellness+Clairfontaine%2BFrance/,traité (2026-08-22 18:11)
https://www.google.com/maps/search/etablissement+wellness+Clairmarais%2BFrance/,traité (2026-08-22 18:11)
https://www.google.com/maps/search/etablissement+wellness+Clairoix%2BFrance/,traité (2026-08-22 18:12)
https://www.google.com/maps/search/etablissement+wellness+Clairvaux-d'Aveyron%2BFrance/,traité (2026-08-22 18:12)
https://www.google.com/maps/search/etablissement+wellness+Clairvaux-les-Lacs%2BFrance/,traité (2026-08-22 18:12)
https://www.google.com/maps/search/etablissement+wellness+Clairy-Saulchoix%2BFrance/,traité (2026-08-22 18:15)
https://www.google.com/maps/search/etablissement+wellness+Clais%2BFrance/,traité (2026-08-22 18:15)
https://www.google.com/maps/search/etablissement+wellness+Claix%2BFrance/,traité (2026-08-22 18:15)
https://www.google.com/maps/search/etablissement+wellness+Claix%2BFrance/,traité (2026-08-22 18:15)
https://www.google.com/maps/search/etablissement+wellness+Clam%2BFrance/,échec (2026-08-22 18:15)
https://www.google.com/maps/search/etablissement+wellness+Clamanges%2BFrance/,échec (2026-08-22 18:15)
https://www.google.com/maps/search/etablissement+wellness+Clamart%2BFrance/,traité (2026-08-22 18:15)
https://www.google.com/maps/search/etablissement+wellness+Clamecy%2BFrance/,traité (2026-08-22 18:15)
https://www.google.com/maps/search/etablissement+wellness+Clamecy%2BFrance/,traité (2026-08-22 18:15)
https://www.google.com/maps/search/etablissement+wellness+Clamensane%2BFrance/,traité (2026-08-22 18:15)
https://www.google.com/maps/search/etablissement+wellness+Clamerey%2BFrance/,traité (2026-08-22 18:16)
https://www.google.com/maps/search/etablissement+wellness+Clans%2BFrance/,traité (2026-08-22 18:16)
https://www.google.com/maps/search/etablissement+wellness+Clans%2BFrance/,traité (2026-08-22 18:16)
https://www.google.com/maps/search/etablissement+wellness+Clansayes%2BFrance/,traité (2026-08-22 18:19)
https://www.google.com/maps/search/etablissement+wellness+Le Claon%2BFrance/,traité (2026-08-22 18:19)
https://www.google.com/maps/search/etablissement+wellness+Le Clapier%2BFrance/,traité (2026-08-22 18:19)
https://www.google.com/maps/search/etablissement+wellness+Clapiers%2BFrance/,traité (2026-08-22 18:19)
https://www.google.com/maps/search/etablissement+wellness+Clara-Villerach%2BFrance/,traité (2026-08-22 18:19)
https://www.google.com/maps/search/etablissement+wellness+Clarac%2BFrance/,traité (2026-08-22 18:19)
https://www.google.com/maps/search/etablissement+wellness+Clarac%2BFrance/,traité (2026-08-22 18:19)
https://www.google.com/maps/search/etablissement+wellness+Claracq%2BFrance/,traité (2026-08-22 18:19)
https://www.google.com/maps/search/etablissement+wellness+Clarafond-Arcine%2BFrance/,traité (2026-08-22 18:19)
https://www.google.com/maps/search/etablissement+wellness+Clarbec%2BFrance/,traité (2026-08-22 18:19)
https://www.google.com/maps/search/etablissement+wellness+Clarens%2BFrance/,traité (2026-08-22 18:19)
https://www.google.com/maps/search/etablissement+wellness+Clarensac%2BFrance/,traité (2026-08-22 18:20)
https://www.google.com/maps/search/etablissement+wellness+Claret%2BFrance/,traité (2026-08-22 18:22)
https://www.google.com/maps/search/etablissement+wellness+Claret%2BFrance/,traité (2026-08-22 18:22)
https://www.google.com/maps/search/etablissement+wellness+Clary%2BFrance/,traité (2026-08-22 18:22)
https://www.google.com/maps/search/etablissement+wellness+Classun%2BFrance/,traité (2026-08-22 18:22)
https://www.google.com/maps/search/etablissement+wellness+Clastres%2BFrance/,traité (2026-08-22 18:22)
https://www.google.com/maps/search/etablissement+wellness+Clasville%2BFrance/,traité (2026-08-22 18:22)
https://www.google.com/maps/search/etablissement+wellness+Le Clat%2BFrance/,traité (2026-08-22 18:22)
https://www.google.com/maps/search/etablissement+wellness+Claudon%2BFrance/,traité (2026-08-22 18:22)
https://www.google.com/maps/search/etablissement+wellness+Le Claux%2BFrance/,traité (2026-08-22 18:22)
https://www.google.com/maps/search/etablissement+wellness+Clavans-en-Haut-Oisans%2BFrance/,traité (2026-08-22 18:23)
https://www.google.com/maps/search/etablissement+wellness+Clavé%2BFrance/,traité (2026-08-22 18:23)
https://www.google.com/maps/search/etablissement+wellness+Claveisolles%2BFrance/,traité (2026-08-22 18:23)
https://www.google.com/maps/search/etablissement+wellness+Clavette%2BFrance/,traité (2026-08-22 18:24)
https://www.google.com/maps/search/etablissement+wellness+Claveyson%2BFrance/,traité (2026-08-22 18:26)
https://www.google.com/maps/search/etablissement+wellness+Clavières%2BFrance/,traité (2026-08-22 18:26)
https://www.google.com/maps/search/etablissement+wellness+Claviers%2BFrance/,traité (2026-08-22 18:26)
https://www.google.com/maps/search/etablissement+wellness+Claville%2BFrance/,traité (2026-08-22 18:26)
https://www.google.com/maps/search/etablissement+wellness+Claville-Motteville%2BFrance/,traité (2026-08-22 18:26)
https://www.google.com/maps/search/etablissement+wellness+Clavy-Warby%2BFrance/,traité (2026-08-22 18:26)
https://www.google.com/maps/search/etablissement+wellness+Claye-Souilly%2BFrance/,traité (2026-08-22 18:26)
https://www.google.com/maps/search/etablissement+wellness+Clayes%2BFrance/,traité (2026-08-22 18:26)
https://www.google.com/maps/search/etablissement+wellness+Les Clayes-sous-Bois%2BFrance/,traité (2026-08-22 18:27)
https://www.google.com/maps/search/etablissement+wellness+La Clayette%2BFrance/,traité (2026-08-22 18:27)
https://www.google.com/maps/search/etablissement+wellness+Clayeures%2BFrance/,traité (2026-08-22 18:27)
https://www.google.com/maps/search/etablissement+wellness+Clécy%2BFrance/,traité (2026-08-22 18:28)
https://www.google.com/maps/search/etablissement+wellness+Cléden-Cap-Sizun%2BFrance/,traité (2026-08-22 18:28)
https://www.google.com/maps/search/etablissement+wellness+Cléden-Poher%2BFrance/,traité (2026-08-22 18:30)
https://www.google.com/maps/search/etablissement+wellness+Cléder%2BFrance/,traité (2026-08-22 18:30)
https://www.google.com/maps/search/etablissement+wellness+Clèdes%2BFrance/,traité (2026-08-22 18:30)
https://www.google.com/maps/search/etablissement+wellness+Cleebourg%2BFrance/,traité (2026-08-22 18:30)
https://www.google.com/maps/search/etablissement+wellness+Clef Vallée d'Eure%2BFrance/,traité (2026-08-22 18:30)
https://www.google.com/maps/search/etablissement+wellness+Clefmont%2BFrance/,traité (2026-08-22 18:30)
https://www.google.com/maps/search/etablissement+wellness+Les Clefs%2BFrance/,traité (2026-08-22 18:30)
https://www.google.com/maps/search/etablissement+wellness+Cléguer%2BFrance/,traité (2026-08-22 18:31)
https://www.google.com/maps/search/etablissement+wellness+Cléguérec%2BFrance/,traité (2026-08-22 18:31)
https://www.google.com/maps/search/etablissement+wellness+Clelles%2BFrance/,traité (2026-08-22 18:31)
https://www.google.com/maps/search/etablissement+wellness+Clémencey%2BFrance/,traité (2026-08-22 18:32)
https://www.google.com/maps/search/etablissement+wellness+Clémensat%2BFrance/,traité (2026-08-22 18:32)
https://www.google.com/maps/search/etablissement+wellness+Clémery%2BFrance/,traité (2026-08-22 18:34)
https://www.google.com/maps/search/etablissement+wellness+Clémont%2BFrance/,traité (2026-08-22 18:34)
https://www.google.com/maps/search/etablissement+wellness+Clénay%2BFrance/,traité (2026-08-22 18:34)
https://www.google.com/maps/search/etablissement+wellness+Clenleu%2BFrance/,traité (2026-08-22 18:34)
https://www.google.com/maps/search/etablissement+wellness+Cléon%2BFrance/,traité (2026-08-22 18:34)
https://www.google.com/maps/search/etablissement+wellness+Cléon-d'Andran%2BFrance/,traité (2026-08-22 18:34)
https://www.google.com/maps/search/etablissement+wellness+Cleppé%2BFrance/,traité (2026-08-22 18:34)
https://www.google.com/maps/search/etablissement+wellness+Clérac%2BFrance/,traité (2026-08-22 18:34)
https://www.google.com/maps/search/etablissement+wellness+Cléré-du-Bois%2BFrance/,traité (2026-08-22 18:34)
https://www.google.com/maps/search/etablissement+wellness+Cléré-les-Pins%2BFrance/,traité (2026-08-22 18:35)
https://www.google.com/maps/search/etablissement+wellness+Cléré-sur-Layon%2BFrance/,traité (2026-08-22 18:35)
https://www.google.com/maps/search/etablissement+wellness+Clères%2BFrance/,traité (2026-08-22 18:35)
https://www.google.com/maps/search/etablissement+wellness+Clérey%2BFrance/,traité (2026-08-22 18:37)
https://www.google.com/maps/search/etablissement+wellness+Clérey-la-Côte%2BFrance/,traité (2026-08-22 18:37)
https://www.google.com/maps/search/etablissement+wellness+Clérey-sur-Brenon%2BFrance/,traité (2026-08-22 18:37)
https://www.google.com/maps/search/etablissement+wellness+Clergoux%2BFrance/,traité (2026-08-22 18:37)
https://www.google.com/maps/search/etablissement+wellness+Clérieux%2BFrance/,traité (2026-08-22 18:37)
https://www.google.com/maps/search/etablissement+wellness+Les Clérimois%2BFrance/,traité (2026-08-22 18:38)
https://www.google.com/maps/search/etablissement+wellness+Le Clerjus%2BFrance/,traité (2026-08-22 18:38)
https://www.google.com/maps/search/etablissement+wellness+Clerlande%2BFrance/,traité (2026-08-22 18:38)
https://www.google.com/maps/search/etablissement+wellness+Clermain%2BFrance/,traité (2026-08-22 18:38)
https://www.google.com/maps/search/etablissement+wellness+Clermont%2BFrance/,traité (2026-08-22 18:40)
https://www.google.com/maps/search/etablissement+wellness+Clermont%2BFrance/,traité (2026-08-22 18:40)
https://www.google.com/maps/search/etablissement+wellness+Clermont%2BFrance/,traité (2026-08-22 18:40)
https://www.google.com/maps/search/etablissement+wellness+Clermont%2BFrance/,traité (2026-08-22 18:40)
https://www.google.com/maps/search/etablissement+wellness+Clermont-Créans%2BFrance/,traité (2026-08-22 18:42)
https://www.google.com/maps/search/etablissement+wellness+Clermont-d'Excideuil%2BFrance/,traité (2026-08-22 18:42)
https://www.google.com/maps/search/etablissement+wellness+Clermont-de-Beauregard%2BFrance/,traité (2026-08-22 18:42)
https://www.google.com/maps/search/etablissement+wellness+Clermont-Dessous%2BFrance/,traité (2026-08-22 18:42)
https://www.google.com/maps/search/etablissement+wellness+Clermont-en-Argonne%2BFrance/,traité (2026-08-22 18:42)
https://www.google.com/maps/search/etablissement+wellness+Clermont-Ferrand%2BFrance/,traité (2026-08-22 18:42)
https://www.google.com/maps/search/etablissement+wellness+Clermont-l'Hérault%2BFrance/,traité (2026-08-22 18:42)
https://www.google.com/maps/search/etablissement+wellness+Clermont-le-Fort%2BFrance/,traité (2026-08-22 18:42)
https://www.google.com/maps/search/etablissement+wellness+Clermont-les-Fermes%2BFrance/,traité (2026-08-22 18:42)
https://www.google.com/maps/search/etablissement+wellness+Clermont-Pouyguillès%2BFrance/,traité (2026-08-22 18:43)
https://www.google.com/maps/search/etablissement+wellness+Clermont-Savès%2BFrance/,traité (2026-08-22 18:43)
https://www.google.com/maps/search/etablissement+wellness+Clermont-Soubiran%2BFrance/,traité (2026-08-22 18:43)
https://www.google.com/maps/search/etablissement+wellness+Clermont-sur-Lauquet%2BFrance/,traité (2026-08-22 18:45)
https://www.google.com/maps/search/etablissement+wellness+Cléron%2BFrance/,traité (2026-08-22 18:45)
https://www.google.com/maps/search/etablissement+wellness+Clerques%2BFrance/,traité (2026-08-22 18:45)
https://www.google.com/maps/search/etablissement+wellness+Cléry%2BFrance/,traité (2026-08-22 18:45)
https://www.google.com/maps/search/etablissement+wellness+Cléry%2BFrance/,traité (2026-08-22 18:45)
https://www.google.com/maps/search/etablissement+wellness+Cléry-en-Vexin%2BFrance/,traité (2026-08-22 18:45)
https://www.google.com/maps/search/etablissement+wellness+Cléry-le-Grand%2BFrance/,traité (2026-08-22 18:46)
https://www.google.com/maps/search/etablissement+wellness+Cléry-le-Petit%2BFrance/,traité (2026-08-22 18:46)
https://www.google.com/maps/search/etablissement+wellness+Cléry-Saint-André%2BFrance/,traité (2026-08-22 18:46)
https://www.google.com/maps/search/etablissement+wellness+Cléry-sur-Somme%2BFrance/,traité (2026-08-22 18:47)
https://www.google.com/maps/search/etablissement+wellness+Clesles%2BFrance/,traité (2026-08-22 18:47)
https://www.google.com/maps/search/etablissement+wellness+Clessé%2BFrance/,traité (2026-08-22 18:49)
https://www.google.com/maps/search/etablissement+wellness+Clessé%2BFrance/,traité (2026-08-22 18:49)
https://www.google.com/maps/search/etablissement+wellness+Clessy%2BFrance/,traité (2026-08-22 18:49)
https://www.google.com/maps/search/etablissement+wellness+Cléty%2BFrance/,traité (2026-08-22 18:49)
https://www.google.com/maps/search/etablissement+wellness+Cleurie%2BFrance/,traité (2026-08-22 18:49)
https://www.google.com/maps/search/etablissement+wellness+Cleuville%2BFrance/,traité (2026-08-22 18:49)
https://www.google.com/maps/search/etablissement+wellness+Cléville%2BFrance/,traité (2026-08-22 18:49)
https://www.google.com/maps/search/etablissement+wellness+Cléville%2BFrance/,traité (2026-08-22 18:49)
https://www.google.com/maps/search/etablissement+wellness+Clévilliers%2BFrance/,traité (2026-08-22 18:49)
https://www.google.com/maps/search/etablissement+wellness+Cleyrac%2BFrance/,traité (2026-08-22 18:50)
https://www.google.com/maps/search/etablissement+wellness+Cleyzieu%2BFrance/,traité (2026-08-22 18:50)
https://www.google.com/maps/search/etablissement+wellness+Clézentaine%2BFrance/,traité (2026-08-22 18:50)
https://www.google.com/maps/search/etablissement+wellness+Clichy%2BFrance/,traité (2026-08-22 18:50)
https://www.google.com/maps/search/etablissement+wellness+Clichy-sous-Bois%2BFrance/,traité (2026-08-22 18:51)
https://www.google.com/maps/search/etablissement+wellness+Climbach%2BFrance/,traité (2026-08-22 18:53)
https://www.google.com/maps/search/etablissement+wellness+Clinchamp%2BFrance/,traité (2026-08-22 18:53)
https://www.google.com/maps/search/etablissement+wellness+Clinchamps-sur-Orne%2BFrance/,traité (2026-08-22 18:53)
https://www.google.com/maps/search/etablissement+wellness+Clion%2BFrance/,traité (2026-08-22 18:53)
https://www.google.com/maps/search/etablissement+wellness+Clion%2BFrance/,traité (2026-08-22 18:53)
https://www.google.com/maps/search/etablissement+wellness+Cliousclat%2BFrance/,traité (2026-08-22 18:53)
https://www.google.com/maps/search/etablissement+wellness+Cliponville%2BFrance/,traité (2026-08-22 18:53)
https://www.google.com/maps/search/etablissement+wellness+Cliron%2BFrance/,traité (2026-08-22 18:53)
https://www.google.com/maps/search/etablissement+wellness+La Clisse%2BFrance/,traité (2026-08-22 18:53)
https://www.google.com/maps/search/etablissement+wellness+Clisson%2BFrance/,traité (2026-08-22 18:53)
https://www.google.com/maps/search/etablissement+wellness+Clitourps%2BFrance/,traité (2026-08-22 18:54)
https://www.google.com/maps/search/etablissement+wellness+Clohars-Carnoët%2BFrance/,traité (2026-08-22 18:54)
https://www.google.com/maps/search/etablissement+wellness+Clohars-Fouesnant%2BFrance/,traité (2026-08-22 18:54)
https://www.google.com/maps/search/etablissement+wellness+Le Cloître-Pleyben%2BFrance/,traité (2026-08-22 18:56)
https://www.google.com/maps/search/etablissement+wellness+Le Cloître-Saint-Thégonnec%2BFrance/,traité (2026-08-22 18:56)
https://www.google.com/maps/search/etablissement+wellness+Clomot%2BFrance/,traité (2026-08-22 18:56)
https://www.google.com/maps/search/etablissement+wellness+Clonas-sur-Varèze%2BFrance/,traité (2026-08-22 18:56)
https://www.google.com/maps/search/etablissement+wellness+Clos-Fontaine%2BFrance/,traité (2026-08-22 18:56)
https://www.google.com/maps/search/etablissement+wellness+La Clotte%2BFrance/,traité (2026-08-22 18:56)
https://www.google.com/maps/search/etablissement+wellness+Clouange%2BFrance/,traité (2026-08-22 18:56)
https://www.google.com/maps/search/etablissement+wellness+Cloué%2BFrance/,traité (2026-08-22 18:56)
https://www.google.com/maps/search/etablissement+wellness+Cloyes-les-Trois-Rivières%2BFrance/,traité (2026-08-22 18:57)
https://www.google.com/maps/search/etablissement+wellness+Cloyes-sur-Marne%2BFrance/,traité (2026-08-22 18:57)
https://www.google.com/maps/search/etablissement+wellness+Clucy%2BFrance/,traité (2026-08-22 18:58)
https://www.google.com/maps/search/etablissement+wellness+Clugnat%2BFrance/,traité (2026-08-22 18:58)
https://www.google.com/maps/search/etablissement+wellness+Cluis%2BFrance/,traité (2026-08-22 18:58)
https://www.google.com/maps/search/etablissement+wellness+Clumanc%2BFrance/,traité (2026-08-22 19:00)
https://www.google.com/maps/search/etablissement+wellness+Cluny%2BFrance/,traité (2026-08-22 19:00)
https://www.google.com/maps/search/etablissement+wellness+La Clusaz%2BFrance/,traité (2026-08-22 19:00)
https://www.google.com/maps/search/etablissement+wellness+La Cluse-et-Mijoux%2BFrance/,traité (2026-08-22 19:00)
https://www.google.com/maps/search/etablissement+wellness+Les Cluses%2BFrance/,traité (2026-08-22 19:00)
https://www.google.com/maps/search/etablissement+wellness+Cluses%2BFrance/,traité (2026-08-22 19:00)
https://www.google.com/maps/search/etablissement+wellness+Clussais-la-Pommeraie%2BFrance/,traité (2026-08-22 19:00)
https://www.google.com/maps/search/etablissement+wellness+Clux-Villeneuve%2BFrance/,traité (2026-08-22 19:00)
https://www.google.com/maps/search/etablissement+wellness+Coadout%2BFrance/,traité (2026-08-22 19:01)
https://www.google.com/maps/search/etablissement+wellness+Coaraze%2BFrance/,traité (2026-08-22 19:01)
https://www.google.com/maps/search/etablissement+wellness+Coarraze%2BFrance/,traité (2026-08-22 19:01)
https://www.google.com/maps/search/etablissement+wellness+Coat-Méal%2BFrance/,traité (2026-08-22 19:02)
https://www.google.com/maps/search/etablissement+wellness+Coatascorn%2BFrance/,traité (2026-08-22 19:04)
https://www.google.com/maps/search/etablissement+wellness+Coatréven%2BFrance/,traité (2026-08-22 19:04)
https://www.google.com/maps/search/etablissement+wellness+Cobonne%2BFrance/,traité (2026-08-22 19:04)
https://www.google.com/maps/search/etablissement+wellness+Cobrieux%2BFrance/,traité (2026-08-22 19:04)
https://www.google.com/maps/search/etablissement+wellness+La Cochère%2BFrance/,traité (2026-08-22 19:04)
https://www.google.com/maps/search/etablissement+wellness+Cocherel%2BFrance/,traité (2026-08-22 19:04)
https://www.google.com/maps/search/etablissement+wellness+Cocheren%2BFrance/,traité (2026-08-22 19:04)
https://www.google.com/maps/search/etablissement+wellness+Coclois%2BFrance/,traité (2026-08-22 19:04)
https://www.google.com/maps/search/etablissement+wellness+Cocquerel%2BFrance/,traité (2026-08-22 19:05)
https://www.google.com/maps/search/etablissement+wellness+Cocumont%2BFrance/,traité (2026-08-22 19:05)
https://www.google.com/maps/search/etablissement+wellness+Codalet%2BFrance/,traité (2026-08-22 19:05)
https://www.google.com/maps/search/etablissement+wellness+Codognan%2BFrance/,traité (2026-08-22 19:05)
https://www.google.com/maps/search/etablissement+wellness+Codolet%2BFrance/,traité (2026-08-22 19:08)
https://www.google.com/maps/search/etablissement+wellness+Coësmes%2BFrance/,traité (2026-08-22 19:08)
https://www.google.com/maps/search/etablissement+wellness+Coëtlogon%2BFrance/,traité (2026-08-22 19:08)
https://www.google.com/maps/search/etablissement+wellness+Coëtmieux%2BFrance/,traité (2026-08-22 19:08)
https://www.google.com/maps/search/etablissement+wellness+Cœur de Causse%2BFrance/,traité (2026-08-22 19:08)
https://www.google.com/maps/search/etablissement+wellness+Cœuvres-et-Valsery%2BFrance/,traité (2026-08-22 19:08)
https://www.google.com/maps/search/etablissement+wellness+Coëx%2BFrance/,traité (2026-08-22 19:08)
https://www.google.com/maps/search/etablissement+wellness+Coggia%2BFrance/,traité (2026-08-22 19:08)
https://www.google.com/maps/search/etablissement+wellness+Coglès%2BFrance/,traité (2026-08-22 19:08)
https://www.google.com/maps/search/etablissement+wellness+Cogna%2BFrance/,traité (2026-08-22 19:08)
https://www.google.com/maps/search/etablissement+wellness+Cognac%2BFrance/,traité (2026-08-22 19:08)
https://www.google.com/maps/search/etablissement+wellness+Cognac-la-Forêt%2BFrance/,traité (2026-08-22 19:08)
https://www.google.com/maps/search/etablissement+wellness+Cognat-Lyonne%2BFrance/,traité (2026-08-22 19:11)
https://www.google.com/maps/search/etablissement+wellness+Cogners%2BFrance/,traité (2026-08-22 19:11)
https://www.google.com/maps/search/etablissement+wellness+Cognet%2BFrance/,traité (2026-08-22 19:11)
https://www.google.com/maps/search/etablissement+wellness+Cognières%2BFrance/,traité (2026-08-22 19:11)
https://www.google.com/maps/search/etablissement+wellness+Cognin%2BFrance/,traité (2026-08-22 19:11)
https://www.google.com/maps/search/etablissement+wellness+Cognin-les-Gorges%2BFrance/,traité (2026-08-22 19:11)
https://www.google.com/maps/search/etablissement+wellness+Cognocoli-Monticchi%2BFrance/,traité (2026-08-22 19:11)
https://www.google.com/maps/search/etablissement+wellness+Cogny%2BFrance/,traité (2026-08-22 16:20)
https://www.google.com/maps/search/etablissement+wellness+Cogny%2BFrance/,traité (2026-08-22 16:20)
https://www.google.com/maps/search/etablissement+wellness+Cogolin%2BFrance/,traité (2026-08-22 16:20)
https://www.google.com/maps/search/etablissement+wellness+Cohade%2BFrance/,traité (2026-08-22 16:20)
https://www.google.com/maps/search/etablissement+wellness+Cohennoz%2BFrance/,traité (2026-08-22 16:21)
https://www.google.com/maps/search/etablissement+wellness+Cohiniac%2BFrance/,traité (2026-08-22 16:21)
https://www.google.com/maps/search/etablissement+wellness+Cohons%2BFrance/,traité (2026-08-22 16:21)
https://www.google.com/maps/search/etablissement+wellness+Coiffy-le-Bas%2BFrance/,traité (2026-08-22 16:22)
https://www.google.com/maps/search/etablissement+wellness+Coiffy-le-Haut%2BFrance/,traité (2026-08-22 16:22)
https://www.google.com/maps/search/etablissement+wellness+Coigneux%2BFrance/,traité (2026-08-22 16:23)
https://www.google.com/maps/search/etablissement+wellness+Coignières%2BFrance/,traité (2026-08-22 16:23)
https://www.google.com/maps/search/etablissement+wellness+Coimères%2BFrance/,traité (2026-08-22 16:23)
https://www.google.com/maps/search/etablissement+wellness+Coin-lès-Cuvry%2BFrance/,traité (2026-08-22 16:25)
https://www.google.com/maps/search/etablissement+wellness+Coin-sur-Seille%2BFrance/,traité (2026-08-22 16:25)
https://www.google.com/maps/search/etablissement+wellness+Coinces%2BFrance/,traité (2026-08-22 16:25)
https://www.google.com/maps/search/etablissement+wellness+Coinches%2BFrance/,traité (2026-08-22 16:25)
https://www.google.com/maps/search/etablissement+wellness+Coincourt%2BFrance/,traité (2026-08-22 16:25)
https://www.google.com/maps/search/etablissement+wellness+Coincy%2BFrance/,traité (2026-08-22 16:26)
https://www.google.com/maps/search/etablissement+wellness+Coincy%2BFrance/,traité (2026-08-22 16:26)
https://www.google.com/maps/search/etablissement+wellness+Coings%2BFrance/,traité (2026-08-22 16:26)
https://www.google.com/maps/search/etablissement+wellness+Coingt%2BFrance/,traité (2026-08-22 16:26)
https://www.google.com/maps/search/etablissement+wellness+Coirac%2BFrance/,traité (2026-08-22 16:26)
https://www.google.com/maps/search/etablissement+wellness+Coise%2BFrance/,traité (2026-08-22 16:28)
https://www.google.com/maps/search/etablissement+wellness+Coise-Saint-Jean-Pied-Gauthier%2BFrance/,traité (2026-08-22 16:28)
https://www.google.com/maps/search/etablissement+wellness+Coiserette%2BFrance/,traité (2026-08-22 16:28)
https://www.google.com/maps/search/etablissement+wellness+Coisevaux%2BFrance/,traité (2026-08-22 16:28)
https://www.google.com/maps/search/etablissement+wellness+Coisia%2BFrance/,traité (2026-08-22 16:28)
https://www.google.com/maps/search/etablissement+wellness+Coisy%2BFrance/,traité (2026-08-22 16:29)
https://www.google.com/maps/search/etablissement+wellness+Coivert%2BFrance/,traité (2026-08-22 16:29)
https://www.google.com/maps/search/etablissement+wellness+Coivrel%2BFrance/,traité (2026-08-22 16:30)
https://www.google.com/maps/search/etablissement+wellness+Coizard-Joches%2BFrance/,échec (2026-08-22 16:30)
https://www.google.com/maps/search/etablissement+wellness+Colayrac-Saint-Cirq%2BFrance/,traité (2026-08-22 16:30)
https://www.google.com/maps/search/etablissement+wellness+Colembert%2BFrance/,traité (2026-08-22 16:32)
https://www.google.com/maps/search/etablissement+wellness+Coligny%2BFrance/,traité (2026-08-22 16:32)
https://www.google.com/maps/search/etablissement+wellness+Colincamps%2BFrance/,traité (2026-08-22 16:32)
https://www.google.com/maps/search/etablissement+wellness+Collan%2BFrance/,traité (2026-08-22 16:32)
https://www.google.com/maps/search/etablissement+wellness+La Collancelle%2BFrance/,traité (2026-08-22 16:33)
https://www.google.com/maps/search/etablissement+wellness+Collandres%2BFrance/,traité (2026-08-22 16:33)
https://www.google.com/maps/search/etablissement+wellness+Collandres-Quincarnon%2BFrance/,traité (2026-08-22 16:34)
https://www.google.com/maps/search/etablissement+wellness+Collanges%2BFrance/,traité (2026-08-22 16:34)
https://www.google.com/maps/search/etablissement+wellness+Collat%2BFrance/,traité (2026-08-22 16:34)
https://www.google.com/maps/search/etablissement+wellness+La Colle-sur-Loup%2BFrance/,traité (2026-08-22 16:34)
https://www.google.com/maps/search/etablissement+wellness+Collégien%2BFrance/,traité (2026-08-22 16:36)
https://www.google.com/maps/search/etablissement+wellness+Collemiers%2BFrance/,traité (2026-08-22 16:36)
https://www.google.com/maps/search/etablissement+wellness+Colleret%2BFrance/,traité (2026-08-22 16:36)
https://www.google.com/maps/search/etablissement+wellness+Le Collet-de-Dèze%2BFrance/,traité (2026-08-22 16:36)
https://www.google.com/maps/search/etablissement+wellness+Colletot%2BFrance/,traité (2026-08-22 16:37)
https://www.google.com/maps/search/etablissement+wellness+Colleville%2BFrance/,traité (2026-08-22 16:37)
https://www.google.com/maps/search/etablissement+wellness+Colleville-Montgomery%2BFrance/,traité (2026-08-22 16:37)
https://www.google.com/maps/search/etablissement+wellness+Colleville-sur-Mer%2BFrance/,traité (2026-08-22 16:37)
https://www.google.com/maps/search/etablissement+wellness+Collias%2BFrance/,traité (2026-08-22 16:38)
https://www.google.com/maps/search/etablissement+wellness+Colligis-Crandelain%2BFrance/,traité (2026-08-22 16:38)
https://www.google.com/maps/search/etablissement+wellness+Colligny-Maizery%2BFrance/,traité (2026-08-22 16:40)
https://www.google.com/maps/search/etablissement+wellness+Colline-Beaumont%2BFrance/,traité (2026-08-22 16:40)
https://www.google.com/maps/search/etablissement+wellness+Collioure%2BFrance/,traité (2026-08-22 16:40)
https://www.google.com/maps/search/etablissement+wellness+Collobrières%2BFrance/,traité (2026-08-22 16:40)
https://www.google.com/maps/search/etablissement+wellness+Collonge-en-Charollais%2BFrance/,traité (2026-08-22 16:40)
https://www.google.com/maps/search/etablissement+wellness+Collonge-la-Madeleine%2BFrance/,traité (2026-08-22 16:40)
https://www.google.com/maps/search/etablissement+wellness+Collonges%2BFrance/,traité (2026-08-22 16:40)
https://www.google.com/maps/search/etablissement+wellness+Collonges-au-Mont-d'Or%2BFrance/,traité (2026-08-22 16:41)
https://www.google.com/maps/search/etablissement+wellness+Collonges-la-Rouge%2BFrance/,traité (2026-08-22 16:41)
https://www.google.com/maps/search/etablissement+wellness+Collonges-lès-Bévy%2BFrance/,traité (2026-08-22 16:44)
https://www.google.com/maps/search/etablissement+wellness+Collonges-lès-Premières%2BFrance/,traité (2026-08-22 16:44)
https://www.google.com/maps/search/etablissement+wellness+Collonges-sous-Salève%2BFrance/,traité (2026-08-22 16:44)
https://www.google.com/maps/search/etablissement+wellness+Collongues%2BFrance/,traité (2026-08-22 16:44)
https://www.google.com/maps/search/etablissement+wellness+Collongues%2BFrance/,traité (2026-08-22 16:44)
https://www.google.com/maps/search/etablissement+wellness+Collorec%2BFrance/,traité (2026-08-22 16:44)
https://www.google.com/maps/search/etablissement+wellness+Collorgues%2BFrance/,traité (2026-08-22 16:45)
https://www.google.com/maps/search/etablissement+wellness+Colmar%2BFrance/,traité (2026-08-22 16:45)
https://www.google.com/maps/search/etablissement+wellness+Colmars%2BFrance/,traité (2026-08-22 16:45)
https://www.google.com/maps/search/etablissement+wellness+Colmen%2BFrance/,traité (2026-08-22 16:45)
https://www.google.com/maps/search/etablissement+wellness+Colméry%2BFrance/,traité (2026-08-22 16:48)
https://www.google.com/maps/search/etablissement+wellness+Colmesnil-Manneville%2BFrance/,traité (2026-08-22 16:48)
https://www.google.com/maps/search/etablissement+wellness+Colmey%2BFrance/,traité (2026-08-22 16:48)
https://www.google.com/maps/search/etablissement+wellness+Colmier-le-Bas%2BFrance/,traité (2026-08-22 16:48)
https://www.google.com/maps/search/etablissement+wellness+Colmier-le-Haut%2BFrance/,traité (2026-08-22 16:48)
https://www.google.com/maps/search/etablissement+wellness+Colognac%2BFrance/,traité (2026-08-22 16:48)
https://www.google.com/maps/search/etablissement+wellness+Cologne%2BFrance/,échec (2026-08-22 16:48)
https://www.google.com/maps/search/etablissement+wellness+Colomars%2BFrance/,traité (2026-08-22 16:49)
https://www.google.com/maps/search/etablissement+wellness+Colombe%2BFrance/,traité (2026-08-22 16:49)
https://www.google.com/maps/search/etablissement+wellness+La Colombe%2BFrance/,traité (2026-08-22 16:50)
https://www.google.com/maps/search/etablissement+wellness+Colombé-la-Fosse%2BFrance/,traité (2026-08-22 16:52)
https://www.google.com/maps/search/etablissement+wellness+Colombé-le-Sec%2BFrance/,traité (2026-08-22 16:52)
https://www.google.com/maps/search/etablissement+wellness+Colombe-lès-Vesoul%2BFrance/,traité (2026-08-22 16:52)
https://www.google.com/maps/search/etablissement+wellness+Colombelles%2BFrance/,traité (2026-08-22 16:52)
https://www.google.com/maps/search/etablissement+wellness+Colombes%2BFrance/,traité (2026-08-22 16:52)
https://www.google.com/maps/search/etablissement+wellness+Colombey les Deux Églises%2BFrance/,échec (2026-08-22 16:52)
https://www.google.com/maps/search/etablissement+wellness+Colombey-les-Belles%2BFrance/,échec (2026-08-22 16:52)
https://www.google.com/maps/search/etablissement+wellness+Colombier%2BFrance/,traité (2026-08-22 16:56)
https://www.google.com/maps/search/etablissement+wellness+Colombier%2BFrance/,traité (2026-08-22 16:56)
https://www.google.com/maps/search/etablissement+wellness+Colombier%2BFrance/,traité (2026-08-22 16:56)
https://www.google.com/maps/search/etablissement+wellness+Colombier%2BFrance/,traité (2026-08-22 16:56)
https://www.google.com/maps/search/etablissement+wellness+Colombier%2BFrance/,traité (2026-08-22 16:56)
https://www.google.com/maps/search/etablissement+wellness+Colombier-en-Brionnais%2BFrance/,traité (2026-08-22 16:56)
https://www.google.com/maps/search/etablissement+wellness+Colombier-Fontaine%2BFrance/,traité (2026-08-22 16:56)
https://www.google.com/maps/search/etablissement+wellness+Colombier-le-Cardinal%2BFrance/,traité (2026-08-22 16:56)
https://www.google.com/maps/search/etablissement+wellness+Colombier-le-Jeune%2BFrance/,traité (2026-08-22 16:56)
https://www.google.com/maps/search/etablissement+wellness+Colombier-le-Vieux%2BFrance/,traité (2026-08-22 16:56)
https://www.google.com/maps/search/etablissement+wellness+Colombier-Saugnieu%2BFrance/,traité (2026-08-22 16:57)
https://www.google.com/maps/search/etablissement+wellness+Colombières%2BFrance/,traité (2026-08-22 16:57)
https://www.google.com/maps/search/etablissement+wellness+Colombières-sur-Orb%2BFrance/,traité (2026-08-22 16:57)
https://www.google.com/maps/search/etablissement+wellness+Colombiers%2BFrance/,traité (2026-08-22 16:59)
https://www.google.com/maps/search/etablissement+wellness+Colombiers%2BFrance/,traité (2026-08-22 16:59)
https://www.google.com/maps/search/etablissement+wellness+Colombiers%2BFrance/,traité (2026-08-22 16:59)
https://www.google.com/maps/search/etablissement+wellness+Colombiers%2BFrance/,traité (2026-08-22 16:59)
https://www.google.com/maps/search/etablissement+wellness+Colombiers%2BFrance/,traité (2026-08-22 16:59)
https://www.google.com/maps/search/etablissement+wellness+Colombiers-du-Plessis%2BFrance/,traité (2026-08-22 16:59)
https://www.google.com/maps/search/etablissement+wellness+Colombiers-sur-Seulles%2BFrance/,traité (2026-08-22 17:00)
https://www.google.com/maps/search/etablissement+wellness+Colombiès%2BFrance/,traité (2026-08-22 17:00)
https://www.google.com/maps/search/etablissement+wellness+Colombotte%2BFrance/,échec (2026-08-22 17:01)
https://www.google.com/maps/search/etablissement+wellness+Colomby%2BFrance/,traité (2026-08-22 17:01)
https://www.google.com/maps/search/etablissement+wellness+Colomby-Anguerny%2BFrance/,traité (2026-08-22 17:04)
https://www.google.com/maps/search/etablissement+wellness+Colomiers%2BFrance/,traité (2026-08-22 17:04)
https://www.google.com/maps/search/etablissement+wellness+Colomieu%2BFrance/,traité (2026-08-22 17:04)
https://www.google.com/maps/search/etablissement+wellness+Colondannes%2BFrance/,traité (2026-08-22 17:04)
https://www.google.com/maps/search/etablissement+wellness+Colonfay%2BFrance/,traité (2026-08-22 17:04)
https://www.google.com/maps/search/etablissement+wellness+Colonne%2BFrance/,traité (2026-08-22 17:04)
https://www.google.com/maps/search/etablissement+wellness+Colonzelle%2BFrance/,traité (2026-08-22 17:04)
https://www.google.com/maps/search/etablissement+wellness+Colpo%2BFrance/,traité (2026-08-22 17:04)
https://www.google.com/maps/search/etablissement+wellness+Colroy-la-Roche%2BFrance/,traité (2026-08-22 17:05)
https://www.google.com/maps/search/etablissement+wellness+Coltainville%2BFrance/,traité (2026-08-22 17:05)
https://www.google.com/maps/search/etablissement+wellness+Coltines%2BFrance/,traité (2026-08-22 17:05)
https://www.google.com/maps/search/etablissement+wellness+Coly%2BFrance/,traité (2026-08-22 17:07)
https://www.google.com/maps/search/etablissement+wellness+Combaillaux%2BFrance/,traité (2026-08-22 17:07)
https://www.google.com/maps/search/etablissement+wellness+Combas%2BFrance/,traité (2026-08-22 17:07)
https://www.google.com/maps/search/etablissement+wellness+La Combe-de-Lancey%2BFrance/,traité (2026-08-22 17:07)
https://www.google.com/maps/search/etablissement+wellness+Combeaufontaine%2BFrance/,traité (2026-08-22 17:07)
https://www.google.com/maps/search/etablissement+wellness+Combefa%2BFrance/,traité (2026-08-22 17:07)
https://www.google.com/maps/search/etablissement+wellness+Comberanche-et-Épeluche%2BFrance/,traité (2026-08-22 17:07)
https://www.google.com/maps/search/etablissement+wellness+Comberjon%2BFrance/,traité (2026-08-22 17:08)
https://www.google.com/maps/search/etablissement+wellness+Comberouger%2BFrance/,traité (2026-08-22 17:08)
https://www.google.com/maps/search/etablissement+wellness+Combertault%2BFrance/,traité (2026-08-22 17:11)
https://www.google.com/maps/search/etablissement+wellness+Les Combes%2BFrance/,traité (2026-08-22 17:11)
https://www.google.com/maps/search/etablissement+wellness+Combes%2BFrance/,traité (2026-08-22 17:11)
https://www.google.com/maps/search/etablissement+wellness+Combiers%2BFrance/,traité (2026-08-22 17:11)
https://www.google.com/maps/search/etablissement+wellness+Comblanchien%2BFrance/,traité (2026-08-22 17:11)
https://www.google.com/maps/search/etablissement+wellness+Combles%2BFrance/,traité (2026-08-22 17:11)
https://www.google.com/maps/search/etablissement+wellness+Combles-en-Barrois%2BFrance/,traité (2026-08-22 17:11)
https://www.google.com/maps/search/etablissement+wellness+Comblessac%2BFrance/,traité (2026-08-22 17:12)
https://www.google.com/maps/search/etablissement+wellness+Combleux%2BFrance/,traité (2026-08-22 17:12)
https://www.google.com/maps/search/etablissement+wellness+Comblot%2BFrance/,traité (2026-08-22 17:12)
https://www.google.com/maps/search/etablissement+wellness+Combloux%2BFrance/,traité (2026-08-22 17:12)
https://www.google.com/maps/search/etablissement+wellness+Combon%2BFrance/,traité (2026-08-22 17:15)
https://www.google.com/maps/search/etablissement+wellness+Combourg%2BFrance/,traité (2026-08-22 17:15)
https://www.google.com/maps/search/etablissement+wellness+Combourtillé%2BFrance/,traité (2026-08-22 17:15)
https://www.google.com/maps/search/etablissement+wellness+Combovin%2BFrance/,traité (2026-08-22 17:15)
https://www.google.com/maps/search/etablissement+wellness+Combrailles%2BFrance/,traité (2026-08-22 17:15)
https://www.google.com/maps/search/etablissement+wellness+Combrand%2BFrance/,traité (2026-08-22 17:15)
https://www.google.com/maps/search/etablissement+wellness+Combray%2BFrance/,traité (2026-08-22 17:15)
https://www.google.com/maps/search/etablissement+wellness+Combre%2BFrance/,traité (2026-08-22 17:15)
https://www.google.com/maps/search/etablissement+wellness+Combrée%2BFrance/,traité (2026-08-22 17:15)
https://www.google.com/maps/search/etablissement+wellness+Combres%2BFrance/,traité (2026-08-22 17:17)
https://www.google.com/maps/search/etablissement+wellness+Combres-sous-les-Côtes%2BFrance/,traité (2026-08-22 17:17)
https://www.google.com/maps/search/etablissement+wellness+Combressol%2BFrance/,traité (2026-08-22 17:17)
https://www.google.com/maps/search/etablissement+wellness+Combret%2BFrance/,traité (2026-08-22 17:17)
https://www.google.com/maps/search/etablissement+wellness+Combreux%2BFrance/,traité (2026-08-22 17:17)
https://www.google.com/maps/search/etablissement+wellness+Combrimont%2BFrance/,traité (2026-08-22 17:17)
https://www.google.com/maps/search/etablissement+wellness+Combrit%2BFrance/,traité (2026-08-22 17:17)
https://www.google.com/maps/search/etablissement+wellness+Combronde%2BFrance/,traité (2026-08-22 17:18)
https://www.google.com/maps/search/etablissement+wellness+Combs-la-Ville%2BFrance/,traité (2026-08-22 17:18)
https://www.google.com/maps/search/etablissement+wellness+La Comelle%2BFrance/,traité (2026-08-22 17:18)
https://www.google.com/maps/search/etablissement+wellness+Comigne%2BFrance/,traité (2026-08-22 17:21)
https://www.google.com/maps/search/etablissement+wellness+Comines%2BFrance/,traité (2026-08-22 17:21)
https://www.google.com/maps/search/etablissement+wellness+Commana%2BFrance/,traité (2026-08-22 17:21)
https://www.google.com/maps/search/etablissement+wellness+Commarin%2BFrance/,traité (2026-08-22 17:21)
https://www.google.com/maps/search/etablissement+wellness+Commeaux%2BFrance/,traité (2026-08-22 17:21)
https://www.google.com/maps/search/etablissement+wellness+Commelle%2BFrance/,traité (2026-08-22 17:21)
https://www.google.com/maps/search/etablissement+wellness+Commelle-Vernay%2BFrance/,traité (2026-08-22 17:21)
https://www.google.com/maps/search/etablissement+wellness+Commenailles%2BFrance/,traité (2026-08-22 17:22)
https://www.google.com/maps/search/etablissement+wellness+Commenchon%2BFrance/,traité (2026-08-22 17:22)
https://www.google.com/maps/search/etablissement+wellness+Commensacq%2BFrance/,traité (2026-08-22 17:23)
https://www.google.com/maps/search/etablissement+wellness+Commentry%2BFrance/,traité (2026-08-22 17:23)
https://www.google.com/maps/search/etablissement+wellness+Commeny%2BFrance/,traité (2026-08-22 17:25)
https://www.google.com/maps/search/etablissement+wellness+Commequiers%2BFrance/,traité (2026-08-22 17:25)
https://www.google.com/maps/search/etablissement+wellness+Commer%2BFrance/,traité (2026-08-22 17:25)
https://www.google.com/maps/search/etablissement+wellness+Commercy%2BFrance/,traité (2026-08-22 17:25)
https://www.google.com/maps/search/etablissement+wellness+Commerveil%2BFrance/,traité (2026-08-22 17:25)
https://www.google.com/maps/search/etablissement+wellness+Commes%2BFrance/,traité (2026-08-22 17:25)
https://www.google.com/maps/search/etablissement+wellness+Communay%2BFrance/,traité (2026-08-22 17:25)
https://www.google.com/maps/search/etablissement+wellness+Commune nouvelle d'Arrou%2BFrance/,traité (2026-08-22 17:25)
https://www.google.com/maps/search/etablissement+wellness+Compains%2BFrance/,traité (2026-08-22 17:26)
https://www.google.com/maps/search/etablissement+wellness+Compainville%2BFrance/,traité (2026-08-22 17:28)
https://www.google.com/maps/search/etablissement+wellness+Compans%2BFrance/,traité (2026-08-22 17:28)
https://www.google.com/maps/search/etablissement+wellness+Le Compas%2BFrance/,traité (2026-08-22 17:28)
https://www.google.com/maps/search/etablissement+wellness+Compertrix%2BFrance/,traité (2026-08-22 17:28)
https://www.google.com/maps/search/etablissement+wellness+Compeyre%2BFrance/,traité (2026-08-22 17:28)
https://www.google.com/maps/search/etablissement+wellness+Compiègne%2BFrance/,traité (2026-08-22 17:29)
https://www.google.com/maps/search/etablissement+wellness+Compigny%2BFrance/,traité (2026-08-22 17:29)
https://www.google.com/maps/search/etablissement+wellness+Compolibat%2BFrance/,traité (2026-08-22 17:29)
https://www.google.com/maps/search/etablissement+wellness+La Compôte%2BFrance/,traité (2026-08-22 17:30)
https://www.google.com/maps/search/etablissement+wellness+Comprégnac%2BFrance/,traité (2026-08-22 17:31)
https://www.google.com/maps/search/etablissement+wellness+Compreignac%2BFrance/,traité (2026-08-22 17:33)
https://www.google.com/maps/search/etablissement+wellness+Comps%2BFrance/,traité (2026-08-22 17:33)
https://www.google.com/maps/search/etablissement+wellness+Comps%2BFrance/,traité (2026-08-22 17:33)
https://www.google.com/maps/search/etablissement+wellness+Comps%2BFrance/,traité (2026-08-22 17:33)
https://www.google.com/maps/search/etablissement+wellness+Comps-la-Grand-Ville%2BFrance/,traité (2026-08-22 17:33)
https://www.google.com/maps/search/etablissement+wellness+Comps-sur-Artuby%2BFrance/,traité (2026-08-22 17:33)
https://www.google.com/maps/search/etablissement+wellness+La Comté%2BFrance/,échec (2026-08-22 17:33)
https://www.google.com/maps/search/etablissement+wellness+Comus%2BFrance/,traité (2026-08-22 17:33)
https://www.google.com/maps/search/etablissement+wellness+Conan%2BFrance/,traité (2026-08-22 17:34)
https://www.google.com/maps/search/etablissement+wellness+Conand%2BFrance/,traité (2026-08-22 17:34)
https://www.google.com/maps/search/etablissement+wellness+Conat%2BFrance/,traité (2026-08-22 17:37)
https://www.google.com/maps/search/etablissement+wellness+Conca%2BFrance/,traité (2026-08-22 17:37)
https://www.google.com/maps/search/etablissement+wellness+Concarneau%2BFrance/,traité (2026-08-22 17:37)
https://www.google.com/maps/search/etablissement+wellness+Concevreux%2BFrance/,traité (2026-08-22 17:37)
https://www.google.com/maps/search/etablissement+wellness+Concèze%2BFrance/,traité (2026-08-22 17:37)
https://www.google.com/maps/search/etablissement+wellness+Conches-en-Ouche%2BFrance/,traité (2026-08-22 17:37)
https://www.google.com/maps/search/etablissement+wellness+Conches-sur-Gondoire%2BFrance/,traité (2026-08-22 17:37)
https://www.google.com/maps/search/etablissement+wellness+Conchez-de-Béarn%2BFrance/,traité (2026-08-22 17:38)
https://www.google.com/maps/search/etablissement+wellness+Conchil-le-Temple%2BFrance/,traité (2026-08-22 17:38)
https://www.google.com/maps/search/etablissement+wellness+Conchy-les-Pots%2BFrance/,traité (2026-08-22 17:39)
https://www.google.com/maps/search/etablissement+wellness+Conchy-sur-Canche%2BFrance/,traité (2026-08-22 17:39)
https://www.google.com/maps/search/etablissement+wellness+Concorès%2BFrance/,traité (2026-08-22 17:41)
https://www.google.com/maps/search/etablissement+wellness+Concoret%2BFrance/,traité (2026-08-22 17:41)
https://www.google.com/maps/search/etablissement+wellness+Concots%2BFrance/,traité (2026-08-22 17:41)
https://www.google.com/maps/search/etablissement+wellness+Concoules%2BFrance/,traité (2026-08-22 17:41)
https://www.google.com/maps/search/etablissement+wellness+Concourson-sur-Layon%2BFrance/,traité (2026-08-22 17:41)
https://www.google.com/maps/search/etablissement+wellness+Concremiers%2BFrance/,traité (2026-08-22 17:42)
https://www.google.com/maps/search/etablissement+wellness+Concressault%2BFrance/,traité (2026-08-22 17:42)
https://www.google.com/maps/search/etablissement+wellness+Concriers%2BFrance/,traité (2026-08-22 17:42)
https://www.google.com/maps/search/etablissement+wellness+Condac%2BFrance/,traité (2026-08-22 17:43)
https://www.google.com/maps/search/etablissement+wellness+Condal%2BFrance/,traité (2026-08-22 17:46)
https://www.google.com/maps/search/etablissement+wellness+Condamine%2BFrance/,traité (2026-08-22 17:46)
https://www.google.com/maps/search/etablissement+wellness+Condamine%2BFrance/,traité (2026-08-22 17:46)
https://www.google.com/maps/search/etablissement+wellness+La Condamine-Châtelard%2BFrance/,traité (2026-08-22 17:46)
https://www.google.com/maps/search/etablissement+wellness+Condat%2BFrance/,traité (2026-08-22 17:46)
https://www.google.com/maps/search/etablissement+wellness+Condat%2BFrance/,traité (2026-08-22 17:46)
https://www.google.com/maps/search/etablissement+wellness+Condat-en-Combraille%2BFrance/,traité (2026-08-22 17:46)
https://www.google.com/maps/search/etablissement+wellness+Condat-lès-Montboissier%2BFrance/,traité (2026-08-22 17:46)
https://www.google.com/maps/search/etablissement+wellness+Condat-sur-Ganaveix%2BFrance/,traité (2026-08-22 17:47)
https://www.google.com/maps/search/etablissement+wellness+Condat-sur-Trincou%2BFrance/,traité (2026-08-22 17:47)
https://www.google.com/maps/search/etablissement+wellness+Condat-sur-Vézère%2BFrance/,traité (2026-08-22 19:11)
https://www.google.com/maps/search/etablissement+wellness+Condat-sur-Vienne%2BFrance/,traité (2026-08-22 19:11)
https://www.google.com/maps/search/etablissement+wellness+Condé%2BFrance/,traité (2026-08-22 19:11)
https://www.google.com/maps/search/etablissement+wellness+Condé-en-Brie%2BFrance/,traité (2026-08-22 19:12)
https://www.google.com/maps/search/etablissement+wellness+Condé-en-Normandie%2BFrance/,traité (2026-08-22 19:12)
https://www.google.com/maps/search/etablissement+wellness+Condé-Folie%2BFrance/,traité (2026-08-22 19:12)
https://www.google.com/maps/search/etablissement+wellness+Condé-lès-Autry%2BFrance/,traité (2026-08-22 19:15)
https://www.google.com/maps/search/etablissement+wellness+Condé-lès-Herpy%2BFrance/,traité (2026-08-22 19:15)
https://www.google.com/maps/search/etablissement+wellness+Condé-Northen%2BFrance/,traité (2026-08-22 19:15)
https://www.google.com/maps/search/etablissement+wellness+Condé-Sainte-Libiaire%2BFrance/,traité (2026-08-22 19:15)
https://www.google.com/maps/search/etablissement+wellness+Condé-sur-Aisne%2BFrance/,traité (2026-08-22 19:15)
https://www.google.com/maps/search/etablissement+wellness+Condé-sur-Ifs%2BFrance/,traité (2026-08-22 19:15)
https://www.google.com/maps/search/etablissement+wellness+Condé-sur-l'Escaut%2BFrance/,traité (2026-08-22 19:15)
https://www.google.com/maps/search/etablissement+wellness+Condé-sur-Marne%2BFrance/,traité (2026-08-22 19:15)
https://www.google.com/maps/search/etablissement+wellness+Condé-sur-Risle%2BFrance/,traité (2026-08-22 19:15)
https://www.google.com/maps/search/etablissement+wellness+Condé-sur-Sarthe%2BFrance/,traité (2026-08-22 19:16)
https://www.google.com/maps/search/etablissement+wellness+Condé-sur-Seulles%2BFrance/,traité (2026-08-22 19:16)
https://www.google.com/maps/search/etablissement+wellness+Condé-sur-Suippe%2BFrance/,traité (2026-08-22 19:16)
https://www.google.com/maps/search/etablissement+wellness+Condé-sur-Vesgre%2BFrance/,traité (2026-08-22 19:16)
https://www.google.com/maps/search/etablissement+wellness+Condé-sur-Vire%2BFrance/,traité (2026-08-22 19:19)
https://www.google.com/maps/search/etablissement+wellness+Condécourt%2BFrance/,traité (2026-08-22 19:19)
https://www.google.com/maps/search/etablissement+wellness+Condeissiat%2BFrance/,traité (2026-08-22 19:19)
https://www.google.com/maps/search/etablissement+wellness+Condéon%2BFrance/,traité (2026-08-22 19:19)
https://www.google.com/maps/search/etablissement+wellness+Condes%2BFrance/,traité (2026-08-22 19:19)
https://www.google.com/maps/search/etablissement+wellness+Condes%2BFrance/,traité (2026-08-22 19:19)
https://www.google.com/maps/search/etablissement+wellness+Condette%2BFrance/,traité (2026-08-22 19:19)
https://www.google.com/maps/search/etablissement+wellness+Condezaygues%2BFrance/,traité (2026-08-22 19:19)
https://www.google.com/maps/search/etablissement+wellness+Condillac%2BFrance/,échec (2026-08-22 19:19)
https://www.google.com/maps/search/etablissement+wellness+Condom%2BFrance/,traité (2026-08-22 19:20)
https://www.google.com/maps/search/etablissement+wellness+Condom-d'Aubrac%2BFrance/,traité (2026-08-22 20:45)
https://www.google.com/maps/search/etablissement+wellness+Condorcet%2BFrance/,traité (2026-08-22 20:45)
https://www.google.com/maps/search/etablissement+wellness+Condren%2BFrance/,traité (2026-08-22 20:45)
https://www.google.com/maps/search/etablissement+wellness+Condrieu%2BFrance/,traité (2026-08-22 20:45)
https://www.google.com/maps/search/etablissement+wellness+Conflandey%2BFrance/,traité (2026-08-22 20:45)
https://www.google.com/maps/search/etablissement+wellness+Conflans-en-Jarnisy%2BFrance/,traité (2026-08-22 20:45)
https://www.google.com/maps/search/etablissement+wellness+Conflans-Sainte-Honorine%2BFrance/,traité (2026-08-22 20:46)
https://www.google.com/maps/search/etablissement+wellness+Conflans-sur-Anille%2BFrance/,traité (2026-08-22 20:46)
https://www.google.com/maps/search/etablissement+wellness+Conflans-sur-Lanterne%2BFrance/,traité (2026-08-22 20:46)
https://www.google.com/maps/search/etablissement+wellness+Conflans-sur-Loing%2BFrance/,traité (2026-08-22 20:47)
https://www.google.com/maps/search/etablissement+wellness+Conflans-sur-Seine%2BFrance/,traité (2026-08-22 20:47)
https://www.google.com/maps/search/etablissement+wellness+Confolens%2BFrance/,traité (2026-08-22 20:49)
https://www.google.com/maps/search/etablissement+wellness+Confolent-Port-Dieu%2BFrance/,traité (2026-08-22 20:49)
https://www.google.com/maps/search/etablissement+wellness+Confort%2BFrance/,traité (2026-08-22 20:49)
https://www.google.com/maps/search/etablissement+wellness+Confort-Meilars%2BFrance/,traité (2026-08-22 20:49)
https://www.google.com/maps/search/etablissement+wellness+Confracourt%2BFrance/,traité (2026-08-22 20:49)
https://www.google.com/maps/search/etablissement+wellness+Confrançon%2BFrance/,traité (2026-08-22 20:49)
https://www.google.com/maps/search/etablissement+wellness+Congé-sur-Orne%2BFrance/,traité (2026-08-22 20:49)
https://www.google.com/maps/search/etablissement+wellness+Congénies%2BFrance/,traité (2026-08-22 20:49)
https://www.google.com/maps/search/etablissement+wellness+Congerville-Thionville%2BFrance/,traité (2026-08-22 20:50)
https://www.google.com/maps/search/etablissement+wellness+Congis-sur-Thérouanne%2BFrance/,
https://www.google.com/maps/search/etablissement+wellness+Congrier%2BFrance/,
https://www.google.com/maps/search/etablissement+wellness+Congy%2BFrance/,
https://www.google.com/maps/search/etablissement+wellness+Conie-Molitard%2BFrance/,
https://www.google.com/maps/search/etablissement+wellness+Conilhac-Corbières%2BFrance/,
https://www.google.com/maps/search/etablissement+wellness+Conilhac-de-la-Montagne%2BFrance/,
https://www.google.com/maps/search/etablissement+wellness+Conjux%2BFrance/,
https://www.google.com/maps/search/etablissement+wellness+Conlie%2BFrance/,
https://www.google.com/maps/search/etablissement+wellness+Conliège%2BFrance/,
https://www.google.com/maps/search/etablissement+wellness+Connac%2BFrance/,
https://www.google.com/maps/search/etablissement+wellness+Connangles%2BFrance/,
https://www.google.com/maps/search/etablissement+wellness+Connantray-Vaurefroy%2BFrance/,
https://www.google.com/maps/search/etablissement+wellness+Connantre%2BFrance/,
https://www.google.com/maps/search/etablissement+wellness+Connaux%2BFrance/,
https://www.google.com/maps/search/etablissement+wellness+Conne-de-Labarde%2BFrance/,
https://www.google.com/maps/search/etablissement+wellness+Connelles%2BFrance/,
https://www.google.com/maps/search/etablissement+wellness+Connerré%2BFrance/,
https://www.google.com/maps/search/etablissement+wellness+Connezac%2BFrance/,
https://www.google.com/maps/search/etablissement+wellness+Connigis%2BFrance/,
https://www.google.com/maps/search/etablissement+wellness+Conquereuil%2BFrance/,
https://www.google.com/maps/search/etablissement+wellness+Conques-en-Rouergue%2BFrance/,
https://www.google.com/maps/search/etablissement+wellness+Conques-sur-Orbiel%2BFrance/,
https://www.google.com/maps/search/etablissement+wellness+Le Conquet%2BFrance/,
https://www.google.com/maps/search/etablissement+wellness+Conqueyrac%2BFrance/,
https://www.google.com/maps/search/etablissement+wellness+Cons-la-Grandville%2BFrance/,
https://www.google.com/maps/search/etablissement+wellness+Consac%2BFrance/,
https://www.google.com/maps/search/etablissement+wellness+Conségudes%2BFrance/,
https://www.google.com/maps/search/etablissement+wellness+Consenvoye%2BFrance/,
https://www.google.com/maps/search/etablissement+wellness+Consigny%2BFrance/,
https://www.google.com/maps/search/etablissement+wellness+Consolation-Maisonnettes%2BFrance/,
https://www.google.com/maps/search/etablissement+wellness+Contalmaison%2BFrance/,
https://www.google.com/maps/search/etablissement+wellness+Contamine-Sarzin%2BFrance/,
https://www.google.com/maps/search/etablissement+wellness+Contamine-sur-Arve%2BFrance/,
https://www.google.com/maps/search/etablissement+wellness+Les Contamines-Montjoie%2BFrance/,
https://www.google.com/maps/search/etablissement+wellness+Contault%2BFrance/,
https://www.google.com/maps/search/etablissement+wellness+Contay%2BFrance/,
https://www.google.com/maps/search/etablissement+wellness+Conte%2BFrance/,
https://www.google.com/maps/search/etablissement+wellness+Contes%2BFrance/,
https://www.google.com/maps/search/etablissement+wellness+Contes%2BFrance/,
https://www.google.com/maps/search/etablissement+wellness+Contescourt%2BFrance/,
https://www.google.com/maps/search/etablissement+wellness+Contest%2BFrance/,
https://www.google.com/maps/search/etablissement+wellness+Conteville%2BFrance/,
https://www.google.com/maps/search/etablissement+wellness+Conteville%2BFrance/,
https://www.google.com/maps/search/etablissement+wellness+Conteville%2BFrance/,
https://www.google.com/maps/search/etablissement+wellness+Conteville%2BFrance/,
https://www.google.com/maps/search/etablissement+wellness+Conteville%2BFrance/,
https://www.google.com/maps/search/etablissement+wellness+Conteville-en-Ternois%2BFrance/,
https://www.google.com/maps/search/etablissement+wellness+Conteville-lès-Boulogne%2BFrance/,traité (2026-08-22 22:14)
https://www.google.com/maps/search/etablissement+wellness+Conthil%2BFrance/,traité (2026-08-22 22:17)
https://www.google.com/maps/search/etablissement+wellness+Contigné%2BFrance/,traité (2026-08-22 22:17)
https://www.google.com/maps/search/etablissement+wellness+Contigny%2BFrance/,traité (2026-08-22 22:17)
https://www.google.com/maps/search/etablissement+wellness+Contilly%2BFrance/,traité (2026-08-22 22:17)
https://www.google.com/maps/search/etablissement+wellness+Continvoir%2BFrance/,traité (2026-08-22 22:18)
https://www.google.com/maps/search/etablissement+wellness+Contoire%2BFrance/,échec (2026-08-22 22:20)
https://www.google.com/maps/search/etablissement+wellness+Contrazy%2BFrance/,traité (2026-08-22 22:20)
https://www.google.com/maps/search/etablissement+wellness+Contre%2BFrance/,traité (2026-08-22 22:20)
https://www.google.com/maps/search/etablissement+wellness+Contré%2BFrance/,
https://www.google.com/maps/search/etablissement+wellness+Contréglise%2BFrance/,
https://www.google.com/maps/search/etablissement+wellness+Contremoulins%2BFrance/,
https://www.google.com/maps/search/etablissement+wellness+Contres%2BFrance/,
https://www.google.com/maps/search/etablissement+wellness+Contres%2BFrance/,
https://www.google.com/maps/search/etablissement+wellness+Contreuve%2BFrance/,
https://www.google.com/maps/search/etablissement+wellness+Contrevoz%2BFrance/,
https://www.google.com/maps/search/etablissement+wellness+Contrexéville%2BFrance/,
https://www.google.com/maps/search/etablissement+wellness+Contrières%2BFrance/,
https://www.google.com/maps/search/etablissement+wellness+Contrisson%2BFrance/,
https://www.google.com/maps/search/etablissement+wellness+Conty%2BFrance/,
https://www.google.com/maps/search/etablissement+wellness+Contz-les-Bains%2BFrance/,
https://www.google.com/maps/search/etablissement+wellness+Conzieu%2BFrance/,
https://www.google.com/maps/search/etablissement+wellness+Coole%2BFrance/,
https://www.google.com/maps/search/etablissement+wellness+Coolus%2BFrance/,
https://www.google.com/maps/search/etablissement+wellness+La Copechagnière%2BFrance/,
https://www.google.com/maps/search/etablissement+wellness+Copponex%2BFrance/,
https://www.google.com/maps/search/etablissement+wellness+Coquainvilliers%2BFrance/,
https://www.google.com/maps/search/etablissement+wellness+Coquelles%2BFrance/,
https://www.google.com/maps/search/etablissement+wellness+La Coquille%2BFrance/,
https://www.google.com/maps/search/etablissement+wellness+Corancez%2BFrance/,
https://www.google.com/maps/search/etablissement+wellness+Corancy%2BFrance/,
https://www.google.com/maps/search/etablissement+wellness+Coray%2BFrance/,
https://www.google.com/maps/search/etablissement+wellness+Corbara%2BFrance/,
https://www.google.com/maps/search/etablissement+wellness+Corbarieu%2BFrance/,
https://www.google.com/maps/search/etablissement+wellness+Corbas%2BFrance/,
https://www.google.com/maps/search/etablissement+wellness+Corbehem%2BFrance/,
https://www.google.com/maps/search/etablissement+wellness+Corbeil%2BFrance/,
https://www.google.com/maps/search/etablissement+wellness+Corbeil-Cerf%2BFrance/,
https://www.google.com/maps/search/etablissement+wellness+Corbeil-Essonnes%2BFrance/,
https://www.google.com/maps/search/etablissement+wellness+Corbeilles%2BFrance/,
https://www.google.com/maps/search/etablissement+wellness+Corbel%2BFrance/,
https://www.google.com/maps/search/etablissement+wellness+Corbelin%2BFrance/,
https://www.google.com/maps/search/etablissement+wellness+Corbenay%2BFrance/,
https://www.google.com/maps/search/etablissement+wellness+Corbeny%2BFrance/,
https://www.google.com/maps/search/etablissement+wellness+Corbère%2BFrance/,
https://www.google.com/maps/search/etablissement+wellness+Corbère-Abères%2BFrance/,
https://www.google.com/maps/search/etablissement+wellness+Corbère-les-Cabanes%2BFrance/,
https://www.google.com/maps/search/etablissement+wellness+Corberon%2BFrance/,
https://www.google.com/maps/search/etablissement+wellness+Corbès%2BFrance/,
https://www.google.com/maps/search/etablissement+wellness+Corbie%2BFrance/,
https://www.google.com/maps/search/etablissement+wellness+La Corbière%2BFrance/,
https://www.google.com/maps/search/etablissement+wellness+Corbières%2BFrance/,
https://www.google.com/maps/search/etablissement+wellness+Corbières%2BFrance/,
https://www.google.com/maps/search/etablissement+wellness+Corbigny%2BFrance/,
https://www.google.com/maps/search/etablissement+wellness+Corbon%2BFrance/,
https://www.google.com/maps/search/etablissement+wellness+Corbonod%2BFrance/,
https://www.google.com/maps/search/etablissement+wellness+Corbreuse%2BFrance/,
https://www.google.com/maps/search/etablissement+wellness+Corcelle-Mieslot%2BFrance/,
https://www.google.com/maps/search/etablissement+wellness+Corcelles-en-Beaujolais%2BFrance/,
https://www.google.com/maps/search/etablissement+wellness+Corcelles-Ferrières%2BFrance/,
https://www.google.com/maps/search/etablissement+wellness+Corcelles-les-Arts%2BFrance/,
https://www.google.com/maps/search/etablissement+wellness+Corcelles-lès-Cîteaux%2BFrance/,
https://www.google.com/maps/search/etablissement+wellness+Corcelles-les-Monts%2BFrance/,
https://www.google.com/maps/search/etablissement+wellness+Corcieux%2BFrance/,
https://www.google.com/maps/search/etablissement+wellness+Corcondray%2BFrance/,
https://www.google.com/maps/search/etablissement+wellness+Corconne%2BFrance/,
https://www.google.com/maps/search/etablissement+wellness+Corcoué-sur-Logne%2BFrance/,
https://www.google.com/maps/search/etablissement+wellness+Corcy%2BFrance/,
https://www.google.com/maps/search/etablissement+wellness+Cordéac%2BFrance/,
https://www.google.com/maps/search/etablissement+wellness+Cordebugle%2BFrance/,
https://www.google.com/maps/search/etablissement+wellness+Cordelle%2BFrance/,
https://www.google.com/maps/search/etablissement+wellness+Cordemais%2BFrance/,
https://www.google.com/maps/search/etablissement+wellness+Cordes-sur-Ciel%2BFrance/,
https://www.google.com/maps/search/etablissement+wellness+Cordes-Tolosannes%2BFrance/,
https://www.google.com/maps/search/etablissement+wellness+Cordesse%2BFrance/,
https://www.google.com/maps/search/etablissement+wellness+Cordey%2BFrance/,
https://www.google.com/maps/search/etablissement+wellness+Cordon%2BFrance/,
https://www.google.com/maps/search/etablissement+wellness+Cordonnet%2BFrance/,
https://www.google.com/maps/search/etablissement+wellness+Coren%2BFrance/,
https://www.google.com/maps/search/etablissement+wellness+Corenc%2BFrance/,
https://www.google.com/maps/search/etablissement+wellness+Corent%2BFrance/,
https://www.google.com/maps/search/etablissement+wellness+Corfélix%2BFrance/,
https://www.google.com/maps/search/etablissement+wellness+Corgengoux%2BFrance/,
https://www.google.com/maps/search/etablissement+wellness+Corgnac-sur-l'Isle%2BFrance/,
https://www.google.com/maps/search/etablissement+wellness+Corgoloin%2BFrance/,
https://www.google.com/maps/search/etablissement+wellness+Corignac%2BFrance/,
https://www.google.com/maps/search/etablissement+wellness+Corlay%2BFrance/,
https://www.google.com/maps/search/etablissement+wellness+Corlier%2BFrance/,
https://www.google.com/maps/search/etablissement+wellness+Cormainville%2BFrance/,
https://www.google.com/maps/search/etablissement+wellness+Cormaranche-en-Bugey%2BFrance/,
https://www.google.com/maps/search/etablissement+wellness+Cormatin%2BFrance/,
https://www.google.com/maps/search/etablissement+wellness+Corme-Écluse%2BFrance/,
https://www.google.com/maps/search/etablissement+wellness+Corme-Royal%2BFrance/,
https://www.google.com/maps/search/etablissement+wellness+Cormeilles%2BFrance/,
https://www.google.com/maps/search/etablissement+wellness+Cormeilles%2BFrance/,
https://www.google.com/maps/search/etablissement+wellness+Cormeilles-en-Parisis%2BFrance/,
https://www.google.com/maps/search/etablissement+wellness+Cormeilles-en-Vexin%2BFrance/,
https://www.google.com/maps/search/etablissement+wellness+Cormelles-le-Royal%2BFrance/,
https://www.google.com/maps/search/etablissement+wellness+Cormenon%2BFrance/,
https://www.google.com/maps/search/etablissement+wellness+Cormeray%2BFrance/,
https://www.google.com/maps/search/etablissement+wellness+Cormery%2BFrance/,
https://www.google.com/maps/search/etablissement+wellness+Cormes%2BFrance/,
https://www.google.com/maps/search/etablissement+wellness+Cormicy%2BFrance/,
https://www.google.com/maps/search/etablissement+wellness+Le Cormier%2BFrance/,
https://www.google.com/maps/search/etablissement+wellness+Cormolain%2BFrance/,
https://www.google.com/maps/search/etablissement+wellness+Cormont%2BFrance/,
https://www.google.com/maps/search/etablissement+wellness+Cormontreuil%2BFrance/,
https://www.google.com/maps/search/etablissement+wellness+Cormoranche-sur-Saône%2BFrance/,
https://www.google.com/maps/search/etablissement+wellness+Cormost%2BFrance/,
https://www.google.com/maps/search/etablissement+wellness+Cormot-Vauchignon%2BFrance/,
https://www.google.com/maps/search/etablissement+wellness+Cormoyeux%2BFrance/,
https://www.google.com/maps/search/etablissement+wellness+Cormoz%2BFrance/,
https://www.google.com/maps/search/etablissement+wellness+Corn%2BFrance/,
https://www.google.com/maps/search/etablissement+wellness+Cornac%2BFrance/,
https://www.google.com/maps/search/etablissement+wellness+Cornant%2BFrance/,
https://www.google.com/maps/search/etablissement+wellness+Cornas%2BFrance/,
https://www.google.com/maps/search/etablissement+wellness+Cornay%2BFrance/,
https://www.google.com/maps/search/etablissement+wellness+Cornebarrieu%2BFrance/,
https://www.google.com/maps/search/etablissement+wellness+Corneilhan%2BFrance/,
https://www.google.com/maps/search/etablissement+wellness+Corneilla-de-Conflent%2BFrance/,
https://www.google.com/maps/search/etablissement+wellness+Corneilla-del-Vercol%2BFrance/,
https://www.google.com/maps/search/etablissement+wellness+Corneilla-la-Rivière%2BFrance/,
https://www.google.com/maps/search/etablissement+wellness+Corneillan%2BFrance/,
https://www.google.com/maps/search/etablissement+wellness+Corneville-la-Fouquetière%2BFrance/,
https://www.google.com/maps/search/etablissement+wellness+Corneville-sur-Risle%2BFrance/,
https://www.google.com/maps/search/etablissement+wellness+Cornier%2BFrance/,
https://www.google.com/maps/search/etablissement+wellness+Cornil%2BFrance/,
https://www.google.com/maps/search/etablissement+wellness+Cornillac%2BFrance/,
https://www.google.com/maps/search/etablissement+wellness+Cornille%2BFrance/,
https://www.google.com/maps/search/etablissement+wellness+Cornillé%2BFrance/,
https://www.google.com/maps/search/etablissement+wellness+Cornillé-les-Caves%2BFrance/,
https://www.google.com/maps/search/etablissement+wellness+Cornillon%2BFrance/,
https://www.google.com/maps/search/etablissement+wellness+Cornillon-Confoux%2BFrance/,
https://www.google.com/maps/search/etablissement+wellness+Cornillon-en-Trièves%2BFrance/,
https://www.google.com/maps/search/etablissement+wellness+Cornillon-sur-l'Oule%2BFrance/,
https://www.google.com/maps/search/etablissement+wellness+Cornimont%2BFrance/,
https://www.google.com/maps/search/etablissement+wellness+Cornod%2BFrance/,
https://www.google.com/maps/search/etablissement+wellness+Cornot%2BFrance/,
https://www.google.com/maps/search/etablissement+wellness+La Cornuaille%2BFrance/,
https://www.google.com/maps/search/etablissement+wellness+Cornus%2BFrance/,
https://www.google.com/maps/search/etablissement+wellness+Cornusse%2BFrance/,
https://www.google.com/maps/search/etablissement+wellness+Corny%2BFrance/,
https://www.google.com/maps/search/etablissement+wellness+Corny-Machéroménil%2BFrance/,
https://www.google.com/maps/search/etablissement+wellness+Corny-sur-Moselle%2BFrance/,
https://www.google.com/maps/search/etablissement+wellness+Coron%2BFrance/,
https://www.google.com/maps/search/etablissement+wellness+Corpe%2BFrance/,
https://www.google.com/maps/search/etablissement+wellness+Corpeau%2BFrance/,
https://www.google.com/maps/search/etablissement+wellness+Corpoyer-la-Chapelle%2BFrance/,
https://www.google.com/maps/search/etablissement+wellness+Corps%2BFrance/,
https://www.google.com/maps/search/etablissement+wellness+Corps-Nuds%2BFrance/,
https://www.google.com/maps/search/etablissement+wellness+Corquilleroy%2BFrance/,
https://www.google.com/maps/search/etablissement+wellness+Corquoy%2BFrance/,
https://www.google.com/maps/search/etablissement+wellness+Corrano%2BFrance/,
https://www.google.com/maps/search/etablissement+wellness+Corravillers%2BFrance/,
https://www.google.com/maps/search/etablissement+wellness+Corre%2BFrance/,
https://www.google.com/maps/search/etablissement+wellness+Corrençon-en-Vercors%2BFrance/,
https://www.google.com/maps/search/etablissement+wellness+Correns%2BFrance/,
https://www.google.com/maps/search/etablissement+wellness+Corrèze%2BFrance/,
https://www.google.com/maps/search/etablissement+wellness+Corribert%2BFrance/,
https://www.google.com/maps/search/etablissement+wellness+Corrobert%2BFrance/,
https://www.google.com/maps/search/etablissement+wellness+Corrombles%2BFrance/,
https://www.google.com/maps/search/etablissement+wellness+Corronsac%2BFrance/,
https://www.google.com/maps/search/etablissement+wellness+Corroy%2BFrance/,
https://www.google.com/maps/search/etablissement+wellness+Corsaint%2BFrance/,
https://www.google.com/maps/search/etablissement+wellness+Corsavy%2BFrance/,
https://www.google.com/maps/search/etablissement+wellness+Corscia%2BFrance/,
https://www.google.com/maps/search/etablissement+wellness+Corsept%2BFrance/,
https://www.google.com/maps/search/etablissement+wellness+Corseul%2BFrance/,
https://www.google.com/maps/search/etablissement+wellness+Cortambert%2BFrance/,
https://www.google.com/maps/search/etablissement+wellness+Corte%2BFrance/,
https://www.google.com/maps/search/etablissement+wellness+Cortevaix%2BFrance/,
https://www.google.com/maps/search/etablissement+wellness+Cortrat%2BFrance/,
https://www.google.com/maps/search/etablissement+wellness+Les Corvées-les-Yys%2BFrance/,
https://www.google.com/maps/search/etablissement+wellness+Corveissiat%2BFrance/,
https://www.google.com/maps/search/etablissement+wellness+Corvol-d'Embernard%2BFrance/,
https://www.google.com/maps/search/etablissement+wellness+Corvol-l'Orgueilleux%2BFrance/,
https://www.google.com/maps/search/etablissement+wellness+Corzé%2BFrance/,
https://www.google.com/maps/search/etablissement+wellness+Cos%2BFrance/,
https://www.google.com/maps/search/etablissement+wellness+Cosges%2BFrance/,
https://www.google.com/maps/search/etablissement+wellness+Coslédaà-Lube-Boast%2BFrance/,
https://www.google.com/maps/search/etablissement+wellness+Cosmes%2BFrance/,
https://www.google.com/maps/search/etablissement+wellness+Cosnac%2BFrance/,
https://www.google.com/maps/search/etablissement+wellness+Cosne-Cours-sur-Loire%2BFrance/,
https://www.google.com/maps/search/etablissement+wellness+Cosne-d'Allier%2BFrance/,
https://www.google.com/maps/search/etablissement+wellness+Cosnes-et-Romain%2BFrance/,
https://www.google.com/maps/search/etablissement+wellness+Cossaye%2BFrance/,
https://www.google.com/maps/search/etablissement+wellness+Cossé-en-Champagne%2BFrance/,
https://www.google.com/maps/search/etablissement+wellness+Cossé-le-Vivien%2BFrance/,
https://www.google.com/maps/search/etablissement+wellness+Cossesseville%2BFrance/,
https://www.google.com/maps/search/etablissement+wellness+Cosswiller%2BFrance/,
https://www.google.com/maps/search/etablissement+wellness+Costa%2BFrance/,
https://www.google.com/maps/search/etablissement+wellness+Costaros%2BFrance/,
https://www.google.com/maps/search/etablissement+wellness+Les Costes%2BFrance/,
https://www.google.com/maps/search/etablissement+wellness+Les Costes-Gozon%2BFrance/,
https://www.google.com/maps/search/etablissement+wellness+La Côte%2BFrance/,
https://www.google.com/maps/search/etablissement+wellness+La Côte-d'Arbroz%2BFrance/,
https://www.google.com/maps/search/etablissement+wellness+La Côte-en-Couzan%2BFrance/,
https://www.google.com/maps/search/etablissement+wellness+La Côte-Saint-André%2BFrance/,
https://www.google.com/maps/search/etablissement+wellness+Le Coteau%2BFrance/,
https://www.google.com/maps/search/etablissement+wellness+Côteaux du Blanzacais%2BFrance/,
https://www.google.com/maps/search/etablissement+wellness+Coteaux du Lizon%2BFrance/,
https://www.google.com/maps/search/etablissement+wellness+Les Coteaux Périgourdins%2BFrance/,
https://www.google.com/maps/search/etablissement+wellness+Coteaux-sur-Loire%2BFrance/,
https://www.google.com/maps/search/etablissement+wellness+Côtebrune%2BFrance/,
https://www.google.com/maps/search/etablissement+wellness+Les Côtes-d'Arey%2BFrance/,
https://www.google.com/maps/search/etablissement+wellness+Les Côtes-de-Corps%2BFrance/,
https://www.google.com/maps/search/etablissement+wellness+Coti-Chiavari%2BFrance/,
https://www.google.com/maps/search/etablissement+wellness+Cotignac%2BFrance/,
https://www.google.com/maps/search/etablissement+wellness+Cottance%2BFrance/,
https://www.google.com/maps/search/etablissement+wellness+Cottenchy%2BFrance/,
https://www.google.com/maps/search/etablissement+wellness+Cottévrard%2BFrance/,
https://www.google.com/maps/search/etablissement+wellness+Cottun%2BFrance/,
https://www.google.com/maps/search/etablissement+wellness+La Couarde%2BFrance/,
https://www.google.com/maps/search/etablissement+wellness+La Couarde-sur-Mer%2BFrance/,
https://www.google.com/maps/search/etablissement+wellness+Couargues%2BFrance/,
https://www.google.com/maps/search/etablissement+wellness+Coubert%2BFrance/,
https://www.google.com/maps/search/etablissement+wellness+Coubeyrac%2BFrance/,
https://www.google.com/maps/search/etablissement+wellness+Coubisou%2BFrance/,
https://www.google.com/maps/search/etablissement+wellness+Coubjours%2BFrance/,
https://www.google.com/maps/search/etablissement+wellness+Coublanc%2BFrance/,
https://www.google.com/maps/search/etablissement+wellness+Coublanc%2BFrance/,
https://www.google.com/maps/search/etablissement+wellness+Coublevie%2BFrance/,
https://www.google.com/maps/search/etablissement+wellness+Coublucq%2BFrance/,
https://www.google.com/maps/search/etablissement+wellness+Coubon%2BFrance/,
https://www.google.com/maps/search/etablissement+wellness+Coubron%2BFrance/,
https://www.google.com/maps/search/etablissement+wellness+Couches%2BFrance/,
https://www.google.com/maps/search/etablissement+wellness+Couchey%2BFrance/,
https://www.google.com/maps/search/etablissement+wellness+La Coucourde%2BFrance/,
https://www.google.com/maps/search/etablissement+wellness+Coucouron%2BFrance/,
https://www.google.com/maps/search/etablissement+wellness+Coucy%2BFrance/,
https://www.google.com/maps/search/etablissement+wellness+Coucy-la-Ville%2BFrance/,
https://www.google.com/maps/search/etablissement+wellness+Coucy-le-Château-Auffrique%2BFrance/,
https://www.google.com/maps/search/etablissement+wellness+Coucy-lès-Eppes%2BFrance/,
https://www.google.com/maps/search/etablissement+wellness+Couddes%2BFrance/,
https://www.google.com/maps/search/etablissement+wellness+Coudehard%2BFrance/,
https://www.google.com/maps/search/etablissement+wellness+Coudekerque-Branche%2BFrance/,
https://www.google.com/maps/search/etablissement+wellness+Coudes%2BFrance/,
https://www.google.com/maps/search/etablissement+wellness+Coudeville-sur-Mer%2BFrance/,
https://www.google.com/maps/search/etablissement+wellness+Coudons%2BFrance/,
https://www.google.com/maps/search/etablissement+wellness+Coudoux%2BFrance/,
https://www.google.com/maps/search/etablissement+wellness+Coudray%2BFrance/,
https://www.google.com/maps/search/etablissement+wellness+Le Coudray%2BFrance/,
https://www.google.com/maps/search/etablissement+wellness+Coudray%2BFrance/,
https://www.google.com/maps/search/etablissement+wellness+Coudray-au-Perche%2BFrance/,
https://www.google.com/maps/search/etablissement+wellness+Le Coudray-Macouard%2BFrance/,
https://www.google.com/maps/search/etablissement+wellness+Le Coudray-Montceaux%2BFrance/,
https://www.google.com/maps/search/etablissement+wellness+Coudray-Rabut%2BFrance/,
https://www.google.com/maps/search/etablissement+wellness+Le Coudray-Saint-Germer%2BFrance/,
https://www.google.com/maps/search/etablissement+wellness+Le Coudray-sur-Thelle%2BFrance/,
https://www.google.com/maps/search/etablissement+wellness+Coudreceau%2BFrance/,
https://www.google.com/maps/search/etablissement+wellness+Coudrecieux%2BFrance/,
https://www.google.com/maps/search/etablissement+wellness+Coudres%2BFrance/,
https://www.google.com/maps/search/etablissement+wellness+Coudroy%2BFrance/,
https://www.google.com/maps/search/etablissement+wellness+Coudun%2BFrance/,
https://www.google.com/maps/search/etablissement+wellness+Coudures%2BFrance/,
https://www.google.com/maps/search/etablissement+wellness+Coueilles%2BFrance/,
https://www.google.com/maps/search/etablissement+wellness+Couëron%2BFrance/,
https://www.google.com/maps/search/etablissement+wellness+Couesmes%2BFrance/,
https://www.google.com/maps/search/etablissement+wellness+Couesmes-Vaucé%2BFrance/,
https://www.google.com/maps/search/etablissement+wellness+Couëtron-au-Perche%2BFrance/,
https://www.google.com/maps/search/etablissement+wellness+Couffé%2BFrance/,
https://www.google.com/maps/search/etablissement+wellness+Couffoulens%2BFrance/,
https://www.google.com/maps/search/etablissement+wellness+Couffy%2BFrance/,
https://www.google.com/maps/search/etablissement+wellness+Couffy-sur-Sarsonne%2BFrance/,
https://www.google.com/maps/search/etablissement+wellness+Couflens%2BFrance/,
https://www.google.com/maps/search/etablissement+wellness+Coufouleux%2BFrance/,
https://www.google.com/maps/search/etablissement+wellness+Couhé%2BFrance/,
https://www.google.com/maps/search/etablissement+wellness+Couilly-Pont-aux-Dames%2BFrance/,
https://www.google.com/maps/search/etablissement+wellness+Couin%2BFrance/,
https://www.google.com/maps/search/etablissement+wellness+Couiza%2BFrance/,
https://www.google.com/maps/search/etablissement+wellness+Couladère%2BFrance/,
https://www.google.com/maps/search/etablissement+wellness+Coulaines%2BFrance/,
https://www.google.com/maps/search/etablissement+wellness+Coulandon%2BFrance/,
https://www.google.com/maps/search/etablissement+wellness+Coulangeron%2BFrance/,
https://www.google.com/maps/search/etablissement+wellness+Coulanges%2BFrance/,
https://www.google.com/maps/search/etablissement+wellness+Coulanges%2BFrance/,
https://www.google.com/maps/search/etablissement+wellness+Coulanges-la-Vineuse%2BFrance/,
https://www.google.com/maps/search/etablissement+wellness+Coulanges-lès-Nevers%2BFrance/,
https://www.google.com/maps/search/etablissement+wellness+Coulanges-sur-Yonne%2BFrance/,
https://www.google.com/maps/search/etablissement+wellness+Coulans-sur-Gée%2BFrance/,
https://www.google.com/maps/search/etablissement+wellness+Coulaures%2BFrance/,
https://www.google.com/maps/search/etablissement+wellness+Couleuvre%2BFrance/,
https://www.google.com/maps/search/etablissement+wellness+Coulevon%2BFrance/,
https://www.google.com/maps/search/etablissement+wellness+Coulgens%2BFrance/,
https://www.google.com/maps/search/etablissement+wellness+Coulimer%2BFrance/,
https://www.google.com/maps/search/etablissement+wellness+Coullemelle%2BFrance/,
https://www.google.com/maps/search/etablissement+wellness+Coullemont%2BFrance/,
https://www.google.com/maps/search/etablissement+wellness+Coullons%2BFrance/,
https://www.google.com/maps/search/etablissement+wellness+Coulmer%2BFrance/,
https://www.google.com/maps/search/etablissement+wellness+Coulmier-le-Sec%2BFrance/,
https://www.google.com/maps/search/etablissement+wellness+Coulmiers%2BFrance/,
https://www.google.com/maps/search/etablissement+wellness+Coulobres%2BFrance/,
https://www.google.com/maps/search/etablissement+wellness+Coulogne%2BFrance/,
https://www.google.com/maps/search/etablissement+wellness+Couloisy%2BFrance/,
https://www.google.com/maps/search/etablissement+wellness+Coulombiers%2BFrance/,
https://www.google.com/maps/search/etablissement+wellness+Coulombiers%2BFrance/,
https://www.google.com/maps/search/etablissement+wellness+Coulombs%2BFrance/,
https://www.google.com/maps/search/etablissement+wellness+Coulombs%2BFrance/,
https://www.google.com/maps/search/etablissement+wellness+Coulombs-en-Valois%2BFrance/,
https://www.google.com/maps/search/etablissement+wellness+Coulomby%2BFrance/,
https://www.google.com/maps/search/etablissement+wellness+Coulommes%2BFrance/,
https://www.google.com/maps/search/etablissement+wellness+Coulommes-et-Marqueny%2BFrance/,
https://www.google.com/maps/search/etablissement+wellness+Coulommes-la-Montagne%2BFrance/,
https://www.google.com/maps/search/etablissement+wellness+Coulommiers%2BFrance/,
https://www.google.com/maps/search/etablissement+wellness+Coulommiers-la-Tour%2BFrance/,
https://www.google.com/maps/search/etablissement+wellness+Coulon%2BFrance/,
https://www.google.com/maps/search/etablissement+wellness+Coulonces%2BFrance/,traité (2026-08-22 20:51)
https://www.google.com/maps/search/etablissement+wellness+La Coulonche%2BFrance/,traité (2026-08-22 20:51)
https://www.google.com/maps/search/etablissement+wellness+Coulongé%2BFrance/,traité (2026-08-22 20:52)
https://www.google.com/maps/search/etablissement+wellness+Coulonges%2BFrance/,traité (2026-08-22 20:56)
https://www.google.com/maps/search/etablissement+wellness+Coulonges%2BFrance/,traité (2026-08-22 20:56)
https://www.google.com/maps/search/etablissement+wellness+Coulonges%2BFrance/,traité (2026-08-22 20:56)
https://www.google.com/maps/search/etablissement+wellness+Coulonges-Cohan%2BFrance/,traité (2026-08-22 20:56)
https://www.google.com/maps/search/etablissement+wellness+Coulonges-sur-l'Autize%2BFrance/,traité (2026-08-22 20:57)
https://www.google.com/maps/search/etablissement+wellness+Coulonges-sur-Sarthe%2BFrance/,traité (2026-08-22 20:58)
https://www.google.com/maps/search/etablissement+wellness+Coulonges-Thouarsais%2BFrance/,traité (2026-08-22 20:58)
https://www.google.com/maps/search/etablissement+wellness+Coulonvillers%2BFrance/,traité (2026-08-22 21:00)
https://www.google.com/maps/search/etablissement+wellness+Couloumé-Mondebat%2BFrance/,traité (2026-08-22 21:00)
https://www.google.com/maps/search/etablissement+wellness+Coulounieix-Chamiers%2BFrance/,traité (2026-08-22 21:00)
https://www.google.com/maps/search/etablissement+wellness+Coulours%2BFrance/,traité (2026-08-22 21:01)
https://www.google.com/maps/search/etablissement+wellness+Couloutre%2BFrance/,traité (2026-08-22 21:04)
https://www.google.com/maps/search/etablissement+wellness+Coulouvray-Boisbenâtre%2BFrance/,traité (2026-08-22 21:04)
https://www.google.com/maps/search/etablissement+wellness+Coulx%2BFrance/,traité (2026-08-22 21:04)
https://www.google.com/maps/search/etablissement+wellness+Coume%2BFrance/,traité (2026-08-22 21:05)
https://www.google.com/maps/search/etablissement+wellness+Counozouls%2BFrance/,traité (2026-08-22 21:05)
https://www.google.com/maps/search/etablissement+wellness+Coupelle-Neuve%2BFrance/,échec (2026-08-22 21:08)
https://www.google.com/maps/search/etablissement+wellness+Coupelle-Vieille%2BFrance/,traité (2026-08-22 21:08)
https://www.google.com/maps/search/etablissement+wellness+Coupesarte%2BFrance/,traité (2026-08-22 21:08)
https://www.google.com/maps/search/etablissement+wellness+Coupetz%2BFrance/,traité (2026-08-22 21:09)
https://www.google.com/maps/search/etablissement+wellness+Coupéville%2BFrance/,traité (2026-08-22 21:09)
https://www.google.com/maps/search/etablissement+wellness+Coupiac%2BFrance/,traité (2026-08-22 21:11)
https://www.google.com/maps/search/etablissement+wellness+Coupray%2BFrance/,traité (2026-08-22 21:11)
https://www.google.com/maps/search/etablissement+wellness+Coupru%2BFrance/,traité (2026-08-22 21:11)
https://www.google.com/maps/search/etablissement+wellness+Couptrain%2BFrance/,traité (2026-08-22 21:12)
https://www.google.com/maps/search/etablissement+wellness+Coupvray%2BFrance/,traité (2026-08-22 21:15)
https://www.google.com/maps/search/etablissement+wellness+Couquèques%2BFrance/,traité (2026-08-22 21:15)
https://www.google.com/maps/search/etablissement+wellness+Cour-Cheverny%2BFrance/,traité (2026-08-22 21:15)
https://www.google.com/maps/search/etablissement+wellness+Cour-et-Buis%2BFrance/,traité (2026-08-22 21:16)
https://www.google.com/maps/search/etablissement+wellness+Cour-l'Évêque%2BFrance/,traité (2026-08-22 21:17)
https://www.google.com/maps/search/etablissement+wellness+La Cour-Marigny%2BFrance/,traité (2026-08-22 21:19)
https://www.google.com/maps/search/etablissement+wellness+Cour-Maugis sur Huisne%2BFrance/,traité (2026-08-22 21:19)
https://www.google.com/maps/search/etablissement+wellness+Cour-Saint-Maurice%2BFrance/,traité (2026-08-22 21:19)
https://www.google.com/maps/search/etablissement+wellness+Cour-sur-Loire%2BFrance/,traité (2026-08-22 21:20)
https://www.google.com/maps/search/etablissement+wellness+Courances%2BFrance/,traité (2026-08-22 21:21)
https://www.google.com/maps/search/etablissement+wellness+Courant%2BFrance/,traité (2026-08-22 21:23)
https://www.google.com/maps/search/etablissement+wellness+Courban%2BFrance/,traité (2026-08-22 21:23)
https://www.google.com/maps/search/etablissement+wellness+Courbehaye%2BFrance/,traité (2026-08-22 21:23)
https://www.google.com/maps/search/etablissement+wellness+Courbépine%2BFrance/,traité (2026-08-22 21:24)
https://www.google.com/maps/search/etablissement+wellness+Courbes%2BFrance/,traité (2026-08-22 21:26)
https://www.google.com/maps/search/etablissement+wellness+Courbesseaux%2BFrance/,traité (2026-08-22 21:26)
https://www.google.com/maps/search/etablissement+wellness+Courbette%2BFrance/,traité (2026-08-22 21:27)
https://www.google.com/maps/search/etablissement+wellness+Courbeveille%2BFrance/,traité (2026-08-22 21:28)
https://www.google.com/maps/search/etablissement+wellness+Courbevoie%2BFrance/,traité (2026-08-22 21:28)
https://www.google.com/maps/search/etablissement+wellness+Courbiac%2BFrance/,traité (2026-08-22 21:31)
https://www.google.com/maps/search/etablissement+wellness+Courbillac%2BFrance/,traité (2026-08-22 21:31)
https://www.google.com/maps/search/etablissement+wellness+Courboin%2BFrance/,traité (2026-08-22 21:31)
https://www.google.com/maps/search/etablissement+wellness+Courbouzon%2BFrance/,traité (2026-08-22 21:32)
https://www.google.com/maps/search/etablissement+wellness+Courbouzon%2BFrance/,traité (2026-08-22 21:32)
https://www.google.com/maps/search/etablissement+wellness+Courçais%2BFrance/,traité (2026-08-22 21:35)
https://www.google.com/maps/search/etablissement+wellness+Courçay%2BFrance/,traité (2026-08-22 21:35)
https://www.google.com/maps/search/etablissement+wellness+Courcebœufs%2BFrance/,traité (2026-08-22 21:35)
https://www.google.com/maps/search/etablissement+wellness+Courcelette%2BFrance/,traité (2026-08-22 21:36)
https://www.google.com/maps/search/etablissement+wellness+Courcelles%2BFrance/,échec (2026-08-22 21:44)
https://www.google.com/maps/search/etablissement+wellness+Courcelles%2BFrance/,échec (2026-08-22 21:44)
https://www.google.com/maps/search/etablissement+wellness+Courcelles%2BFrance/,échec (2026-08-22 21:44)
https://www.google.com/maps/search/etablissement+wellness+Courcelles%2BFrance/,échec (2026-08-22 21:44)
https://www.google.com/maps/search/etablissement+wellness+Courcelles%2BFrance/,échec (2026-08-22 21:44)
https://www.google.com/maps/search/etablissement+wellness+Courcelles%2BFrance/,échec (2026-08-22 21:44)
https://www.google.com/maps/search/etablissement+wellness+Courcelles-au-Bois%2BFrance/,traité (2026-08-22 21:44)
https://www.google.com/maps/search/etablissement+wellness+Courcelles-Chaussy%2BFrance/,traité (2026-08-22 21:44)
https://www.google.com/maps/search/etablissement+wellness+Courcelles-de-Touraine%2BFrance/,traité (2026-08-22 21:44)
https://www.google.com/maps/search/etablissement+wellness+Courcelles-en-Barrois%2BFrance/,échec (2026-08-22 21:45)
https://www.google.com/maps/search/etablissement+wellness+Courcelles-en-Bassée%2BFrance/,traité (2026-08-22 21:47)
https://www.google.com/maps/search/etablissement+wellness+Courcelles-en-Montagne%2BFrance/,échec (2026-08-22 21:47)
https://www.google.com/maps/search/etablissement+wellness+Courcelles-Epayelles%2BFrance/,échec (2026-08-22 21:48)
https://www.google.com/maps/search/etablissement+wellness+Courcelles-Frémoy%2BFrance/,traité (2026-08-22 21:49)
https://www.google.com/maps/search/etablissement+wellness+Courcelles-la-Forêt%2BFrance/,échec (2026-08-22 21:50)
https://www.google.com/maps/search/etablissement+wellness+Courcelles-le-Comte%2BFrance/,traité (2026-08-22 21:52)
https://www.google.com/maps/search/etablissement+wellness+Courcelles-lès-Gisors%2BFrance/,traité (2026-08-22 21:52)
https://www.google.com/maps/search/etablissement+wellness+Courcelles-lès-Lens%2BFrance/,traité (2026-08-22 21:52)
https://www.google.com/maps/search/etablissement+wellness+Courcelles-lès-Montbard%2BFrance/,traité (2026-08-22 21:53)
https://www.google.com/maps/search/etablissement+wellness+Courcelles-lès-Montbéliard%2BFrance/,traité (2026-08-22 21:55)
https://www.google.com/maps/search/etablissement+wellness+Courcelles-lès-Semur%2BFrance/,traité (2026-08-22 21:55)
https://www.google.com/maps/search/etablissement+wellness+Courcelles-Sapicourt%2BFrance/,échec (2026-08-22 21:55)
https://www.google.com/maps/search/etablissement+wellness+Courcelles-sous-Châtenois%2BFrance/,échec (2026-08-22 21:56)
https://www.google.com/maps/search/etablissement+wellness+Courcelles-sous-Moyencourt%2BFrance/,échec (2026-08-22 21:56)
https://www.google.com/maps/search/etablissement+wellness+Courcelles-sous-Thoix%2BFrance/,échec (2026-08-22 21:58)
https://www.google.com/maps/search/etablissement+wellness+Courcelles-sur-Aire%2BFrance/,
https://www.google.com/maps/search/etablissement+wellness+Courcelles-sur-Blaise%2BFrance/,
https://www.google.com/maps/search/etablissement+wellness+Courcelles-sur-Nied%2BFrance/,traité (2026-08-22 21:59)
https://www.google.com/maps/search/etablissement+wellness+Courcelles-sur-Seine%2BFrance/,traité (2026-08-22 21:59)
https://www.google.com/maps/search/etablissement+wellness+Courcelles-sur-Vesle%2BFrance/,traité (2026-08-22 21:59)
https://www.google.com/maps/search/etablissement+wellness+Courcelles-sur-Viosne%2BFrance/,échec (2026-08-22 22:00)
https://www.google.com/maps/search/etablissement+wellness+Courcelles-sur-Voire%2BFrance/,échec (2026-08-22 22:02)
https://www.google.com/maps/search/etablissement+wellness+Courcemain%2BFrance/,traité (2026-08-22 22:02)
https://www.google.com/maps/search/etablissement+wellness+Courcemont%2BFrance/,traité (2026-08-22 22:03)
https://www.google.com/maps/search/etablissement+wellness+Courcerac%2BFrance/,traité (2026-08-22 22:03)
https://www.google.com/maps/search/etablissement+wellness+Courceroy%2BFrance/,traité (2026-08-22 22:06)
https://www.google.com/maps/search/etablissement+wellness+Courchamp%2BFrance/,traité (2026-08-22 22:06)
https://www.google.com/maps/search/etablissement+wellness+Courchamps%2BFrance/,traité (2026-08-22 22:06)
https://www.google.com/maps/search/etablissement+wellness+Courchamps%2BFrance/,traité (2026-08-22 22:06)
https://www.google.com/maps/search/etablissement+wellness+Courchapon%2BFrance/,traité (2026-08-22 22:08)
https://www.google.com/maps/search/etablissement+wellness+Courchaton%2BFrance/,traité (2026-08-22 22:10)
https://www.google.com/maps/search/etablissement+wellness+Courchelettes%2BFrance/,traité (2026-08-22 22:10)
https://www.google.com/maps/search/etablissement+wellness+Courchevel%2BFrance/,traité (2026-08-22 22:10)
https://www.google.com/maps/search/etablissement+wellness+Courcité%2BFrance/,traité (2026-08-22 22:10)
https://www.google.com/maps/search/etablissement+wellness+Courcival%2BFrance/,traité (2026-08-22 22:11)
https://www.google.com/maps/search/etablissement+wellness+Courcôme%2BFrance/,traité (2026-08-22 22:13)
https://www.google.com/maps/search/etablissement+wellness+Courçon%2BFrance/,traité (2026-08-22 22:13)
https://www.google.com/maps/search/etablissement+wellness+Courcoué%2BFrance/,traité (2026-08-22 22:13)
https://www.google.com/maps/search/etablissement+wellness+Courcouronnes%2BFrance/,traité (2026-08-22 22:14)
https://www.google.com/maps/search/etablissement+wellness+Courcoury%2BFrance/,traité (2026-08-22 22:17)
https://www.google.com/maps/search/etablissement+wellness+Courcuire%2BFrance/,traité (2026-08-22 22:17)
https://www.google.com/maps/search/etablissement+wellness+Courcy%2BFrance/,traité (2026-08-22 22:18)
https://www.google.com/maps/search/etablissement+wellness+Courcy%2BFrance/,traité (2026-08-22 22:18)
https://www.google.com/maps/search/etablissement+wellness+Courcy%2BFrance/,traité (2026-08-22 22:18)
https://www.google.com/maps/search/etablissement+wellness+Courcy-aux-Loges%2BFrance/,traité (2026-08-22 22:20)
https://www.google.com/maps/search/etablissement+wellness+Courdemanche%2BFrance/,traité (2026-08-22 22:20)
https://www.google.com/maps/search/etablissement+wellness+Courdemanche%2BFrance/,traité (2026-08-22 22:20)
https://www.google.com/maps/search/etablissement+wellness+Courdemanges%2BFrance/,
https://www.google.com/maps/search/etablissement+wellness+Courdimanche%2BFrance/,
https://www.google.com/maps/search/etablissement+wellness+Courdimanche-sur-Essonne%2BFrance/,
https://www.google.com/maps/search/etablissement+wellness+Couret%2BFrance/,
https://www.google.com/maps/search/etablissement+wellness+Courgains%2BFrance/,
https://www.google.com/maps/search/etablissement+wellness+Courgeac%2BFrance/,
https://www.google.com/maps/search/etablissement+wellness+Courgenard%2BFrance/,
https://www.google.com/maps/search/etablissement+wellness+Courgenay%2BFrance/,
https://www.google.com/maps/search/etablissement+wellness+Courgent%2BFrance/,
https://www.google.com/maps/search/etablissement+wellness+Courgeon%2BFrance/,
https://www.google.com/maps/search/etablissement+wellness+Courgeoût%2BFrance/,
https://www.google.com/maps/search/etablissement+wellness+Courgis%2BFrance/,
https://www.google.com/maps/search/etablissement+wellness+Courgivaux%2BFrance/,
https://www.google.com/maps/search/etablissement+wellness+Courgoul%2BFrance/,
https://www.google.com/maps/search/etablissement+wellness+Courjeonnet%2BFrance/,
https://www.google.com/maps/search/etablissement+wellness+Courlac%2BFrance/,
https://www.google.com/maps/search/etablissement+wellness+Courlandon%2BFrance/,
https://www.google.com/maps/search/etablissement+wellness+Courlans%2BFrance/,
https://www.google.com/maps/search/etablissement+wellness+Courlaoux%2BFrance/,
https://www.google.com/maps/search/etablissement+wellness+Courlay%2BFrance/,
https://www.google.com/maps/search/etablissement+wellness+Courléon%2BFrance/,
https://www.google.com/maps/search/etablissement+wellness+Courlon%2BFrance/,
https://www.google.com/maps/search/etablissement+wellness+Courlon-sur-Yonne%2BFrance/,
https://www.google.com/maps/search/etablissement+wellness+Courmangoux%2BFrance/,
https://www.google.com/maps/search/etablissement+wellness+Courmas%2BFrance/,
https://www.google.com/maps/search/etablissement+wellness+Courmelles%2BFrance/,
https://www.google.com/maps/search/etablissement+wellness+Courmemin%2BFrance/,
https://www.google.com/maps/search/etablissement+wellness+Courménil%2BFrance/,
https://www.google.com/maps/search/etablissement+wellness+Courmes%2BFrance/,
https://www.google.com/maps/search/etablissement+wellness+Courmont%2BFrance/,
https://www.google.com/maps/search/etablissement+wellness+Courmont%2BFrance/,
https://www.google.com/maps/search/etablissement+wellness+Cournanel%2BFrance/,
https://www.google.com/maps/search/etablissement+wellness+La Courneuve%2BFrance/,
https://www.google.com/maps/search/etablissement+wellness+Courniou%2BFrance/,
https://www.google.com/maps/search/etablissement+wellness+Cournols%2BFrance/,
https://www.google.com/maps/search/etablissement+wellness+Cournon%2BFrance/,
https://www.google.com/maps/search/etablissement+wellness+Cournon-d'Auvergne%2BFrance/,
https://www.google.com/maps/search/etablissement+wellness+Cournonsec%2BFrance/,
https://www.google.com/maps/search/etablissement+wellness+Cournonterral%2BFrance/,
https://www.google.com/maps/search/etablissement+wellness+La Couronne%2BFrance/,
https://www.google.com/maps/search/etablissement+wellness+Courouvre%2BFrance/,
https://www.google.com/maps/search/etablissement+wellness+Courpalay%2BFrance/,
https://www.google.com/maps/search/etablissement+wellness+Courpiac%2BFrance/,
https://www.google.com/maps/search/etablissement+wellness+Courpière%2BFrance/,
https://www.google.com/maps/search/etablissement+wellness+Courpignac%2BFrance/,
https://www.google.com/maps/search/etablissement+wellness+Courquetaine%2BFrance/,
https://www.google.com/maps/search/etablissement+wellness+Courrensan%2BFrance/,
https://www.google.com/maps/search/etablissement+wellness+Courrières%2BFrance/,
https://www.google.com/maps/search/etablissement+wellness+Courris%2BFrance/,
https://www.google.com/maps/search/etablissement+wellness+Courry%2BFrance/,
https://www.google.com/maps/search/etablissement+wellness+Cours%2BFrance/,
https://www.google.com/maps/search/etablissement+wellness+Cours%2BFrance/,
https://www.google.com/maps/search/etablissement+wellness+Le Cours%2BFrance/,
https://www.google.com/maps/search/etablissement+wellness+Cours%2BFrance/,
https://www.google.com/maps/search/etablissement+wellness+Cours%2BFrance/,
https://www.google.com/maps/search/etablissement+wellness+Cours-de-Monségur%2BFrance/,
https://www.google.com/maps/search/etablissement+wellness+Cours-de-Pile%2BFrance/,
https://www.google.com/maps/search/etablissement+wellness+Cours-les-Bains%2BFrance/,
https://www.google.com/maps/search/etablissement+wellness+Cours-les-Barres%2BFrance/,
https://www.google.com/maps/search/etablissement+wellness+Coursac%2BFrance/,
https://www.google.com/maps/search/etablissement+wellness+Coursan%2BFrance/,
https://www.google.com/maps/search/etablissement+wellness+Coursan-en-Othe%2BFrance/,
https://www.google.com/maps/search/etablissement+wellness+Coursegoules%2BFrance/,
https://www.google.com/maps/search/etablissement+wellness+Courset%2BFrance/,
https://www.google.com/maps/search/etablissement+wellness+Courseulles-sur-Mer%2BFrance/,
https://www.google.com/maps/search/etablissement+wellness+Courson%2BFrance/,
https://www.google.com/maps/search/etablissement+wellness+Courson-les-Carrières%2BFrance/,
https://www.google.com/maps/search/etablissement+wellness+Courson-Monteloup%2BFrance/,
https://www.google.com/maps/search/etablissement+wellness+Courtacon%2BFrance/,
https://www.google.com/maps/search/etablissement+wellness+Courtagnon%2BFrance/,
https://www.google.com/maps/search/etablissement+wellness+Courtalain%2BFrance/,
https://www.google.com/maps/search/etablissement+wellness+Courtaoult%2BFrance/,
https://www.google.com/maps/search/etablissement+wellness+Courtauly%2BFrance/,
https://www.google.com/maps/search/etablissement+wellness+Courtavon%2BFrance/,
https://www.google.com/maps/search/etablissement+wellness+Courtefontaine%2BFrance/,
https://www.google.com/maps/search/etablissement+wellness+Courtefontaine%2BFrance/,
https://www.google.com/maps/search/etablissement+wellness+Courteilles%2BFrance/,
https://www.google.com/maps/search/etablissement+wellness+Courteix%2BFrance/,
https://www.google.com/maps/search/etablissement+wellness+Courtelevant%2BFrance/,
https://www.google.com/maps/search/etablissement+wellness+Courtemanche%2BFrance/,
https://www.google.com/maps/search/etablissement+wellness+Courtemaux%2BFrance/,
https://www.google.com/maps/search/etablissement+wellness+Courtémont%2BFrance/,
https://www.google.com/maps/search/etablissement+wellness+Courtemont-Varennes%2BFrance/,
https://www.google.com/maps/search/etablissement+wellness+Courtempierre%2BFrance/,
https://www.google.com/maps/search/etablissement+wellness+Courtenay%2BFrance/,
https://www.google.com/maps/search/etablissement+wellness+Courtenay%2BFrance/,
https://www.google.com/maps/search/etablissement+wellness+Courtenot%2BFrance/,
https://www.google.com/maps/search/etablissement+wellness+Courteranges%2BFrance/,
https://www.google.com/maps/search/etablissement+wellness+Courteron%2BFrance/,
https://www.google.com/maps/search/etablissement+wellness+Courtes%2BFrance/,
https://www.google.com/maps/search/etablissement+wellness+Courtesoult-et-Gatey%2BFrance/,
https://www.google.com/maps/search/etablissement+wellness+Courtetain-et-Salans%2BFrance/,
https://www.google.com/maps/search/etablissement+wellness+La Courtète%2BFrance/,
https://www.google.com/maps/search/etablissement+wellness+Courteuil%2BFrance/,
https://www.google.com/maps/search/etablissement+wellness+Courthézon%2BFrance/,
https://www.google.com/maps/search/etablissement+wellness+Courthiézy%2BFrance/,
https://www.google.com/maps/search/etablissement+wellness+Courties%2BFrance/,
https://www.google.com/maps/search/etablissement+wellness+Courtieux%2BFrance/,
https://www.google.com/maps/search/etablissement+wellness+Courtillers%2BFrance/,
https://www.google.com/maps/search/etablissement+wellness+Courtils%2BFrance/,
https://www.google.com/maps/search/etablissement+wellness+La Courtine%2BFrance/,
https://www.google.com/maps/search/etablissement+wellness+Courtisols%2BFrance/,
https://www.google.com/maps/search/etablissement+wellness+Courtivron%2BFrance/,
https://www.google.com/maps/search/etablissement+wellness+Courtoin%2BFrance/,
https://www.google.com/maps/search/etablissement+wellness+Courtois-sur-Yonne%2BFrance/,
https://www.google.com/maps/search/etablissement+wellness+Courtomer%2BFrance/,
https://www.google.com/maps/search/etablissement+wellness+Courtomer%2BFrance/,
https://www.google.com/maps/search/etablissement+wellness+Courtonne-la-Meurdrac%2BFrance/,
https://www.google.com/maps/search/etablissement+wellness+Courtonne-les-Deux-Églises%2BFrance/,
https://www.google.com/maps/search/etablissement+wellness+Courtrizy-et-Fussigny%2BFrance/,
https://www.google.com/maps/search/etablissement+wellness+Courtry%2BFrance/,
https://www.google.com/maps/search/etablissement+wellness+Courvaudon%2BFrance/,
https://www.google.com/maps/search/etablissement+wellness+Courvières%2BFrance/,
https://www.google.com/maps/search/etablissement+wellness+Courville%2BFrance/,
https://www.google.com/maps/search/etablissement+wellness+Courville-sur-Eure%2BFrance/,
https://www.google.com/maps/search/etablissement+wellness+Courzieu%2BFrance/,
https://www.google.com/maps/search/etablissement+wellness+Cousance%2BFrance/,
https://www.google.com/maps/search/etablissement+wellness+Cousances-les-Forges%2BFrance/,
https://www.google.com/maps/search/etablissement+wellness+Cousances-lès-Triconville%2BFrance/,
https://www.google.com/maps/search/etablissement+wellness+Cousolre%2BFrance/,
https://www.google.com/maps/search/etablissement+wellness+Coussa%2BFrance/,
https://www.google.com/maps/search/etablissement+wellness+Coussac-Bonneval%2BFrance/,
https://www.google.com/maps/search/etablissement+wellness+Coussan%2BFrance/,
https://www.google.com/maps/search/etablissement+wellness+Coussay%2BFrance/,
https://www.google.com/maps/search/etablissement+wellness+Coussay-les-Bois%2BFrance/,
https://www.google.com/maps/search/etablissement+wellness+Coussegrey%2BFrance/,
https://www.google.com/maps/search/etablissement+wellness+Coussey%2BFrance/,
https://www.google.com/maps/search/etablissement+wellness+Coust%2BFrance/,
https://www.google.com/maps/search/etablissement+wellness+Coustaussa%2BFrance/,
https://www.google.com/maps/search/etablissement+wellness+Coustouge%2BFrance/,
https://www.google.com/maps/search/etablissement+wellness+Coustouges%2BFrance/,
https://www.google.com/maps/search/etablissement+wellness+Coutances%2BFrance/,
https://www.google.com/maps/search/etablissement+wellness+Coutansouze%2BFrance/,
https://www.google.com/maps/search/etablissement+wellness+Coutarnoux%2BFrance/,
https://www.google.com/maps/search/etablissement+wellness+Coutençon%2BFrance/,
https://www.google.com/maps/search/etablissement+wellness+Coutens%2BFrance/,
https://www.google.com/maps/search/etablissement+wellness+Couternon%2BFrance/,
https://www.google.com/maps/search/etablissement+wellness+Couteuges%2BFrance/,
https://www.google.com/maps/search/etablissement+wellness+Coutevroult%2BFrance/,
https://www.google.com/maps/search/etablissement+wellness+Couthenans%2BFrance/,
https://www.google.com/maps/search/etablissement+wellness+Couthures-sur-Garonne%2BFrance/,
https://www.google.com/maps/search/etablissement+wellness+Coutiches%2BFrance/,
https://www.google.com/maps/search/etablissement+wellness+Coutières%2BFrance/,
https://www.google.com/maps/search/etablissement+wellness+Coutouvre%2BFrance/,
https://www.google.com/maps/search/etablissement+wellness+Coutras%2BFrance/,
https://www.google.com/maps/search/etablissement+wellness+Couture%2BFrance/,
https://www.google.com/maps/search/etablissement+wellness+La Couture%2BFrance/,
https://www.google.com/maps/search/etablissement+wellness+La Couture%2BFrance/,
https://www.google.com/maps/search/etablissement+wellness+La Couture-Boussey%2BFrance/,
https://www.google.com/maps/search/etablissement+wellness+Couture-d'Argenson%2BFrance/,
https://www.google.com/maps/search/etablissement+wellness+Couture-sur-Loir%2BFrance/,
https://www.google.com/maps/search/etablissement+wellness+Couturelle%2BFrance/,
https://www.google.com/maps/search/etablissement+wellness+Coutures%2BFrance/,
https://www.google.com/maps/search/etablissement+wellness+Coutures%2BFrance/,
https://www.google.com/maps/search/etablissement+wellness+Coutures%2BFrance/,
https://www.google.com/maps/search/etablissement+wellness+Coutures%2BFrance/,
https://www.google.com/maps/search/etablissement+wellness+Couvains%2BFrance/,
https://www.google.com/maps/search/etablissement+wellness+La Couvertoirade%2BFrance/,
https://www.google.com/maps/search/etablissement+wellness+Couvertpuis%2BFrance/,
https://www.google.com/maps/search/etablissement+wellness+Couvignon%2BFrance/,
https://www.google.com/maps/search/etablissement+wellness+Couville%2BFrance/,
https://www.google.com/maps/search/etablissement+wellness+Couvonges%2BFrance/,
https://www.google.com/maps/search/etablissement+wellness+Couvrelles%2BFrance/,
https://www.google.com/maps/search/etablissement+wellness+Couvron-et-Aumencourt%2BFrance/,
https://www.google.com/maps/search/etablissement+wellness+Couvrot%2BFrance/,
https://www.google.com/maps/search/etablissement+wellness+Coux%2BFrance/,
https://www.google.com/maps/search/etablissement+wellness+Coux%2BFrance/,
https://www.google.com/maps/search/etablissement+wellness+Coux et Bigaroque-Mouzens%2BFrance/,
https://www.google.com/maps/search/etablissement+wellness+Couy%2BFrance/,
https://www.google.com/maps/search/etablissement+wellness+La Couyère%2BFrance/,
https://www.google.com/maps/search/etablissement+wellness+Couze-et-Saint-Front%2BFrance/,
https://www.google.com/maps/search/etablissement+wellness+Couzeix%2BFrance/,
https://www.google.com/maps/search/etablissement+wellness+Couziers%2BFrance/,
https://www.google.com/maps/search/etablissement+wellness+Couzon%2BFrance/,
https://www.google.com/maps/search/etablissement+wellness+Couzon-au-Mont-d'Or%2BFrance/,
https://www.google.com/maps/search/etablissement+wellness+Couzou%2BFrance/,
https://www.google.com/maps/search/etablissement+wellness+Cox%2BFrance/,
https://www.google.com/maps/search/etablissement+wellness+Coye-la-Forêt%2BFrance/,
https://www.google.com/maps/search/etablissement+wellness+Coyecques%2BFrance/,
https://www.google.com/maps/search/etablissement+wellness+Coyolles%2BFrance/,
https://www.google.com/maps/search/etablissement+wellness+Coyrière%2BFrance/,
https://www.google.com/maps/search/etablissement+wellness+Coyron%2BFrance/,
https://www.google.com/maps/search/etablissement+wellness+Coyviller%2BFrance/,
https://www.google.com/maps/search/etablissement+wellness+Cozes%2BFrance/,
https://www.google.com/maps/search/etablissement+wellness+Cozzano%2BFrance/,
https://www.google.com/maps/search/etablissement+wellness+Crach%2BFrance/,
https://www.google.com/maps/search/etablissement+wellness+Crachier%2BFrance/,
https://www.google.com/maps/search/etablissement+wellness+Crain%2BFrance/,
https://www.google.com/maps/search/etablissement+wellness+Craincourt%2BFrance/,
https://www.google.com/maps/search/etablissement+wellness+Craintilleux%2BFrance/,
https://www.google.com/maps/search/etablissement+wellness+Crainvilliers%2BFrance/,
https://www.google.com/maps/search/etablissement+wellness+Cramaille%2BFrance/,
https://www.google.com/maps/search/etablissement+wellness+Cramans%2BFrance/,
https://www.google.com/maps/search/etablissement+wellness+Cramant%2BFrance/,
https://www.google.com/maps/search/etablissement+wellness+Cramchaban%2BFrance/,
https://www.google.com/maps/search/etablissement+wellness+Craménil%2BFrance/,
https://www.google.com/maps/search/etablissement+wellness+Cramoisy%2BFrance/,
https://www.google.com/maps/search/etablissement+wellness+Cramont%2BFrance/,
https://www.google.com/maps/search/etablissement+wellness+Crampagna%2BFrance/,
https://www.google.com/maps/search/etablissement+wellness+Cran-Gevrier%2BFrance/,
https://www.google.com/maps/search/etablissement+wellness+Crancey%2BFrance/,
https://www.google.com/maps/search/etablissement+wellness+Crandelles%2BFrance/,
https://www.google.com/maps/search/etablissement+wellness+Crannes-en-Champagne%2BFrance/,
https://www.google.com/maps/search/etablissement+wellness+Crans%2BFrance/,
https://www.google.com/maps/search/etablissement+wellness+Crans%2BFrance/,
https://www.google.com/maps/search/etablissement+wellness+Cransac%2BFrance/,
https://www.google.com/maps/search/etablissement+wellness+Crantenoy%2BFrance/,
https://www.google.com/maps/search/etablissement+wellness+Cranves-Sales%2BFrance/,
https://www.google.com/maps/search/etablissement+wellness+Craon%2BFrance/,
https://www.google.com/maps/search/etablissement+wellness+Craon%2BFrance/,
https://www.google.com/maps/search/etablissement+wellness+Craonne%2BFrance/,
https://www.google.com/maps/search/etablissement+wellness+Craonnelle%2BFrance/,
https://www.google.com/maps/search/etablissement+wellness+Crapeaumesnil%2BFrance/,
https://www.google.com/maps/search/etablissement+wellness+Craponne%2BFrance/,
https://www.google.com/maps/search/etablissement+wellness+Craponne-sur-Arzon%2BFrance/,
https://www.google.com/maps/search/etablissement+wellness+Cras%2BFrance/,
https://www.google.com/maps/search/etablissement+wellness+Cras%2BFrance/,
https://www.google.com/maps/search/etablissement+wellness+Cras-sur-Reyssouze%2BFrance/,
https://www.google.com/maps/search/etablissement+wellness+Crastatt%2BFrance/,
https://www.google.com/maps/search/etablissement+wellness+Crastes%2BFrance/,
https://www.google.com/maps/search/etablissement+wellness+Crasville%2BFrance/,
https://www.google.com/maps/search/etablissement+wellness+Crasville%2BFrance/,
https://www.google.com/maps/search/etablissement+wellness+Crasville-la-Mallet%2BFrance/,
https://www.google.com/maps/search/etablissement+wellness+Crasville-la-Rocquefort%2BFrance/,
https://www.google.com/maps/search/etablissement+wellness+La Crau%2BFrance/,
https://www.google.com/maps/search/etablissement+wellness+Cravanche%2BFrance/,
https://www.google.com/maps/search/etablissement+wellness+Cravans%2BFrance/,
https://www.google.com/maps/search/etablissement+wellness+Cravant%2BFrance/,
https://www.google.com/maps/search/etablissement+wellness+Cravant-les-Côteaux%2BFrance/,
https://www.google.com/maps/search/etablissement+wellness+Cravencères%2BFrance/,
https://www.google.com/maps/search/etablissement+wellness+Cravent%2BFrance/,
https://www.google.com/maps/search/etablissement+wellness+Crayssac%2BFrance/,
https://www.google.com/maps/search/etablissement+wellness+Craywick%2BFrance/,
https://www.google.com/maps/search/etablissement+wellness+Crazannes%2BFrance/,
https://www.google.com/maps/search/etablissement+wellness+Cré-sur-Loir%2BFrance/,
https://www.google.com/maps/search/etablissement+wellness+Créances%2BFrance/,
https://www.google.com/maps/search/etablissement+wellness+Créancey%2BFrance/,
https://www.google.com/maps/search/etablissement+wellness+Crécey-sur-Tille%2BFrance/,
https://www.google.com/maps/search/etablissement+wellness+La Crèche%2BFrance/,
https://www.google.com/maps/search/etablissement+wellness+Crêches-sur-Saône%2BFrance/,
https://www.google.com/maps/search/etablissement+wellness+Créchets%2BFrance/,
https://www.google.com/maps/search/etablissement+wellness+Créchy%2BFrance/,
https://www.google.com/maps/search/etablissement+wellness+Crécy-au-Mont%2BFrance/,
https://www.google.com/maps/search/etablissement+wellness+Crécy-Couvé%2BFrance/,
https://www.google.com/maps/search/etablissement+wellness+Crécy-en-Ponthieu%2BFrance/,
https://www.google.com/maps/search/etablissement+wellness+Crécy-la-Chapelle%2BFrance/,
https://www.google.com/maps/search/etablissement+wellness+Crécy-sur-Serre%2BFrance/,
https://www.google.com/maps/search/etablissement+wellness+Crédin%2BFrance/,
https://www.google.com/maps/search/etablissement+wellness+Crégols%2BFrance/,
https://www.google.com/maps/search/etablissement+wellness+Crégy-lès-Meaux%2BFrance/,
https://www.google.com/maps/search/etablissement+wellness+Créhange%2BFrance/,
https://www.google.com/maps/search/etablissement+wellness+Créhen%2BFrance/,
https://www.google.com/maps/search/etablissement+wellness+Creil%2BFrance/,
https://www.google.com/maps/search/etablissement+wellness+Creissan%2BFrance/,
https://www.google.com/maps/search/etablissement+wellness+Creissels%2BFrance/,
https://www.google.com/maps/search/etablissement+wellness+Crémarest%2BFrance/,
https://www.google.com/maps/search/etablissement+wellness+Cremeaux%2BFrance/,
https://www.google.com/maps/search/etablissement+wellness+Crémery%2BFrance/,
https://www.google.com/maps/search/etablissement+wellness+Crémieu%2BFrance/,
https://www.google.com/maps/search/etablissement+wellness+Crempigny-Bonneguête%2BFrance/,
https://www.google.com/maps/search/etablissement+wellness+Cremps%2BFrance/,
https://www.google.com/maps/search/etablissement+wellness+Crenans%2BFrance/,
https://www.google.com/maps/search/etablissement+wellness+Creney-près-Troyes%2BFrance/,
https://www.google.com/maps/search/etablissement+wellness+Crennes-sur-Fraubée%2BFrance/,
https://www.google.com/maps/search/etablissement+wellness+Créon%2BFrance/,
https://www.google.com/maps/search/etablissement+wellness+Créon-d'Armagnac%2BFrance/,
https://www.google.com/maps/search/etablissement+wellness+Créot%2BFrance/,
https://www.google.com/maps/search/etablissement+wellness+Crépand%2BFrance/,
https://www.google.com/maps/search/etablissement+wellness+Crépey%2BFrance/,
https://www.google.com/maps/search/etablissement+wellness+Crépol%2BFrance/,
https://www.google.com/maps/search/etablissement+wellness+Crépon%2BFrance/,
https://www.google.com/maps/search/etablissement+wellness+Crépy%2BFrance/,
https://www.google.com/maps/search/etablissement+wellness+Crépy%2BFrance/,
https://www.google.com/maps/search/etablissement+wellness+Crépy-en-Valois%2BFrance/,
https://www.google.com/maps/search/etablissement+wellness+Créquy%2BFrance/,
https://www.google.com/maps/search/etablissement+wellness+Le Crès%2BFrance/,
https://www.google.com/maps/search/etablissement+wellness+Cresancey%2BFrance/,
https://www.google.com/maps/search/etablissement+wellness+Crésantignes%2BFrance/,
https://www.google.com/maps/search/etablissement+wellness+Les Cresnays%2BFrance/,
https://www.google.com/maps/search/etablissement+wellness+Crespian%2BFrance/,
https://www.google.com/maps/search/etablissement+wellness+Crespières%2BFrance/,
https://www.google.com/maps/search/etablissement+wellness+Crespin%2BFrance/,
https://www.google.com/maps/search/etablissement+wellness+Crespin%2BFrance/,
https://www.google.com/maps/search/etablissement+wellness+Crespin%2BFrance/,
https://www.google.com/maps/search/etablissement+wellness+Crespinet%2BFrance/,
https://www.google.com/maps/search/etablissement+wellness+Crespy-le-Neuf%2BFrance/,
https://www.google.com/maps/search/etablissement+wellness+Cressac-Saint-Genis%2BFrance/,
https://www.google.com/maps/search/etablissement+wellness+Cressanges%2BFrance/,
https://www.google.com/maps/search/etablissement+wellness+Cressat%2BFrance/,
https://www.google.com/maps/search/etablissement+wellness+La Cresse%2BFrance/,
https://www.google.com/maps/search/etablissement+wellness+Cressé%2BFrance/,
https://www.google.com/maps/search/etablissement+wellness+Cressensac%2BFrance/,
https://www.google.com/maps/search/etablissement+wellness+Cresserons%2BFrance/,
https://www.google.com/maps/search/etablissement+wellness+Cresseveuille%2BFrance/,
https://www.google.com/maps/search/etablissement+wellness+Cressia%2BFrance/,
https://www.google.com/maps/search/etablissement+wellness+Cressin-Rochefort%2BFrance/,
https://www.google.com/maps/search/etablissement+wellness+Cressonsacq%2BFrance/,
https://www.google.com/maps/search/etablissement+wellness+Cressy%2BFrance/,traité (2026-08-22 20:51)
https://www.google.com/maps/search/etablissement+wellness+Cressy-Omencourt%2BFrance/,traité (2026-08-22 20:52)
https://www.google.com/maps/search/etablissement+wellness+Cressy-sur-Somme%2BFrance/,traité (2026-08-22 20:52)
https://www.google.com/maps/search/etablissement+wellness+Crest%2BFrance/,traité (2026-08-22 20:53)
https://www.google.com/maps/search/etablissement+wellness+Le Crest%2BFrance/,traité (2026-08-22 20:54)
https://www.google.com/maps/search/etablissement+wellness+Crest-Voland%2BFrance/,traité (2026-08-22 20:56)
https://www.google.com/maps/search/etablissement+wellness+Creste%2BFrance/,traité (2026-08-22 20:56)
https://www.google.com/maps/search/etablissement+wellness+Le Crestet%2BFrance/,traité (2026-08-22 20:57)
https://www.google.com/maps/search/etablissement+wellness+Crestet%2BFrance/,traité (2026-08-22 20:58)
https://www.google.com/maps/search/etablissement+wellness+Crestot%2BFrance/,traité (2026-08-22 20:58)
https://www.google.com/maps/search/etablissement+wellness+Créteil%2BFrance/,traité (2026-08-22 21:00)
https://www.google.com/maps/search/etablissement+wellness+Crêts en Belledonne%2BFrance/,traité (2026-08-22 21:00)
https://www.google.com/maps/search/etablissement+wellness+Creully sur Seulles%2BFrance/,traité (2026-08-22 21:00)
https://www.google.com/maps/search/etablissement+wellness+La Creuse%2BFrance/,traité (2026-08-22 21:01)
https://www.google.com/maps/search/etablissement+wellness+Creuse%2BFrance/,traité (2026-08-22 21:04)
https://www.google.com/maps/search/etablissement+wellness+Le Creusot%2BFrance/,traité (2026-08-22 21:04)
https://www.google.com/maps/search/etablissement+wellness+Creutzwald%2BFrance/,traité (2026-08-22 21:04)
https://www.google.com/maps/search/etablissement+wellness+Creuzier-le-Neuf%2BFrance/,traité (2026-08-22 21:04)
https://www.google.com/maps/search/etablissement+wellness+Creuzier-le-Vieux%2BFrance/,traité (2026-08-22 21:05)
https://www.google.com/maps/search/etablissement+wellness+Crevans-et-la-Chapelle-lès-Granges%2BFrance/,traité (2026-08-22 21:08)
https://www.google.com/maps/search/etablissement+wellness+Crevant%2BFrance/,traité (2026-08-22 21:08)
https://www.google.com/maps/search/etablissement+wellness+Crevant-Laveine%2BFrance/,traité (2026-08-22 21:08)
https://www.google.com/maps/search/etablissement+wellness+Crévéchamps%2BFrance/,traité (2026-08-22 21:08)
https://www.google.com/maps/search/etablissement+wellness+Crèvecœur-en-Auge%2BFrance/,traité (2026-08-22 21:11)
https://www.google.com/maps/search/etablissement+wellness+Crèvecœur-en-Brie%2BFrance/,traité (2026-08-22 21:11)
https://www.google.com/maps/search/etablissement+wellness+Crèvecœur-le-Grand%2BFrance/,traité (2026-08-22 21:11)
https://www.google.com/maps/search/etablissement+wellness+Crèvecœur-le-Petit%2BFrance/,traité (2026-08-22 21:11)
https://www.google.com/maps/search/etablissement+wellness+Crèvecœur-sur-l'Escaut%2BFrance/,traité (2026-08-22 21:12)
https://www.google.com/maps/search/etablissement+wellness+Creveney%2BFrance/,traité (2026-08-22 21:15)
https://www.google.com/maps/search/etablissement+wellness+Crévic%2BFrance/,traité (2026-08-22 21:15)
https://www.google.com/maps/search/etablissement+wellness+Crevin%2BFrance/,traité (2026-08-22 21:15)
https://www.google.com/maps/search/etablissement+wellness+Crévoux%2BFrance/,traité (2026-08-22 21:16)
https://www.google.com/maps/search/etablissement+wellness+Creys-Mépieu%2BFrance/,traité (2026-08-22 21:17)
https://www.google.com/maps/search/etablissement+wellness+Creyssac%2BFrance/,traité (2026-08-22 21:19)
https://www.google.com/maps/search/etablissement+wellness+Creysse%2BFrance/,traité (2026-08-22 21:19)
https://www.google.com/maps/search/etablissement+wellness+Creysse%2BFrance/,traité (2026-08-22 21:19)
https://www.google.com/maps/search/etablissement+wellness+Creysseilles%2BFrance/,traité (2026-08-22 21:20)
https://www.google.com/maps/search/etablissement+wellness+Creyssensac-et-Pissot%2BFrance/,traité (2026-08-22 21:21)
https://www.google.com/maps/search/etablissement+wellness+Crézançay-sur-Cher%2BFrance/,traité (2026-08-22 21:23)
https://www.google.com/maps/search/etablissement+wellness+Crézancy%2BFrance/,traité (2026-08-22 21:23)
https://www.google.com/maps/search/etablissement+wellness+Crézancy-en-Sancerre%2BFrance/,traité (2026-08-22 21:23)
https://www.google.com/maps/search/etablissement+wellness+Crézières%2BFrance/,traité (2026-08-22 21:24)
https://www.google.com/maps/search/etablissement+wellness+Crézilles%2BFrance/,échec (2026-08-22 21:26)
https://www.google.com/maps/search/etablissement+wellness+Cricquebœuf%2BFrance/,traité (2026-08-22 21:26)
https://www.google.com/maps/search/etablissement+wellness+Cricqueville-en-Auge%2BFrance/,traité (2026-08-22 21:27)
https://www.google.com/maps/search/etablissement+wellness+Cricqueville-en-Bessin%2BFrance/,traité (2026-08-22 21:28)
https://www.google.com/maps/search/etablissement+wellness+Criel-sur-Mer%2BFrance/,traité (2026-08-22 21:28)
https://www.google.com/maps/search/etablissement+wellness+Crillon%2BFrance/,traité (2026-08-22 21:31)
https://www.google.com/maps/search/etablissement+wellness+Crillon-le-Brave%2BFrance/,traité (2026-08-22 21:31)
https://www.google.com/maps/search/etablissement+wellness+Crimolois%2BFrance/,traité (2026-08-22 21:31)
https://www.google.com/maps/search/etablissement+wellness+Crion%2BFrance/,traité (2026-08-22 21:32)
https://www.google.com/maps/search/etablissement+wellness+La Crique%2BFrance/,traité (2026-08-22 21:33)
https://www.google.com/maps/search/etablissement+wellness+Criquebeuf-en-Caux%2BFrance/,traité (2026-08-22 21:35)
https://www.google.com/maps/search/etablissement+wellness+Criquebeuf-la-Campagne%2BFrance/,traité (2026-08-22 21:35)
https://www.google.com/maps/search/etablissement+wellness+Criquebeuf-sur-Seine%2BFrance/,traité (2026-08-22 21:35)
https://www.google.com/maps/search/etablissement+wellness+Criquetot-l'Esneval%2BFrance/,traité (2026-08-22 21:36)
https://www.google.com/maps/search/etablissement+wellness+Criquetot-le-Mauconduit%2BFrance/,traité (2026-08-22 21:37)
https://www.google.com/maps/search/etablissement+wellness+Criquetot-sur-Longueville%2BFrance/,traité (2026-08-22 21:39)
https://www.google.com/maps/search/etablissement+wellness+Criquetot-sur-Ouville%2BFrance/,traité (2026-08-22 21:39)
https://www.google.com/maps/search/etablissement+wellness+Criquiers%2BFrance/,traité (2026-08-22 21:40)
https://www.google.com/maps/search/etablissement+wellness+Crisenoy%2BFrance/,traité (2026-08-22 21:41)
https://www.google.com/maps/search/etablissement+wellness+Crisolles%2BFrance/,traité (2026-08-22 21:44)
https://www.google.com/maps/search/etablissement+wellness+Crissay-sur-Manse%2BFrance/,traité (2026-08-22 21:44)
https://www.google.com/maps/search/etablissement+wellness+Crissé%2BFrance/,traité (2026-08-22 21:44)
https://www.google.com/maps/search/etablissement+wellness+Crissey%2BFrance/,traité (2026-08-22 21:45)
https://www.google.com/maps/search/etablissement+wellness+Crissey%2BFrance/,traité (2026-08-22 21:45)
https://www.google.com/maps/search/etablissement+wellness+Cristinacce%2BFrance/,traité (2026-08-22 21:47)
https://www.google.com/maps/search/etablissement+wellness+Cristot%2BFrance/,traité (2026-08-22 21:47)
https://www.google.com/maps/search/etablissement+wellness+Criteuil-la-Magdeleine%2BFrance/,traité (2026-08-22 21:48)
https://www.google.com/maps/search/etablissement+wellness+Critot%2BFrance/,traité (2026-08-22 21:49)
https://www.google.com/maps/search/etablissement+wellness+Croce%2BFrance/,traité (2026-08-22 21:52)
https://www.google.com/maps/search/etablissement+wellness+Crochte%2BFrance/,traité (2026-08-22 21:52)
https://www.google.com/maps/search/etablissement+wellness+Crocicchia%2BFrance/,traité (2026-08-22 21:52)
https://www.google.com/maps/search/etablissement+wellness+Crocq%2BFrance/,traité (2026-08-22 21:52)
https://www.google.com/maps/search/etablissement+wellness+Le Crocq%2BFrance/,traité (2026-08-22 21:53)
https://www.google.com/maps/search/etablissement+wellness+Crocy%2BFrance/,traité (2026-08-22 21:55)
https://www.google.com/maps/search/etablissement+wellness+Crœttwiller%2BFrance/,traité (2026-08-22 21:55)
https://www.google.com/maps/search/etablissement+wellness+Croignon%2BFrance/,traité (2026-08-22 21:55)
https://www.google.com/maps/search/etablissement+wellness+Croisette%2BFrance/,traité (2026-08-22 21:56)
https://www.google.com/maps/search/etablissement+wellness+Le Croisic%2BFrance/,traité (2026-08-22 21:56)
https://www.google.com/maps/search/etablissement+wellness+La Croisille%2BFrance/,traité (2026-08-22 21:58)
https://www.google.com/maps/search/etablissement+wellness+La Croisille-sur-Briance%2BFrance/,traité (2026-08-22 21:59)
https://www.google.com/maps/search/etablissement+wellness+Croisilles%2BFrance/,échec (2026-08-22 22:02)
https://www.google.com/maps/search/etablissement+wellness+Croisilles%2BFrance/,échec (2026-08-22 22:02)
https://www.google.com/maps/search/etablissement+wellness+Croisilles%2BFrance/,échec (2026-08-22 22:02)
https://www.google.com/maps/search/etablissement+wellness+Croisilles%2BFrance/,échec (2026-08-22 22:02)
https://www.google.com/maps/search/etablissement+wellness+Croismare%2BFrance/,traité (2026-08-22 22:02)
https://www.google.com/maps/search/etablissement+wellness+Croissanville%2BFrance/,traité (2026-08-22 22:03)
https://www.google.com/maps/search/etablissement+wellness+Croissy-Beaubourg%2BFrance/,traité (2026-08-22 22:03)
https://www.google.com/maps/search/etablissement+wellness+Croissy-sur-Celle%2BFrance/,traité (2026-08-22 22:06)
https://www.google.com/maps/search/etablissement+wellness+Croissy-sur-Seine%2BFrance/,traité (2026-08-22 22:06)
https://www.google.com/maps/search/etablissement+wellness+Le Croisty%2BFrance/,traité (2026-08-22 22:06)
https://www.google.com/maps/search/etablissement+wellness+Croisy%2BFrance/,traité (2026-08-22 22:06)
https://www.google.com/maps/search/etablissement+wellness+Croisy-sur-Andelle%2BFrance/,traité (2026-08-22 22:07)
https://www.google.com/maps/search/etablissement+wellness+Croisy-sur-Eure%2BFrance/,traité (2026-08-22 22:10)
https://www.google.com/maps/search/etablissement+wellness+Croix%2BFrance/,traité (2026-08-22 22:10)
https://www.google.com/maps/search/etablissement+wellness+Croix%2BFrance/,traité (2026-08-22 22:10)
https://www.google.com/maps/search/etablissement+wellness+La Croix-aux-Bois%2BFrance/,traité (2026-08-22 22:11)
https://www.google.com/maps/search/etablissement+wellness+La Croix-aux-Mines%2BFrance/,traité (2026-08-22 22:13)
https://www.google.com/maps/search/etablissement+wellness+La Croix-Avranchin%2BFrance/,traité (2026-08-22 22:13)
https://www.google.com/maps/search/etablissement+wellness+La Croix-Blanche%2BFrance/,traité (2026-08-22 22:13)
https://www.google.com/maps/search/etablissement+wellness+Croix-Caluyau%2BFrance/,traité (2026-08-22 22:13)
https://www.google.com/maps/search/etablissement+wellness+Croix-Chapeau%2BFrance/,traité (2026-08-22 22:14)
https://www.google.com/maps/search/etablissement+wellness+La Croix-Comtesse%2BFrance/,traité (2026-08-22 22:17)
https://www.google.com/maps/search/etablissement+wellness+La Croix-de-la-Rochette%2BFrance/,traité (2026-08-22 22:17)
https://www.google.com/maps/search/etablissement+wellness+La Croix-du-Perche%2BFrance/,traité (2026-08-22 22:17)
https://www.google.com/maps/search/etablissement+wellness+La Croix-en-Brie%2BFrance/,traité (2026-08-22 22:17)
https://www.google.com/maps/search/etablissement+wellness+La Croix-en-Champagne%2BFrance/,traité (2026-08-22 22:18)
https://www.google.com/maps/search/etablissement+wellness+Croix-en-Ternois%2BFrance/,traité (2026-08-22 22:20)
https://www.google.com/maps/search/etablissement+wellness+La Croix-en-Touraine%2BFrance/,traité (2026-08-22 22:20)
https://www.google.com/maps/search/etablissement+wellness+Croix-Fonsomme%2BFrance/,traité (2026-08-22 22:20)
https://www.google.com/maps/search/etablissement+wellness+La Croix-Helléan%2BFrance/,
https://www.google.com/maps/search/etablissement+wellness+Croix-Mare%2BFrance/,
https://www.google.com/maps/search/etablissement+wellness+Croix-Moligneaux%2BFrance/,
https://www.google.com/maps/search/etablissement+wellness+La Croix-sur-Gartempe%2BFrance/,
https://www.google.com/maps/search/etablissement+wellness+La Croix-sur-Ourcq%2BFrance/,
https://www.google.com/maps/search/etablissement+wellness+La Croix-sur-Roudoule%2BFrance/,
https://www.google.com/maps/search/etablissement+wellness+La Croix-Valmer%2BFrance/,
https://www.google.com/maps/search/etablissement+wellness+Croixanvec%2BFrance/,
https://www.google.com/maps/search/etablissement+wellness+Croixdalle%2BFrance/,
https://www.google.com/maps/search/etablissement+wellness+La Croixille%2BFrance/,
https://www.google.com/maps/search/etablissement+wellness+Croixrault%2BFrance/,
https://www.google.com/maps/search/etablissement+wellness+Croizet-sur-Gand%2BFrance/,
https://www.google.com/maps/search/etablissement+wellness+Crolles%2BFrance/,
https://www.google.com/maps/search/etablissement+wellness+Crollon%2BFrance/,
https://www.google.com/maps/search/etablissement+wellness+Cromac%2BFrance/,
https://www.google.com/maps/search/etablissement+wellness+Cromary%2BFrance/,
https://www.google.com/maps/search/etablissement+wellness+Cronat%2BFrance/,
https://www.google.com/maps/search/etablissement+wellness+Cronce%2BFrance/,
https://www.google.com/maps/search/etablissement+wellness+La Cropte%2BFrance/,
https://www.google.com/maps/search/etablissement+wellness+Cropus%2BFrance/,
https://www.google.com/maps/search/etablissement+wellness+Cros%2BFrance/,
https://www.google.com/maps/search/etablissement+wellness+Le Cros%2BFrance/,
https://www.google.com/maps/search/etablissement+wellness+Cros%2BFrance/,
https://www.google.com/maps/search/etablissement+wellness+Cros-de-Géorand%2BFrance/,
https://www.google.com/maps/search/etablissement+wellness+Cros-de-Montvert%2BFrance/,
https://www.google.com/maps/search/etablissement+wellness+Cros-de-Ronesque%2BFrance/,
https://www.google.com/maps/search/etablissement+wellness+Crosey-le-Grand%2BFrance/,
https://www.google.com/maps/search/etablissement+wellness+Crosey-le-Petit%2BFrance/,
https://www.google.com/maps/search/etablissement+wellness+Crosmières%2BFrance/,
https://www.google.com/maps/search/etablissement+wellness+Crosne%2BFrance/,
https://www.google.com/maps/search/etablissement+wellness+Crossac%2BFrance/,
https://www.google.com/maps/search/etablissement+wellness+Crosses%2BFrance/,
https://www.google.com/maps/search/etablissement+wellness+Crosville-la-Vieille%2BFrance/,
https://www.google.com/maps/search/etablissement+wellness+Crosville-sur-Douve%2BFrance/,
https://www.google.com/maps/search/etablissement+wellness+Crosville-sur-Scie%2BFrance/,
https://www.google.com/maps/search/etablissement+wellness+Crotelles%2BFrance/,
https://www.google.com/maps/search/etablissement+wellness+Crotenay%2BFrance/,
https://www.google.com/maps/search/etablissement+wellness+Croth%2BFrance/,
https://www.google.com/maps/search/etablissement+wellness+Le Crotoy%2BFrance/,
https://www.google.com/maps/search/etablissement+wellness+Crots%2BFrance/,
https://www.google.com/maps/search/etablissement+wellness+Crottes-en-Pithiverais%2BFrance/,
https://www.google.com/maps/search/etablissement+wellness+Crottet%2BFrance/,
https://www.google.com/maps/search/etablissement+wellness+Le Crouais%2BFrance/,
https://www.google.com/maps/search/etablissement+wellness+Crouay%2BFrance/,
https://www.google.com/maps/search/etablissement+wellness+Crouseilles%2BFrance/,
https://www.google.com/maps/search/etablissement+wellness+Croutelle%2BFrance/,
https://www.google.com/maps/search/etablissement+wellness+Les Croûtes%2BFrance/,
https://www.google.com/maps/search/etablissement+wellness+Croutoy%2BFrance/,
https://www.google.com/maps/search/etablissement+wellness+Crouttes%2BFrance/,
https://www.google.com/maps/search/etablissement+wellness+Crouttes-sur-Marne%2BFrance/,
https://www.google.com/maps/search/etablissement+wellness+Crouy%2BFrance/,
https://www.google.com/maps/search/etablissement+wellness+Crouy-en-Thelle%2BFrance/,
https://www.google.com/maps/search/etablissement+wellness+Crouy-Saint-Pierre%2BFrance/,
https://www.google.com/maps/search/etablissement+wellness+Crouy-sur-Cosson%2BFrance/,
https://www.google.com/maps/search/etablissement+wellness+Crouy-sur-Ourcq%2BFrance/,
https://www.google.com/maps/search/etablissement+wellness+Le Crouzet%2BFrance/,
https://www.google.com/maps/search/etablissement+wellness+Crouzet-Migette%2BFrance/,
https://www.google.com/maps/search/etablissement+wellness+La Crouzille%2BFrance/,
https://www.google.com/maps/search/etablissement+wellness+Crouzilles%2BFrance/,
https://www.google.com/maps/search/etablissement+wellness+Crozant%2BFrance/,
https://www.google.com/maps/search/etablissement+wellness+Croze%2BFrance/,
https://www.google.com/maps/search/etablissement+wellness+Crozes-Hermitage%2BFrance/,
https://www.google.com/maps/search/etablissement+wellness+Crozet%2BFrance/,
https://www.google.com/maps/search/etablissement+wellness+Le Crozet%2BFrance/,
https://www.google.com/maps/search/etablissement+wellness+Les Crozets%2BFrance/,
https://www.google.com/maps/search/etablissement+wellness+Crozon%2BFrance/,
https://www.google.com/maps/search/etablissement+wellness+Crozon-sur-Vauvre%2BFrance/,
https://www.google.com/maps/search/etablissement+wellness+Cruas%2BFrance/,
https://www.google.com/maps/search/etablissement+wellness+Crucey-Villages%2BFrance/,
https://www.google.com/maps/search/etablissement+wellness+Crucheray%2BFrance/,
https://www.google.com/maps/search/etablissement+wellness+Cruet%2BFrance/,
https://www.google.com/maps/search/etablissement+wellness+Crugey%2BFrance/,
https://www.google.com/maps/search/etablissement+wellness+Crugny%2BFrance/,
https://www.google.com/maps/search/etablissement+wellness+Cruguel%2BFrance/,
https://www.google.com/maps/search/etablissement+wellness+Cruis%2BFrance/,
https://www.google.com/maps/search/etablissement+wellness+Crulai%2BFrance/,
https://www.google.com/maps/search/etablissement+wellness+Crupies%2BFrance/,
https://www.google.com/maps/search/etablissement+wellness+Crupilly%2BFrance/,
https://www.google.com/maps/search/etablissement+wellness+Cruscades%2BFrance/,
https://www.google.com/maps/search/etablissement+wellness+Cruseilles%2BFrance/,
https://www.google.com/maps/search/etablissement+wellness+Crusnes%2BFrance/,
https://www.google.com/maps/search/etablissement+wellness+Cruviers-Lascours%2BFrance/,
https://www.google.com/maps/search/etablissement+wellness+Crux-la-Ville%2BFrance/,
https://www.google.com/maps/search/etablissement+wellness+Cruzille%2BFrance/,
https://www.google.com/maps/search/etablissement+wellness+Cruzilles-lès-Mépillat%2BFrance/,
https://www.google.com/maps/search/etablissement+wellness+Cruzy%2BFrance/,
https://www.google.com/maps/search/etablissement+wellness+Cruzy-le-Châtel%2BFrance/,
https://www.google.com/maps/search/etablissement+wellness+Cry%2BFrance/,
https://www.google.com/maps/search/etablissement+wellness+Cubelles%2BFrance/,
https://www.google.com/maps/search/etablissement+wellness+Cubières%2BFrance/,
https://www.google.com/maps/search/etablissement+wellness+Cubières-sur-Cinoble%2BFrance/,
https://www.google.com/maps/search/etablissement+wellness+Cubiérettes%2BFrance/,
https://www.google.com/maps/search/etablissement+wellness+Cubjac-Auvézère-Val d'Ans%2BFrance/,
https://www.google.com/maps/search/etablissement+wellness+Cublac%2BFrance/,
https://www.google.com/maps/search/etablissement+wellness+Cublize%2BFrance/,
https://www.google.com/maps/search/etablissement+wellness+Cubnezais%2BFrance/,
https://www.google.com/maps/search/etablissement+wellness+Cubrial%2BFrance/,
https://www.google.com/maps/search/etablissement+wellness+Cubry%2BFrance/,
https://www.google.com/maps/search/etablissement+wellness+Cubry-lès-Faverney%2BFrance/,
https://www.google.com/maps/search/etablissement+wellness+Cubzac-les-Ponts%2BFrance/,
https://www.google.com/maps/search/etablissement+wellness+Cucharmoy%2BFrance/,
https://www.google.com/maps/search/etablissement+wellness+Cuchery%2BFrance/,
https://www.google.com/maps/search/etablissement+wellness+Cucq%2BFrance/,
https://www.google.com/maps/search/etablissement+wellness+Cucugnan%2BFrance/,
https://www.google.com/maps/search/etablissement+wellness+Cucuron%2BFrance/,
https://www.google.com/maps/search/etablissement+wellness+Cudos%2BFrance/,
https://www.google.com/maps/search/etablissement+wellness+Cudot%2BFrance/,
https://www.google.com/maps/search/etablissement+wellness+Cuébris%2BFrance/,
https://www.google.com/maps/search/etablissement+wellness+Cuélas%2BFrance/,
https://www.google.com/maps/search/etablissement+wellness+Cuers%2BFrance/,
https://www.google.com/maps/search/etablissement+wellness+Cuffies%2BFrance/,
https://www.google.com/maps/search/etablissement+wellness+Cuffy%2BFrance/,
https://www.google.com/maps/search/etablissement+wellness+Cugand%2BFrance/,
https://www.google.com/maps/search/etablissement+wellness+Cuges-les-Pins%2BFrance/,
https://www.google.com/maps/search/etablissement+wellness+Cugnaux%2BFrance/,
https://www.google.com/maps/search/etablissement+wellness+Cugney%2BFrance/,
https://www.google.com/maps/search/etablissement+wellness+Cugny%2BFrance/,
https://www.google.com/maps/search/etablissement+wellness+Cuguen%2BFrance/,
https://www.google.com/maps/search/etablissement+wellness+Cuguron%2BFrance/,
https://www.google.com/maps/search/etablissement+wellness+Cuhon%2BFrance/,
https://www.google.com/maps/search/etablissement+wellness+Cuignières%2BFrance/,
https://www.google.com/maps/search/etablissement+wellness+Cuigy-en-Bray%2BFrance/,
https://www.google.com/maps/search/etablissement+wellness+Cuillé%2BFrance/,
https://www.google.com/maps/search/etablissement+wellness+Cuinchy%2BFrance/,
https://www.google.com/maps/search/etablissement+wellness+Cuincy%2BFrance/,
https://www.google.com/maps/search/etablissement+wellness+Le Cuing%2BFrance/,
https://www.google.com/maps/search/etablissement+wellness+Cuinzier%2BFrance/,
https://www.google.com/maps/search/etablissement+wellness+Cuirieux%2BFrance/,
https://www.google.com/maps/search/etablissement+wellness+Cuiry-Housse%2BFrance/,
https://www.google.com/maps/search/etablissement+wellness+Cuiry-lès-Chaudardes%2BFrance/,
https://www.google.com/maps/search/etablissement+wellness+Cuiry-lès-Iviers%2BFrance/,
https://www.google.com/maps/search/etablissement+wellness+Cuis%2BFrance/,
https://www.google.com/maps/search/etablissement+wellness+Cuise-la-Motte%2BFrance/,
https://www.google.com/maps/search/etablissement+wellness+Cuiseaux%2BFrance/,
https://www.google.com/maps/search/etablissement+wellness+Cuiserey%2BFrance/,
https://www.google.com/maps/search/etablissement+wellness+Cuisery%2BFrance/,
https://www.google.com/maps/search/etablissement+wellness+Cuisia%2BFrance/,
https://www.google.com/maps/search/etablissement+wellness+Cuisles%2BFrance/,
https://www.google.com/maps/search/etablissement+wellness+Cuissai%2BFrance/,
https://www.google.com/maps/search/etablissement+wellness+Cuissy-et-Geny%2BFrance/,
https://www.google.com/maps/search/etablissement+wellness+Cuisy%2BFrance/,
https://www.google.com/maps/search/etablissement+wellness+Cuisy%2BFrance/,
https://www.google.com/maps/search/etablissement+wellness+Cuisy-en-Almont%2BFrance/,
https://www.google.com/maps/search/etablissement+wellness+Culan%2BFrance/,
https://www.google.com/maps/search/etablissement+wellness+Culètre%2BFrance/,
https://www.google.com/maps/search/etablissement+wellness+Culey%2BFrance/,
https://www.google.com/maps/search/etablissement+wellness+Culey-le-Patry%2BFrance/,
https://www.google.com/maps/search/etablissement+wellness+Culhat%2BFrance/,
https://www.google.com/maps/search/etablissement+wellness+Culin%2BFrance/,
https://www.google.com/maps/search/etablissement+wellness+Culles-les-Roches%2BFrance/,
https://www.google.com/maps/search/etablissement+wellness+Cully%2BFrance/,
https://www.google.com/maps/search/etablissement+wellness+Culmont%2BFrance/,
https://www.google.com/maps/search/etablissement+wellness+Culoz%2BFrance/,
https://www.google.com/maps/search/etablissement+wellness+Cult%2BFrance/,
https://www.google.com/maps/search/etablissement+wellness+Cultures%2BFrance/,
https://www.google.com/maps/search/etablissement+wellness+Cumières%2BFrance/,
https://www.google.com/maps/search/etablissement+wellness+Cumières-le-Mort-Homme%2BFrance/,
https://www.google.com/maps/search/etablissement+wellness+Cumiès%2BFrance/,
https://www.google.com/maps/search/etablissement+wellness+Cumont%2BFrance/,
https://www.google.com/maps/search/etablissement+wellness+Cunac%2BFrance/,
https://www.google.com/maps/search/etablissement+wellness+Cuncy-lès-Varzy%2BFrance/,
https://www.google.com/maps/search/etablissement+wellness+Cunèges%2BFrance/,
https://www.google.com/maps/search/etablissement+wellness+Cunel%2BFrance/,
https://www.google.com/maps/search/etablissement+wellness+Cunelières%2BFrance/,
https://www.google.com/maps/search/etablissement+wellness+Cunfin%2BFrance/,
https://www.google.com/maps/search/etablissement+wellness+Cunlhat%2BFrance/,
https://www.google.com/maps/search/etablissement+wellness+Cuperly%2BFrance/,
https://www.google.com/maps/search/etablissement+wellness+Cuq%2BFrance/,
https://www.google.com/maps/search/etablissement+wellness+Cuq%2BFrance/,
https://www.google.com/maps/search/etablissement+wellness+Cuq-Toulza%2BFrance/,
https://www.google.com/maps/search/etablissement+wellness+Cuqueron%2BFrance/,
https://www.google.com/maps/search/etablissement+wellness+Curac%2BFrance/,
https://www.google.com/maps/search/etablissement+wellness+Curan%2BFrance/,
https://www.google.com/maps/search/etablissement+wellness+Curbans%2BFrance/,
https://www.google.com/maps/search/etablissement+wellness+Curbigny%2BFrance/,
https://www.google.com/maps/search/etablissement+wellness+Curçay-sur-Dive%2BFrance/,
https://www.google.com/maps/search/etablissement+wellness+Curchy%2BFrance/,
https://www.google.com/maps/search/etablissement+wellness+Curciat-Dongalon%2BFrance/,
https://www.google.com/maps/search/etablissement+wellness+Curdin%2BFrance/,
https://www.google.com/maps/search/etablissement+wellness+Curel%2BFrance/,
https://www.google.com/maps/search/etablissement+wellness+Curel%2BFrance/,
https://www.google.com/maps/search/etablissement+wellness+Curemonte%2BFrance/,
https://www.google.com/maps/search/etablissement+wellness+Cures%2BFrance/,
https://www.google.com/maps/search/etablissement+wellness+Curgies%2BFrance/,
https://www.google.com/maps/search/etablissement+wellness+Curgy%2BFrance/,
https://www.google.com/maps/search/etablissement+wellness+Curienne%2BFrance/,
https://www.google.com/maps/search/etablissement+wellness+Curières%2BFrance/,
https://www.google.com/maps/search/etablissement+wellness+Curis-au-Mont-d'Or%2BFrance/,
https://www.google.com/maps/search/etablissement+wellness+Curley%2BFrance/,
https://www.google.com/maps/search/etablissement+wellness+Curlu%2BFrance/,
https://www.google.com/maps/search/etablissement+wellness+Curmont%2BFrance/,
https://www.google.com/maps/search/etablissement+wellness+Curnier%2BFrance/,
https://www.google.com/maps/search/etablissement+wellness+Cursan%2BFrance/,
https://www.google.com/maps/search/etablissement+wellness+Curtafond%2BFrance/,
https://www.google.com/maps/search/etablissement+wellness+Curtil-Saint-Seine%2BFrance/,
https://www.google.com/maps/search/etablissement+wellness+Curtil-sous-Buffières%2BFrance/,
https://www.google.com/maps/search/etablissement+wellness+Curtil-sous-Burnand%2BFrance/,
https://www.google.com/maps/search/etablissement+wellness+Curtil-Vergy%2BFrance/,
https://www.google.com/maps/search/etablissement+wellness+Curvalle%2BFrance/,
https://www.google.com/maps/search/etablissement+wellness+Curzay-sur-Vonne%2BFrance/,
https://www.google.com/maps/search/etablissement+wellness+Curzon%2BFrance/,
https://www.google.com/maps/search/etablissement+wellness+Cusance%2BFrance/,
https://www.google.com/maps/search/etablissement+wellness+Cuse-et-Adrisans%2BFrance/,
https://www.google.com/maps/search/etablissement+wellness+Cusey%2BFrance/,
https://www.google.com/maps/search/etablissement+wellness+Cussac%2BFrance/,
https://www.google.com/maps/search/etablissement+wellness+Cussac%2BFrance/,
https://www.google.com/maps/search/etablissement+wellness+Cussac-Fort-Médoc%2BFrance/,
https://www.google.com/maps/search/etablissement+wellness+Cussac-sur-Loire%2BFrance/,
https://www.google.com/maps/search/etablissement+wellness+Cussangy%2BFrance/,
https://www.google.com/maps/search/etablissement+wellness+Cussay%2BFrance/,
https://www.google.com/maps/search/etablissement+wellness+Cusset%2BFrance/,
https://www.google.com/maps/search/etablissement+wellness+Cussey-les-Forges%2BFrance/,
https://www.google.com/maps/search/etablissement+wellness+Cussey-sur-l'Ognon%2BFrance/,
https://www.google.com/maps/search/etablissement+wellness+Cussey-sur-Lison%2BFrance/,
https://www.google.com/maps/search/etablissement+wellness+Cussy%2BFrance/,
https://www.google.com/maps/search/etablissement+wellness+Cussy-en-Morvan%2BFrance/,
https://www.google.com/maps/search/etablissement+wellness+Cussy-la-Colonne%2BFrance/,
https://www.google.com/maps/search/etablissement+wellness+Cussy-le-Châtel%2BFrance/,
https://www.google.com/maps/search/etablissement+wellness+Cussy-les-Forges%2BFrance/,
https://www.google.com/maps/search/etablissement+wellness+Custines%2BFrance/,
https://www.google.com/maps/search/etablissement+wellness+Cusy%2BFrance/,
https://www.google.com/maps/search/etablissement+wellness+Cutry%2BFrance/,
https://www.google.com/maps/search/etablissement+wellness+Cutry%2BFrance/,
https://www.google.com/maps/search/etablissement+wellness+Cuts%2BFrance/,
https://www.google.com/maps/search/etablissement+wellness+Cutting%2BFrance/,
https://www.google.com/maps/search/etablissement+wellness+Cuttoli-Corticchiato%2BFrance/,
https://www.google.com/maps/search/etablissement+wellness+Cuttura%2BFrance/,
https://www.google.com/maps/search/etablissement+wellness+Cuvat%2BFrance/,
https://www.google.com/maps/search/etablissement+wellness+Cuve%2BFrance/,
https://www.google.com/maps/search/etablissement+wellness+Cuvergnon%2BFrance/,
https://www.google.com/maps/search/etablissement+wellness+Cuverville%2BFrance/,
https://www.google.com/maps/search/etablissement+wellness+Cuverville%2BFrance/,
https://www.google.com/maps/search/etablissement+wellness+Cuverville%2BFrance/,
https://www.google.com/maps/search/etablissement+wellness+Cuverville-sur-Yères%2BFrance/,
https://www.google.com/maps/search/etablissement+wellness+Cuves%2BFrance/,
https://www.google.com/maps/search/etablissement+wellness+Cuves%2BFrance/,
https://www.google.com/maps/search/etablissement+wellness+Cuvier%2BFrance/,
https://www.google.com/maps/search/etablissement+wellness+Cuvillers%2BFrance/,
https://www.google.com/maps/search/etablissement+wellness+Cuvilly%2BFrance/,
https://www.google.com/maps/search/etablissement+wellness+Cuvry%2BFrance/,
https://www.google.com/maps/search/etablissement+wellness+Cuxac-Cabardès%2BFrance/,
https://www.google.com/maps/search/etablissement+wellness+Cuxac-d'Aude%2BFrance/,
https://www.google.com/maps/search/etablissement+wellness+Cuy%2BFrance/,
https://www.google.com/maps/search/etablissement+wellness+Cuy%2BFrance/,
https://www.google.com/maps/search/etablissement+wellness+Cuy-Saint-Fiacre%2BFrance/,
https://www.google.com/maps/search/etablissement+wellness+Cuzac%2BFrance/,
https://www.google.com/maps/search/etablissement+wellness+Cuzance%2BFrance/,
https://www.google.com/maps/search/etablissement+wellness+Cuzieu%2BFrance/,
https://www.google.com/maps/search/etablissement+wellness+Cuzieu%2BFrance/,
https://www.google.com/maps/search/etablissement+wellness+Cuzion%2BFrance/,
https://www.google.com/maps/search/etablissement+wellness+Cuzorn%2BFrance/,
https://www.google.com/maps/search/etablissement+wellness+Cuzy%2BFrance/,
https://www.google.com/maps/search/etablissement+wellness+Cys-la-Commune%2BFrance/,
https://www.google.com/maps/search/etablissement+wellness+Cysoing%2BFrance/,
https://www.google.com/maps/search/etablissement+wellness+D'Huison-Longueville%2BFrance/,
https://www.google.com/maps/search/etablissement+wellness+Dabo%2BFrance/,
https://www.google.com/maps/search/etablissement+wellness+Dachstein%2BFrance/,
https://www.google.com/maps/search/etablissement+wellness+Dadonville%2BFrance/,
https://www.google.com/maps/search/etablissement+wellness+Daglan%2BFrance/,
https://www.google.com/maps/search/etablissement+wellness+Dagneux%2BFrance/,
https://www.google.com/maps/search/etablissement+wellness+Dagny%2BFrance/,
https://www.google.com/maps/search/etablissement+wellness+Dagny-Lambercy%2BFrance/,
https://www.google.com/maps/search/etablissement+wellness+Dagonville%2BFrance/,
https://www.google.com/maps/search/etablissement+wellness+Dahlenheim%2BFrance/,
https://www.google.com/maps/search/etablissement+wellness+Daignac%2BFrance/,
https://www.google.com/maps/search/etablissement+wellness+Daigny%2BFrance/,
https://www.google.com/maps/search/etablissement+wellness+Daillancourt%2BFrance/,
https://www.google.com/maps/search/etablissement+wellness+Daillecourt%2BFrance/,
https://www.google.com/maps/search/etablissement+wellness+Dainville%2BFrance/,
https://www.google.com/maps/search/etablissement+wellness+Dainville-Bertheléville%2BFrance/,
https://www.google.com/maps/search/etablissement+wellness+Daix%2BFrance/,
https://www.google.com/maps/search/etablissement+wellness+Dalem%2BFrance/,
https://www.google.com/maps/search/etablissement+wellness+Dalhain%2BFrance/,
https://www.google.com/maps/search/etablissement+wellness+Dalhunden%2BFrance/,
https://www.google.com/maps/search/etablissement+wellness+Dallet%2BFrance/,
https://www.google.com/maps/search/etablissement+wellness+Dallon%2BFrance/,
https://www.google.com/maps/search/etablissement+wellness+Dalou%2BFrance/,
https://www.google.com/maps/search/etablissement+wellness+Dalstein%2BFrance/,
https://www.google.com/maps/search/etablissement+wellness+Daluis%2BFrance/,
https://www.google.com/maps/search/etablissement+wellness+Damas-aux-Bois%2BFrance/,
https://www.google.com/maps/search/etablissement+wellness+Damas-et-Bettegney%2BFrance/,
https://www.google.com/maps/search/etablissement+wellness+Damazan%2BFrance/,
https://www.google.com/maps/search/etablissement+wellness+Dambach%2BFrance/,
https://www.google.com/maps/search/etablissement+wellness+Dambach-la-Ville%2BFrance/,
https://www.google.com/maps/search/etablissement+wellness+Dambelin%2BFrance/,
https://www.google.com/maps/search/etablissement+wellness+Dambenois%2BFrance/,
https://www.google.com/maps/search/etablissement+wellness+Dambenoît-lès-Colombe%2BFrance/,
https://www.google.com/maps/search/etablissement+wellness+Damblain%2BFrance/,
https://www.google.com/maps/search/etablissement+wellness+Damblainville%2BFrance/,
https://www.google.com/maps/search/etablissement+wellness+Dambron%2BFrance/,
https://www.google.com/maps/search/etablissement+wellness+Dame-Marie%2BFrance/,
https://www.google.com/maps/search/etablissement+wellness+Dame-Marie-les-Bois%2BFrance/,
https://www.google.com/maps/search/etablissement+wellness+Damelevières%2BFrance/,
https://www.google.com/maps/search/etablissement+wellness+Daméraucourt%2BFrance/,
https://www.google.com/maps/search/etablissement+wellness+Damerey%2BFrance/,
https://www.google.com/maps/search/etablissement+wellness+Damery%2BFrance/,
https://www.google.com/maps/search/etablissement+wellness+Damery%2BFrance/,
https://www.google.com/maps/search/etablissement+wellness+Damgan%2BFrance/,traité (2026-08-22 20:51)
https://www.google.com/maps/search/etablissement+wellness+Damiatte%2BFrance/,traité (2026-08-22 20:52)
https://www.google.com/maps/search/etablissement+wellness+Damigny%2BFrance/,traité (2026-08-22 20:52)
https://www.google.com/maps/search/etablissement+wellness+Damloup%2BFrance/,traité (2026-08-22 20:53)
https://www.google.com/maps/search/etablissement+wellness+Dammard%2BFrance/,traité (2026-08-22 20:54)
https://www.google.com/maps/search/etablissement+wellness+Dammarie%2BFrance/,traité (2026-08-22 20:56)
https://www.google.com/maps/search/etablissement+wellness+Dammarie-en-Puisaye%2BFrance/,traité (2026-08-22 20:56)
https://www.google.com/maps/search/etablissement+wellness+Dammarie-les-Lys%2BFrance/,traité (2026-08-22 20:57)
https://www.google.com/maps/search/etablissement+wellness+Dammarie-sur-Loing%2BFrance/,traité (2026-08-22 20:57)
https://www.google.com/maps/search/etablissement+wellness+Dammarie-sur-Saulx%2BFrance/,traité (2026-08-22 21:00)
https://www.google.com/maps/search/etablissement+wellness+Dammartin-en-Goële%2BFrance/,traité (2026-08-22 21:00)
https://www.google.com/maps/search/etablissement+wellness+Dammartin-en-Serve%2BFrance/,traité (2026-08-22 21:00)
https://www.google.com/maps/search/etablissement+wellness+Dammartin-les-Templiers%2BFrance/,traité (2026-08-22 21:00)
https://www.google.com/maps/search/etablissement+wellness+Dammartin-Marpain%2BFrance/,traité (2026-08-22 21:01)
https://www.google.com/maps/search/etablissement+wellness+Dammartin-sur-Meuse%2BFrance/,traité (2026-08-22 21:04)
https://www.google.com/maps/search/etablissement+wellness+Dammartin-sur-Tigeaux%2BFrance/,traité (2026-08-22 21:04)
https://www.google.com/maps/search/etablissement+wellness+Damousies%2BFrance/,traité (2026-08-22 21:04)
https://www.google.com/maps/search/etablissement+wellness+Damouzy%2BFrance/,traité (2026-08-22 21:05)
https://www.google.com/maps/search/etablissement+wellness+Damparis%2BFrance/,traité (2026-08-22 21:05)
https://www.google.com/maps/search/etablissement+wellness+Dampierre%2BFrance/,traité (2026-08-22 21:08)
https://www.google.com/maps/search/etablissement+wellness+Dampierre%2BFrance/,traité (2026-08-22 21:08)
https://www.google.com/maps/search/etablissement+wellness+Dampierre%2BFrance/,traité (2026-08-22 21:08)
https://www.google.com/maps/search/etablissement+wellness+Dampierre%2BFrance/,traité (2026-08-22 21:08)
https://www.google.com/maps/search/etablissement+wellness+Dampierre-au-Temple%2BFrance/,traité (2026-08-22 21:11)
https://www.google.com/maps/search/etablissement+wellness+Dampierre-en-Bray%2BFrance/,traité (2026-08-22 21:11)
https://www.google.com/maps/search/etablissement+wellness+Dampierre-en-Bresse%2BFrance/,traité (2026-08-22 21:11)
https://www.google.com/maps/search/etablissement+wellness+Dampierre-en-Burly%2BFrance/,traité (2026-08-22 21:11)
https://www.google.com/maps/search/etablissement+wellness+Dampierre-en-Crot%2BFrance/,traité (2026-08-22 21:12)
https://www.google.com/maps/search/etablissement+wellness+Dampierre-en-Graçay%2BFrance/,traité (2026-08-22 21:15)
https://www.google.com/maps/search/etablissement+wellness+Dampierre-en-Montagne%2BFrance/,traité (2026-08-22 21:15)
https://www.google.com/maps/search/etablissement+wellness+Dampierre-en-Yvelines%2BFrance/,traité (2026-08-22 21:15)
https://www.google.com/maps/search/etablissement+wellness+Dampierre-et-Flée%2BFrance/,traité (2026-08-22 21:16)
https://www.google.com/maps/search/etablissement+wellness+Dampierre-le-Château%2BFrance/,traité (2026-08-22 21:17)
https://www.google.com/maps/search/etablissement+wellness+Dampierre-les-Bois%2BFrance/,traité (2026-08-22 21:19)
https://www.google.com/maps/search/etablissement+wellness+Dampierre-lès-Conflans%2BFrance/,traité (2026-08-22 21:19)
https://www.google.com/maps/search/etablissement+wellness+Dampierre-Saint-Nicolas%2BFrance/,traité (2026-08-22 21:20)
https://www.google.com/maps/search/etablissement+wellness+Dampierre-sous-Bouhy%2BFrance/,traité (2026-08-22 21:20)
https://www.google.com/maps/search/etablissement+wellness+Dampierre-sous-Brou%2BFrance/,traité (2026-08-22 21:23)
https://www.google.com/maps/search/etablissement+wellness+Dampierre-sur-Avre%2BFrance/,traité (2026-08-22 21:23)
https://www.google.com/maps/search/etablissement+wellness+Dampierre-sur-Boutonne%2BFrance/,traité (2026-08-22 21:23)
https://www.google.com/maps/search/etablissement+wellness+Dampierre-sur-le-Doubs%2BFrance/,traité (2026-08-22 21:23)
https://www.google.com/maps/search/etablissement+wellness+Dampierre-sur-Linotte%2BFrance/,traité (2026-08-22 21:24)
https://www.google.com/maps/search/etablissement+wellness+Dampierre-sur-Moivre%2BFrance/,traité (2026-08-22 21:26)
https://www.google.com/maps/search/etablissement+wellness+Dampierre-sur-Salon%2BFrance/,traité (2026-08-22 21:26)
https://www.google.com/maps/search/etablissement+wellness+Dampjoux%2BFrance/,échec (2026-08-22 21:27)
https://www.google.com/maps/search/etablissement+wellness+Dampleux%2BFrance/,traité (2026-08-22 21:28)
https://www.google.com/maps/search/etablissement+wellness+Dampmart%2BFrance/,traité (2026-08-22 21:28)
https://www.google.com/maps/search/etablissement+wellness+Dampniat%2BFrance/,traité (2026-08-22 21:31)
https://www.google.com/maps/search/etablissement+wellness+Damprichard%2BFrance/,échec (2026-08-22 21:31)
https://www.google.com/maps/search/etablissement+wellness+Les Damps%2BFrance/,traité (2026-08-22 21:31)
https://www.google.com/maps/search/etablissement+wellness+Dampvalley-lès-Colombe%2BFrance/,traité (2026-08-22 21:32)
https://www.google.com/maps/search/etablissement+wellness+Dampvalley-Saint-Pancras%2BFrance/,traité (2026-08-22 21:33)
https://www.google.com/maps/search/etablissement+wellness+Dampvitoux%2BFrance/,traité (2026-08-22 21:35)
https://www.google.com/maps/search/etablissement+wellness+Damrémont%2BFrance/,traité (2026-08-22 21:35)
https://www.google.com/maps/search/etablissement+wellness+Damvillers%2BFrance/,traité (2026-08-22 21:36)
https://www.google.com/maps/search/etablissement+wellness+Damvix%2BFrance/,traité (2026-08-22 21:36)
https://www.google.com/maps/search/etablissement+wellness+Dancé%2BFrance/,traité (2026-08-22 21:39)
https://www.google.com/maps/search/etablissement+wellness+Dancevoir%2BFrance/,traité (2026-08-22 21:39)
https://www.google.com/maps/search/etablissement+wellness+Dancourt%2BFrance/,traité (2026-08-22 21:39)
https://www.google.com/maps/search/etablissement+wellness+Dancourt-Popincourt%2BFrance/,traité (2026-08-22 21:40)
https://www.google.com/maps/search/etablissement+wellness+Dancy%2BFrance/,traité (2026-08-22 21:41)
https://www.google.com/maps/search/etablissement+wellness+Danestal%2BFrance/,traité (2026-08-22 21:44)
https://www.google.com/maps/search/etablissement+wellness+Dangé-Saint-Romain%2BFrance/,traité (2026-08-22 21:44)
https://www.google.com/maps/search/etablissement+wellness+Dangeau%2BFrance/,traité (2026-08-22 21:44)
https://www.google.com/maps/search/etablissement+wellness+Dangers%2BFrance/,traité (2026-08-22 21:44)
https://www.google.com/maps/search/etablissement+wellness+Dangeul%2BFrance/,traité (2026-08-22 21:45)
https://www.google.com/maps/search/etablissement+wellness+Dangolsheim%2BFrance/,traité (2026-08-22 21:47)
https://www.google.com/maps/search/etablissement+wellness+Dangu%2BFrance/,traité (2026-08-22 21:47)
https://www.google.com/maps/search/etablissement+wellness+Dangy%2BFrance/,traité (2026-08-22 21:48)
https://www.google.com/maps/search/etablissement+wellness+Danizy%2BFrance/,traité (2026-08-22 21:49)
https://www.google.com/maps/search/etablissement+wellness+Danjoutin%2BFrance/,traité (2026-08-22 21:52)
https://www.google.com/maps/search/etablissement+wellness+Danne-et-Quatre-Vents%2BFrance/,traité (2026-08-22 21:52)
https://www.google.com/maps/search/etablissement+wellness+Dannelbourg%2BFrance/,traité (2026-08-22 21:52)
https://www.google.com/maps/search/etablissement+wellness+Dannemarie%2BFrance/,traité (2026-08-22 21:55)
https://www.google.com/maps/search/etablissement+wellness+Dannemarie%2BFrance/,traité (2026-08-22 21:55)
https://www.google.com/maps/search/etablissement+wellness+Dannemarie%2BFrance/,traité (2026-08-22 21:55)
https://www.google.com/maps/search/etablissement+wellness+Dannemarie-sur-Crète%2BFrance/,traité (2026-08-22 21:55)
https://www.google.com/maps/search/etablissement+wellness+Dannemoine%2BFrance/,traité (2026-08-22 21:55)
https://www.google.com/maps/search/etablissement+wellness+Dannemois%2BFrance/,traité (2026-08-22 21:56)
https://www.google.com/maps/search/etablissement+wellness+Dannes%2BFrance/,traité (2026-08-22 21:56)
https://www.google.com/maps/search/etablissement+wellness+Dannevoux%2BFrance/,traité (2026-08-22 21:58)
https://www.google.com/maps/search/etablissement+wellness+Danvou-la-Ferrière%2BFrance/,traité (2026-08-22 21:59)
https://www.google.com/maps/search/etablissement+wellness+Danzé%2BFrance/,traité (2026-08-22 21:59)
https://www.google.com/maps/search/etablissement+wellness+Daon%2BFrance/,traité (2026-08-22 21:59)
https://www.google.com/maps/search/etablissement+wellness+Daoulas%2BFrance/,traité (2026-08-22 22:02)
https://www.google.com/maps/search/etablissement+wellness+Daours%2BFrance/,traité (2026-08-22 22:02)
https://www.google.com/maps/search/etablissement+wellness+Darazac%2BFrance/,traité (2026-08-22 22:02)
https://www.google.com/maps/search/etablissement+wellness+Darbonnay%2BFrance/,traité (2026-08-22 22:03)
https://www.google.com/maps/search/etablissement+wellness+Darbres%2BFrance/,traité (2026-08-22 19:20)
https://www.google.com/maps/search/etablissement+wellness+Darcey%2BFrance/,traité (2026-08-22 19:20)
https://www.google.com/maps/search/etablissement+wellness+Dardenac%2BFrance/,traité (2026-08-22 19:21)
https://www.google.com/maps/search/etablissement+wellness+Dardez%2BFrance/,traité (2026-08-22 19:21)
https://www.google.com/maps/search/etablissement+wellness+Dardilly%2BFrance/,traité (2026-08-22 19:21)
https://www.google.com/maps/search/etablissement+wellness+Dareizé%2BFrance/,traité (2026-08-22 19:21)
https://www.google.com/maps/search/etablissement+wellness+Dargies%2BFrance/,traité (2026-08-22 19:21)
https://www.google.com/maps/search/etablissement+wellness+Dargnies%2BFrance/,traité (2026-08-22 19:22)
https://www.google.com/maps/search/etablissement+wellness+Dargoire%2BFrance/,traité (2026-08-22 19:22)
https://www.google.com/maps/search/etablissement+wellness+Darmannes%2BFrance/,traité (2026-08-22 19:22)
https://www.google.com/maps/search/etablissement+wellness+Darnac%2BFrance/,traité (2026-08-22 19:22)
https://www.google.com/maps/search/etablissement+wellness+Darnétal%2BFrance/,traité (2026-08-22 19:23)
https://www.google.com/maps/search/etablissement+wellness+Darnets%2BFrance/,traité (2026-08-22 19:23)
https://www.google.com/maps/search/etablissement+wellness+Darney%2BFrance/,traité (2026-08-22 19:23)
https://www.google.com/maps/search/etablissement+wellness+Darney-aux-Chênes%2BFrance/,traité (2026-08-22 19:23)
https://www.google.com/maps/search/etablissement+wellness+Darnieulles%2BFrance/,traité (2026-08-22 19:23)
https://www.google.com/maps/search/etablissement+wellness+Darois%2BFrance/,traité (2026-08-22 19:23)
https://www.google.com/maps/search/etablissement+wellness+Darvault%2BFrance/,traité (2026-08-22 19:25)
https://www.google.com/maps/search/etablissement+wellness+Darvoy%2BFrance/,traité (2026-08-22 19:25)
https://www.google.com/maps/search/etablissement+wellness+Dasle%2BFrance/,traité (2026-08-22 19:25)
https://www.google.com/maps/search/etablissement+wellness+Daubensand%2BFrance/,traité (2026-08-22 19:25)
https://www.google.com/maps/search/etablissement+wellness+Daubeuf-la-Campagne%2BFrance/,traité (2026-08-22 19:25)
https://www.google.com/maps/search/etablissement+wellness+Daubeuf-près-Vatteville%2BFrance/,traité (2026-08-22 19:25)
https://www.google.com/maps/search/etablissement+wellness+Daubeuf-Serville%2BFrance/,traité (2026-08-22 19:25)
https://www.google.com/maps/search/etablissement+wellness+Daubèze%2BFrance/,traité (2026-08-22 19:26)
https://www.google.com/maps/search/etablissement+wellness+Dauendorf%2BFrance/,traité (2026-08-22 19:26)
https://www.google.com/maps/search/etablissement+wellness+Daumazan-sur-Arize%2BFrance/,traité (2026-08-22 19:26)
https://www.google.com/maps/search/etablissement+wellness+Daumeray%2BFrance/,traité (2026-08-22 19:26)
https://www.google.com/maps/search/etablissement+wellness+Dauphin%2BFrance/,traité (2026-08-22 19:27)
https://www.google.com/maps/search/etablissement+wellness+Dausse%2BFrance/,traité (2026-08-22 19:27)
https://www.google.com/maps/search/etablissement+wellness+Daux%2BFrance/,traité (2026-08-22 19:27)
https://www.google.com/maps/search/etablissement+wellness+Dauzat-sur-Vodable%2BFrance/,traité (2026-08-22 19:27)
https://www.google.com/maps/search/etablissement+wellness+Davayat%2BFrance/,traité (2026-08-22 19:28)
https://www.google.com/maps/search/etablissement+wellness+Davayé%2BFrance/,traité (2026-08-22 19:28)
https://www.google.com/maps/search/etablissement+wellness+Davejean%2BFrance/,traité (2026-08-22 19:30)
https://www.google.com/maps/search/etablissement+wellness+Davenescourt%2BFrance/,traité (2026-08-22 19:30)
https://www.google.com/maps/search/etablissement+wellness+Davézieux%2BFrance/,traité (2026-08-22 19:30)
https://www.google.com/maps/search/etablissement+wellness+Davignac%2BFrance/,traité (2026-08-22 19:30)
https://www.google.com/maps/search/etablissement+wellness+Davrey%2BFrance/,traité (2026-08-22 19:30)
https://www.google.com/maps/search/etablissement+wellness+Davron%2BFrance/,traité (2026-08-22 19:30)
https://www.google.com/maps/search/etablissement+wellness+Dax%2BFrance/,traité (2026-08-22 19:30)
https://www.google.com/maps/search/etablissement+wellness+Deauville%2BFrance/,traité (2026-08-22 19:30)
https://www.google.com/maps/search/etablissement+wellness+Deaux%2BFrance/,traité (2026-08-22 19:30)
https://www.google.com/maps/search/etablissement+wellness+Débats-Rivière-d'Orpra%2BFrance/,traité (2026-08-22 19:30)
https://www.google.com/maps/search/etablissement+wellness+Decazeville%2BFrance/,traité (2026-08-22 19:30)
https://www.google.com/maps/search/etablissement+wellness+Dechy%2BFrance/,traité (2026-08-22 19:30)
https://www.google.com/maps/search/etablissement+wellness+Décines-Charpieu%2BFrance/,traité (2026-08-22 19:30)
https://www.google.com/maps/search/etablissement+wellness+Decize%2BFrance/,traité (2026-08-22 19:30)
https://www.google.com/maps/search/etablissement+wellness+Dégagnac%2BFrance/,traité (2026-08-22 19:31)
https://www.google.com/maps/search/etablissement+wellness+Degré%2BFrance/,traité (2026-08-22 19:31)
https://www.google.com/maps/search/etablissement+wellness+Dehault%2BFrance/,traité (2026-08-22 19:33)
https://www.google.com/maps/search/etablissement+wellness+Dehéries%2BFrance/,traité (2026-08-22 19:33)
https://www.google.com/maps/search/etablissement+wellness+Dehlingen%2BFrance/,traité (2026-08-22 19:33)
https://www.google.com/maps/search/etablissement+wellness+Deinvillers%2BFrance/,traité (2026-08-22 19:33)
https://www.google.com/maps/search/etablissement+wellness+Delain%2BFrance/,traité (2026-08-22 19:33)
https://www.google.com/maps/search/etablissement+wellness+Delettes%2BFrance/,traité (2026-08-22 19:33)
https://www.google.com/maps/search/etablissement+wellness+Delincourt%2BFrance/,traité (2026-08-22 19:33)
https://www.google.com/maps/search/etablissement+wellness+Delle%2BFrance/,traité (2026-08-22 19:33)
https://www.google.com/maps/search/etablissement+wellness+Delme%2BFrance/,échec (2026-08-22 19:33)
https://www.google.com/maps/search/etablissement+wellness+Delouze-Rosières%2BFrance/,traité (2026-08-22 19:33)
https://www.google.com/maps/search/etablissement+wellness+Delut%2BFrance/,traité (2026-08-22 19:33)
https://www.google.com/maps/search/etablissement+wellness+Deluz%2BFrance/,traité (2026-08-22 19:33)
https://www.google.com/maps/search/etablissement+wellness+Demandolx%2BFrance/,traité (2026-08-22 19:34)
https://www.google.com/maps/search/etablissement+wellness+Demange-aux-Eaux%2BFrance/,traité (2026-08-22 19:34)
https://www.google.com/maps/search/etablissement+wellness+Demangevelle%2BFrance/,traité (2026-08-22 19:34)
https://www.google.com/maps/search/etablissement+wellness+Dembeni%2BFrance/,traité (2026-08-22 19:34)
https://www.google.com/maps/search/etablissement+wellness+Demi-Quartier%2BFrance/,traité (2026-08-22 17:50)
https://www.google.com/maps/search/etablissement+wellness+La Demie%2BFrance/,traité (2026-08-22 17:50)
https://www.google.com/maps/search/etablissement+wellness+Demigny%2BFrance/,traité (2026-08-22 17:50)
https://www.google.com/maps/search/etablissement+wellness+Démouville%2BFrance/,traité (2026-08-22 17:51)
https://www.google.com/maps/search/etablissement+wellness+Dému%2BFrance/,traité (2026-08-22 17:51)
https://www.google.com/maps/search/etablissement+wellness+Démuin%2BFrance/,traité (2026-08-22 17:52)
https://www.google.com/maps/search/etablissement+wellness+Denain%2BFrance/,traité (2026-08-22 17:52)
https://www.google.com/maps/search/etablissement+wellness+Dénat%2BFrance/,traité (2026-08-22 17:52)
https://www.google.com/maps/search/etablissement+wellness+Denazé%2BFrance/,traité (2026-08-22 17:53)
https://www.google.com/maps/search/etablissement+wellness+Denée%2BFrance/,traité (2026-08-22 17:53)
https://www.google.com/maps/search/etablissement+wellness+Dénestanville%2BFrance/,traité (2026-08-22 17:55)
https://www.google.com/maps/search/etablissement+wellness+Deneuille-lès-Chantelle%2BFrance/,traité (2026-08-22 17:55)
https://www.google.com/maps/search/etablissement+wellness+Deneuille-les-Mines%2BFrance/,traité (2026-08-22 17:55)
https://www.google.com/maps/search/etablissement+wellness+Deneuvre%2BFrance/,traité (2026-08-22 17:55)
https://www.google.com/maps/search/etablissement+wellness+Denèvre%2BFrance/,traité (2026-08-22 17:55)
https://www.google.com/maps/search/etablissement+wellness+Dénezé-sous-Doué%2BFrance/,traité (2026-08-22 17:55)
https://www.google.com/maps/search/etablissement+wellness+Dénezé-sous-le-Lude%2BFrance/,traité (2026-08-22 17:55)
https://www.google.com/maps/search/etablissement+wellness+Denezières%2BFrance/,traité (2026-08-22 17:56)
https://www.google.com/maps/search/etablissement+wellness+Denguin%2BFrance/,traité (2026-08-22 17:56)
https://www.google.com/maps/search/etablissement+wellness+Denicé%2BFrance/,traité (2026-08-22 17:56)
https://www.google.com/maps/search/etablissement+wellness+Denier%2BFrance/,traité (2026-08-22 17:59)
https://www.google.com/maps/search/etablissement+wellness+Denipaire%2BFrance/,traité (2026-08-22 17:59)
https://www.google.com/maps/search/etablissement+wellness+Dennebrœucq%2BFrance/,traité (2026-08-22 17:59)
https://www.google.com/maps/search/etablissement+wellness+Denneville%2BFrance/,traité (2026-08-22 17:59)
https://www.google.com/maps/search/etablissement+wellness+Dennevy%2BFrance/,traité (2026-08-22 17:59)
https://www.google.com/maps/search/etablissement+wellness+Denney%2BFrance/,traité (2026-08-22 17:59)
https://www.google.com/maps/search/etablissement+wellness+Denonville%2BFrance/,traité (2026-08-22 17:59)
https://www.google.com/maps/search/etablissement+wellness+Denting%2BFrance/,traité (2026-08-22 17:59)
https://www.google.com/maps/search/etablissement+wellness+Déols%2BFrance/,traité (2026-08-22 16:20)
https://www.google.com/maps/search/etablissement+wellness+Derbamont%2BFrance/,traité (2026-08-22 16:20)
https://www.google.com/maps/search/etablissement+wellness+Dercé%2BFrance/,traité (2026-08-22 16:20)
https://www.google.com/maps/search/etablissement+wellness+Dercy%2BFrance/,traité (2026-08-22 16:21)
https://www.google.com/maps/search/etablissement+wellness+Dernacueillette%2BFrance/,traité (2026-08-22 16:21)
https://www.google.com/maps/search/etablissement+wellness+Dernancourt%2BFrance/,échec (2026-08-22 16:22)
https://www.google.com/maps/search/etablissement+wellness+Derval%2BFrance/,traité (2026-08-22 16:22)
https://www.google.com/maps/search/etablissement+wellness+Désaignes%2BFrance/,traité (2026-08-22 16:22)
https://www.google.com/maps/search/etablissement+wellness+Désandans%2BFrance/,traité (2026-08-22 16:23)
https://www.google.com/maps/search/etablissement+wellness+Descartes%2BFrance/,traité (2026-08-22 16:23)
https://www.google.com/maps/search/etablissement+wellness+Le Deschaux%2BFrance/,traité (2026-08-22 16:25)
https://www.google.com/maps/search/etablissement+wellness+Désertines%2BFrance/,traité (2026-08-22 16:25)
https://www.google.com/maps/search/etablissement+wellness+Désertines%2BFrance/,traité (2026-08-22 16:25)
https://www.google.com/maps/search/etablissement+wellness+Les Déserts%2BFrance/,traité (2026-08-22 16:25)
https://www.google.com/maps/search/etablissement+wellness+Déservillers%2BFrance/,traité (2026-08-22 16:25)
https://www.google.com/maps/search/etablissement+wellness+Desges%2BFrance/,traité (2026-08-22 16:25)
https://www.google.com/maps/search/etablissement+wellness+Deshaies%2BFrance/,traité (2026-08-22 16:26)
https://www.google.com/maps/search/etablissement+wellness+Desingy%2BFrance/,traité (2026-08-22 16:26)
https://www.google.com/maps/search/etablissement+wellness+La Désirade%2BFrance/,traité (2026-08-22 16:26)
https://www.google.com/maps/search/etablissement+wellness+Desmonts%2BFrance/,traité (2026-08-22 16:26)
https://www.google.com/maps/search/etablissement+wellness+Desnes%2BFrance/,traité (2026-08-22 16:28)
https://www.google.com/maps/search/etablissement+wellness+Desseling%2BFrance/,traité (2026-08-22 16:28)
https://www.google.com/maps/search/etablissement+wellness+Dessenheim%2BFrance/,traité (2026-08-22 16:28)
https://www.google.com/maps/search/etablissement+wellness+Dessia%2BFrance/,traité (2026-08-22 16:28)
https://www.google.com/maps/search/etablissement+wellness+Destord%2BFrance/,traité (2026-08-22 16:28)
https://www.google.com/maps/search/etablissement+wellness+La Destrousse%2BFrance/,traité (2026-08-22 16:28)
https://www.google.com/maps/search/etablissement+wellness+Destry%2BFrance/,traité (2026-08-22 16:29)
https://www.google.com/maps/search/etablissement+wellness+Desvres%2BFrance/,traité (2026-08-22 16:29)
https://www.google.com/maps/search/etablissement+wellness+Détain-et-Bruant%2BFrance/,traité (2026-08-22 16:30)
https://www.google.com/maps/search/etablissement+wellness+Détrier%2BFrance/,traité (2026-08-22 16:30)
https://www.google.com/maps/search/etablissement+wellness+Le Détroit%2BFrance/,traité (2026-08-22 16:32)
https://www.google.com/maps/search/etablissement+wellness+Dettey%2BFrance/,traité (2026-08-22 16:32)
https://www.google.com/maps/search/etablissement+wellness+Dettwiller%2BFrance/,traité (2026-08-22 16:32)
https://www.google.com/maps/search/etablissement+wellness+Deuil-la-Barre%2BFrance/,traité (2026-08-22 16:32)
https://www.google.com/maps/search/etablissement+wellness+Deuillet%2BFrance/,traité (2026-08-22 16:32)
https://www.google.com/maps/search/etablissement+wellness+Deûlémont%2BFrance/,traité (2026-08-22 16:33)
https://www.google.com/maps/search/etablissement+wellness+Les Deux Alpes%2BFrance/,traité (2026-08-22 16:33)
https://www.google.com/maps/search/etablissement+wellness+Deux Rivières%2BFrance/,traité (2026-08-22 16:33)
https://www.google.com/maps/search/etablissement+wellness+Deux-Chaises%2BFrance/,traité (2026-08-22 16:34)
https://www.google.com/maps/search/etablissement+wellness+Deux-Évailles%2BFrance/,traité (2026-08-22 16:34)
https://www.google.com/maps/search/etablissement+wellness+Les Deux-Fays%2BFrance/,traité (2026-08-22 16:36)
https://www.google.com/maps/search/etablissement+wellness+Deux-Jumeaux%2BFrance/,traité (2026-08-22 16:36)
https://www.google.com/maps/search/etablissement+wellness+Deux-Verges%2BFrance/,traité (2026-08-22 16:36)
https://www.google.com/maps/search/etablissement+wellness+Les Deux-Villes%2BFrance/,traité (2026-08-22 16:36)
https://www.google.com/maps/search/etablissement+wellness+Deuxville%2BFrance/,traité (2026-08-22 16:36)
https://www.google.com/maps/search/etablissement+wellness+Devay%2BFrance/,traité (2026-08-22 16:37)
https://www.google.com/maps/search/etablissement+wellness+Devecey%2BFrance/,traité (2026-08-22 16:37)
https://www.google.com/maps/search/etablissement+wellness+Devesset%2BFrance/,traité (2026-08-22 16:37)
https://www.google.com/maps/search/etablissement+wellness+Devèze%2BFrance/,traité (2026-08-22 16:38)
https://www.google.com/maps/search/etablissement+wellness+Deviat%2BFrance/,traité (2026-08-22 16:38)
https://www.google.com/maps/search/etablissement+wellness+Dévillac%2BFrance/,traité (2026-08-22 16:40)
https://www.google.com/maps/search/etablissement+wellness+Deville%2BFrance/,traité (2026-08-22 16:40)
https://www.google.com/maps/search/etablissement+wellness+Déville-lès-Rouen%2BFrance/,traité (2026-08-22 16:40)
https://www.google.com/maps/search/etablissement+wellness+La Devise%2BFrance/,traité (2026-08-22 16:40)
https://www.google.com/maps/search/etablissement+wellness+Devise%2BFrance/,traité (2026-08-22 16:40)
https://www.google.com/maps/search/etablissement+wellness+Dévoluy%2BFrance/,traité (2026-08-22 16:40)
https://www.google.com/maps/search/etablissement+wellness+Devrouze%2BFrance/,traité (2026-08-22 16:40)
https://www.google.com/maps/search/etablissement+wellness+Deycimont%2BFrance/,traité (2026-08-22 16:40)
https://www.google.com/maps/search/etablissement+wellness+Deyme%2BFrance/,traité (2026-08-22 16:41)
https://www.google.com/maps/search/etablissement+wellness+Deyvillers%2BFrance/,traité (2026-08-22 16:42)
https://www.google.com/maps/search/etablissement+wellness+Le Dézert%2BFrance/,traité (2026-08-22 16:44)
https://www.google.com/maps/search/etablissement+wellness+Dezize-lès-Maranges%2BFrance/,traité (2026-08-22 16:44)
https://www.google.com/maps/search/etablissement+wellness+Dhuisy%2BFrance/,traité (2026-08-22 16:44)
https://www.google.com/maps/search/etablissement+wellness+Dhuizel%2BFrance/,traité (2026-08-22 16:44)
https://www.google.com/maps/search/etablissement+wellness+Dhuizon%2BFrance/,traité (2026-08-22 16:44)
https://www.google.com/maps/search/etablissement+wellness+Dhuys et Morin-en-Brie%2BFrance/,traité (2026-08-22 16:44)
https://www.google.com/maps/search/etablissement+wellness+Dialan sur Chaîne%2BFrance/,traité (2026-08-22 16:45)
https://www.google.com/maps/search/etablissement+wellness+Le Diamant%2BFrance/,traité (2026-08-22 16:45)
https://www.google.com/maps/search/etablissement+wellness+Diancey%2BFrance/,traité (2026-08-22 16:45)
https://www.google.com/maps/search/etablissement+wellness+Diane-Capelle%2BFrance/,traité (2026-08-22 16:46)
https://www.google.com/maps/search/etablissement+wellness+Diant%2BFrance/,traité (2026-08-22 16:48)
https://www.google.com/maps/search/etablissement+wellness+Diarville%2BFrance/,traité (2026-08-22 16:48)
https://www.google.com/maps/search/etablissement+wellness+Diconne%2BFrance/,traité (2026-08-22 16:48)
https://www.google.com/maps/search/etablissement+wellness+Die%2BFrance/,traité (2026-08-22 16:48)
https://www.google.com/maps/search/etablissement+wellness+Diebling%2BFrance/,traité (2026-08-22 16:48)
https://www.google.com/maps/search/etablissement+wellness+Diebolsheim%2BFrance/,traité (2026-08-22 16:48)
https://www.google.com/maps/search/etablissement+wellness+Diedendorf%2BFrance/,traité (2026-08-22 16:48)
https://www.google.com/maps/search/etablissement+wellness+Dieffenbach-au-Val%2BFrance/,traité (2026-08-22 16:49)
https://www.google.com/maps/search/etablissement+wellness+Dieffenbach-lès-Wœrth%2BFrance/,traité (2026-08-22 16:49)
https://www.google.com/maps/search/etablissement+wellness+Dieffenthal%2BFrance/,traité (2026-08-22 16:50)
https://www.google.com/maps/search/etablissement+wellness+Diefmatten%2BFrance/,traité (2026-08-22 16:52)
https://www.google.com/maps/search/etablissement+wellness+Dième%2BFrance/,traité (2026-08-22 16:52)
https://www.google.com/maps/search/etablissement+wellness+Diemeringen%2BFrance/,traité (2026-08-22 16:52)
https://www.google.com/maps/search/etablissement+wellness+Diémoz%2BFrance/,traité (2026-08-22 16:52)
https://www.google.com/maps/search/etablissement+wellness+Diénay%2BFrance/,traité (2026-08-22 16:52)
https://www.google.com/maps/search/etablissement+wellness+Dienne%2BFrance/,traité (2026-08-22 16:52)
https://www.google.com/maps/search/etablissement+wellness+Dienné%2BFrance/,traité (2026-08-22 16:52)
https://www.google.com/maps/search/etablissement+wellness+Diennes-Aubigny%2BFrance/,traité (2026-08-22 16:53)
https://www.google.com/maps/search/etablissement+wellness+Dienville%2BFrance/,traité (2026-08-22 16:54)
https://www.google.com/maps/search/etablissement+wellness+Dieppe%2BFrance/,traité (2026-08-22 16:54)
https://www.google.com/maps/search/etablissement+wellness+Dieppe-sous-Douaumont%2BFrance/,traité (2026-08-22 16:56)
https://www.google.com/maps/search/etablissement+wellness+Dierre%2BFrance/,traité (2026-08-22 16:56)
https://www.google.com/maps/search/etablissement+wellness+Dierrey-Saint-Julien%2BFrance/,traité (2026-08-22 16:56)
https://www.google.com/maps/search/etablissement+wellness+Dierrey-Saint-Pierre%2BFrance/,traité (2026-08-22 16:56)
https://www.google.com/maps/search/etablissement+wellness+Diesen%2BFrance/,traité (2026-08-22 16:56)
https://www.google.com/maps/search/etablissement+wellness+Dietwiller%2BFrance/,traité (2026-08-22 16:56)
https://www.google.com/maps/search/etablissement+wellness+Dieudonné%2BFrance/,traité (2026-08-22 16:56)
https://www.google.com/maps/search/etablissement+wellness+Dieue-sur-Meuse%2BFrance/,traité (2026-08-22 16:57)
https://www.google.com/maps/search/etablissement+wellness+Dieulefit%2BFrance/,traité (2026-08-22 16:57)
https://www.google.com/maps/search/etablissement+wellness+Dieulivol%2BFrance/,traité (2026-08-22 16:57)
https://www.google.com/maps/search/etablissement+wellness+Dieulouard%2BFrance/,traité (2026-08-22 16:59)
https://www.google.com/maps/search/etablissement+wellness+Dieupentale%2BFrance/,traité (2026-08-22 16:59)
https://www.google.com/maps/search/etablissement+wellness+Dieuze%2BFrance/,traité (2026-08-22 16:59)
https://www.google.com/maps/search/etablissement+wellness+Diéval%2BFrance/,traité (2026-08-22 16:59)
https://www.google.com/maps/search/etablissement+wellness+Diffembach-lès-Hellimer%2BFrance/,traité (2026-08-22 16:59)
https://www.google.com/maps/search/etablissement+wellness+Diges%2BFrance/,traité (2026-08-22 16:59)
https://www.google.com/maps/search/etablissement+wellness+Digna%2BFrance/,traité (2026-08-22 17:00)
https://www.google.com/maps/search/etablissement+wellness+Dignac%2BFrance/,traité (2026-08-22 17:00)
https://www.google.com/maps/search/etablissement+wellness+La Digne-d'Amont%2BFrance/,traité (2026-08-22 17:01)
https://www.google.com/maps/search/etablissement+wellness+La Digne-d'Aval%2BFrance/,traité (2026-08-22 17:02)
https://www.google.com/maps/search/etablissement+wellness+Digne-les-Bains%2BFrance/,traité (2026-08-22 17:04)
https://www.google.com/maps/search/etablissement+wellness+Dignonville%2BFrance/,traité (2026-08-22 17:04)
https://www.google.com/maps/search/etablissement+wellness+Digny%2BFrance/,traité (2026-08-22 17:04)
https://www.google.com/maps/search/etablissement+wellness+Digoin%2BFrance/,traité (2026-08-22 17:04)
https://www.google.com/maps/search/etablissement+wellness+Digosville%2BFrance/,traité (2026-08-22 17:04)
https://www.google.com/maps/search/etablissement+wellness+Digulleville%2BFrance/,traité (2026-08-22 17:04)
https://www.google.com/maps/search/etablissement+wellness+Dijon%2BFrance/,traité (2026-08-22 17:04)
https://www.google.com/maps/search/etablissement+wellness+Dimancheville%2BFrance/,traité (2026-08-22 17:04)
https://www.google.com/maps/search/etablissement+wellness+Dimbsthal%2BFrance/,échec (2026-08-22 17:05)
https://www.google.com/maps/search/etablissement+wellness+Dimechaux%2BFrance/,traité (2026-08-22 17:05)
https://www.google.com/maps/search/etablissement+wellness+Dimont%2BFrance/,traité (2026-08-22 17:07)
https://www.google.com/maps/search/etablissement+wellness+Dinan%2BFrance/,traité (2026-08-22 17:07)
https://www.google.com/maps/search/etablissement+wellness+Dinard%2BFrance/,traité (2026-08-22 17:07)
https://www.google.com/maps/search/etablissement+wellness+Dinéault%2BFrance/,traité (2026-08-22 17:07)
https://www.google.com/maps/search/etablissement+wellness+Dingé%2BFrance/,traité (2026-08-22 17:07)
https://www.google.com/maps/search/etablissement+wellness+Dingsheim%2BFrance/,traité (2026-08-22 17:07)
https://www.google.com/maps/search/etablissement+wellness+Dingy-en-Vuache%2BFrance/,traité (2026-08-22 17:07)
https://www.google.com/maps/search/etablissement+wellness+Dingy-Saint-Clair%2BFrance/,traité (2026-08-22 17:07)
https://www.google.com/maps/search/etablissement+wellness+Dinozé%2BFrance/,traité (2026-08-22 17:08)
https://www.google.com/maps/search/etablissement+wellness+Dinsac%2BFrance/,traité (2026-08-22 17:08)
https://www.google.com/maps/search/etablissement+wellness+Dinsheim-sur-Bruche%2BFrance/,traité (2026-08-22 17:11)
https://www.google.com/maps/search/etablissement+wellness+Dinteville%2BFrance/,échec (2026-08-22 17:11)
https://www.google.com/maps/search/etablissement+wellness+Dio-et-Valquières%2BFrance/,traité (2026-08-22 17:11)
https://www.google.com/maps/search/etablissement+wellness+Dions%2BFrance/,traité (2026-08-22 17:11)
https://www.google.com/maps/search/etablissement+wellness+Diors%2BFrance/,traité (2026-08-22 17:11)
https://www.google.com/maps/search/etablissement+wellness+Diou%2BFrance/,traité (2026-08-22 17:11)
https://www.google.com/maps/search/etablissement+wellness+Diou%2BFrance/,traité (2026-08-22 17:11)
https://www.google.com/maps/search/etablissement+wellness+Dirac%2BFrance/,traité (2026-08-22 17:12)
https://www.google.com/maps/search/etablissement+wellness+Dirinon%2BFrance/,traité (2026-08-22 17:12)
https://www.google.com/maps/search/etablissement+wellness+Dirol%2BFrance/,traité (2026-08-22 17:12)
https://www.google.com/maps/search/etablissement+wellness+Dissangis%2BFrance/,traité (2026-08-22 17:15)
https://www.google.com/maps/search/etablissement+wellness+Dissay%2BFrance/,traité (2026-08-22 17:15)
https://www.google.com/maps/search/etablissement+wellness+Dissay-sous-Courcillon%2BFrance/,traité (2026-08-22 17:15)
https://www.google.com/maps/search/etablissement+wellness+Dissé-sous-Ballon%2BFrance/,traité (2026-08-22 17:15)
https://www.google.com/maps/search/etablissement+wellness+Dissé-sous-le-Lude%2BFrance/,traité (2026-08-22 17:15)
https://www.google.com/maps/search/etablissement+wellness+Distré%2BFrance/,traité (2026-08-22 17:15)
https://www.google.com/maps/search/etablissement+wellness+Distroff%2BFrance/,traité (2026-08-22 17:15)
https://www.google.com/maps/search/etablissement+wellness+Diusse%2BFrance/,traité (2026-08-22 17:15)
https://www.google.com/maps/search/etablissement+wellness+Divajeu%2BFrance/,traité (2026-08-22 17:15)
https://www.google.com/maps/search/etablissement+wellness+Divatte-sur-Loire%2BFrance/,traité (2026-08-22 17:15)
https://www.google.com/maps/search/etablissement+wellness+Dives%2BFrance/,traité (2026-08-22 17:17)
https://www.google.com/maps/search/etablissement+wellness+Dives-sur-Mer%2BFrance/,traité (2026-08-22 17:17)
https://www.google.com/maps/search/etablissement+wellness+Divion%2BFrance/,traité (2026-08-22 17:17)
https://www.google.com/maps/search/etablissement+wellness+Divonne-les-Bains%2BFrance/,traité (2026-08-22 17:17)
https://www.google.com/maps/search/etablissement+wellness+Dixmont%2BFrance/,traité (2026-08-22 17:17)
https://www.google.com/maps/search/etablissement+wellness+Dizimieu%2BFrance/,traité (2026-08-22 17:17)
https://www.google.com/maps/search/etablissement+wellness+Dizy%2BFrance/,traité (2026-08-22 17:17)
https://www.google.com/maps/search/etablissement+wellness+Dizy-le-Gros%2BFrance/,traité (2026-08-22 17:18)
https://www.google.com/maps/search/etablissement+wellness+Doazit%2BFrance/,traité (2026-08-22 17:18)
https://www.google.com/maps/search/etablissement+wellness+Doazon%2BFrance/,traité (2026-08-22 17:18)
https://www.google.com/maps/search/etablissement+wellness+Docelles%2BFrance/,traité (2026-08-22 17:21)
https://www.google.com/maps/search/etablissement+wellness+Dœuil-sur-le-Mignon%2BFrance/,traité (2026-08-22 17:21)
https://www.google.com/maps/search/etablissement+wellness+Dognen%2BFrance/,traité (2026-08-22 17:21)
https://www.google.com/maps/search/etablissement+wellness+Dogneville%2BFrance/,traité (2026-08-22 17:21)
https://www.google.com/maps/search/etablissement+wellness+Dohem%2BFrance/,traité (2026-08-22 17:21)
https://www.google.com/maps/search/etablissement+wellness+Dohis%2BFrance/,traité (2026-08-22 17:21)
https://www.google.com/maps/search/etablissement+wellness+Doignies%2BFrance/,traité (2026-08-22 17:21)
https://www.google.com/maps/search/etablissement+wellness+Doingt%2BFrance/,traité (2026-08-22 17:22)
https://www.google.com/maps/search/etablissement+wellness+Doissat%2BFrance/,traité (2026-08-22 17:22)
https://www.google.com/maps/search/etablissement+wellness+Doissin%2BFrance/,traité (2026-08-22 17:23)
https://www.google.com/maps/search/etablissement+wellness+Doix lès Fontaines%2BFrance/,traité (2026-08-22 17:25)
https://www.google.com/maps/search/etablissement+wellness+Doizieux%2BFrance/,traité (2026-08-22 17:25)
https://www.google.com/maps/search/etablissement+wellness+Dol-de-Bretagne%2BFrance/,traité (2026-08-22 17:25)
https://www.google.com/maps/search/etablissement+wellness+Dolaincourt%2BFrance/,traité (2026-08-22 17:25)
https://www.google.com/maps/search/etablissement+wellness+Dolancourt%2BFrance/,traité (2026-08-22 17:25)
https://www.google.com/maps/search/etablissement+wellness+Dolcourt%2BFrance/,traité (2026-08-22 17:25)
https://www.google.com/maps/search/etablissement+wellness+Dole%2BFrance/,traité (2026-08-22 17:25)
https://www.google.com/maps/search/etablissement+wellness+Dolignon%2BFrance/,traité (2026-08-22 17:25)
https://www.google.com/maps/search/etablissement+wellness+Dolleren%2BFrance/,traité (2026-08-22 17:26)
https://www.google.com/maps/search/etablissement+wellness+Dollon%2BFrance/,traité (2026-08-22 17:26)
https://www.google.com/maps/search/etablissement+wellness+Dollot%2BFrance/,traité (2026-08-22 17:28)
https://www.google.com/maps/search/etablissement+wellness+Dolmayrac%2BFrance/,échec (2026-08-22 17:28)
https://www.google.com/maps/search/etablissement+wellness+Dolomieu%2BFrance/,traité (2026-08-22 17:28)
https://www.google.com/maps/search/etablissement+wellness+Dolus-d'Oléron%2BFrance/,traité (2026-08-22 17:28)
https://www.google.com/maps/search/etablissement+wellness+Dolus-le-Sec%2BFrance/,traité (2026-08-22 17:28)
https://www.google.com/maps/search/etablissement+wellness+Dolving%2BFrance/,traité (2026-08-22 17:29)
https://www.google.com/maps/search/etablissement+wellness+Dom-le-Mesnil%2BFrance/,traité (2026-08-22 17:29)
https://www.google.com/maps/search/etablissement+wellness+Domagné%2BFrance/,traité (2026-08-22 17:29)
https://www.google.com/maps/search/etablissement+wellness+Domaize%2BFrance/,traité (2026-08-22 17:30)
https://www.google.com/maps/search/etablissement+wellness+Domalain%2BFrance/,traité (2026-08-22 17:30)
https://www.google.com/maps/search/etablissement+wellness+Domancy%2BFrance/,traité (2026-08-22 17:33)
https://www.google.com/maps/search/etablissement+wellness+Domarin%2BFrance/,traité (2026-08-22 17:33)
https://www.google.com/maps/search/etablissement+wellness+Domart-en-Ponthieu%2BFrance/,traité (2026-08-22 17:33)
https://www.google.com/maps/search/etablissement+wellness+Domart-sur-la-Luce%2BFrance/,traité (2026-08-22 17:33)
https://www.google.com/maps/search/etablissement+wellness+Domats%2BFrance/,traité (2026-08-22 17:33)
https://www.google.com/maps/search/etablissement+wellness+Domazan%2BFrance/,traité (2026-08-22 17:33)
https://www.google.com/maps/search/etablissement+wellness+Dombasle-devant-Darney%2BFrance/,traité (2026-08-22 17:33)
https://www.google.com/maps/search/etablissement+wellness+Dombasle-en-Argonne%2BFrance/,traité (2026-08-22 17:34)
https://www.google.com/maps/search/etablissement+wellness+Dombasle-en-Xaintois%2BFrance/,traité (2026-08-22 17:34)
https://www.google.com/maps/search/etablissement+wellness+Dombasle-sur-Meurthe%2BFrance/,traité (2026-08-22 17:34)
https://www.google.com/maps/search/etablissement+wellness+Domblain%2BFrance/,échec (2026-08-22 17:37)
https://www.google.com/maps/search/etablissement+wellness+Domblans%2BFrance/,traité (2026-08-22 17:37)
https://www.google.com/maps/search/etablissement+wellness+Dombras%2BFrance/,traité (2026-08-22 17:37)
https://www.google.com/maps/search/etablissement+wellness+Dombrot-le-Sec%2BFrance/,traité (2026-08-22 17:37)
https://www.google.com/maps/search/etablissement+wellness+Dombrot-sur-Vair%2BFrance/,traité (2026-08-22 17:37)
https://www.google.com/maps/search/etablissement+wellness+Domecy-sur-Cure%2BFrance/,traité (2026-08-22 17:37)
https://www.google.com/maps/search/etablissement+wellness+Domecy-sur-le-Vault%2BFrance/,traité (2026-08-22 17:37)
https://www.google.com/maps/search/etablissement+wellness+Doméliers%2BFrance/,traité (2026-08-22 17:38)
https://www.google.com/maps/search/etablissement+wellness+Domène%2BFrance/,traité (2026-08-22 17:38)
https://www.google.com/maps/search/etablissement+wellness+Domérat%2BFrance/,traité (2026-08-22 17:39)
https://www.google.com/maps/search/etablissement+wellness+Domesmont%2BFrance/,traité (2026-08-22 17:41)
https://www.google.com/maps/search/etablissement+wellness+Domessargues%2BFrance/,traité (2026-08-22 17:41)
https://www.google.com/maps/search/etablissement+wellness+Domessin%2BFrance/,traité (2026-08-22 17:41)
https://www.google.com/maps/search/etablissement+wellness+Domèvre-en-Haye%2BFrance/,traité (2026-08-22 17:41)
https://www.google.com/maps/search/etablissement+wellness+Domèvre-sous-Montfort%2BFrance/,traité (2026-08-22 17:41)
https://www.google.com/maps/search/etablissement+wellness+Domèvre-sur-Avière%2BFrance/,traité (2026-08-22 17:42)
https://www.google.com/maps/search/etablissement+wellness+Domèvre-sur-Durbion%2BFrance/,traité (2026-08-22 17:42)
https://www.google.com/maps/search/etablissement+wellness+Domèvre-sur-Vezouze%2BFrance/,traité (2026-08-22 17:42)
https://www.google.com/maps/search/etablissement+wellness+Domeyrat%2BFrance/,traité (2026-08-22 17:43)
https://www.google.com/maps/search/etablissement+wellness+Domeyrot%2BFrance/,traité (2026-08-22 17:43)
https://www.google.com/maps/search/etablissement+wellness+Domezain-Berraute%2BFrance/,traité (2026-08-22 17:46)
https://www.google.com/maps/search/etablissement+wellness+Domfaing%2BFrance/,traité (2026-08-22 17:46)
https://www.google.com/maps/search/etablissement+wellness+Domfessel%2BFrance/,traité (2026-08-22 17:46)
https://www.google.com/maps/search/etablissement+wellness+Domfront%2BFrance/,traité (2026-08-22 17:46)
https://www.google.com/maps/search/etablissement+wellness+Domfront en Poiraie%2BFrance/,traité (2026-08-22 17:46)
https://www.google.com/maps/search/etablissement+wellness+Domfront-en-Champagne%2BFrance/,traité (2026-08-22 17:46)
https://www.google.com/maps/search/etablissement+wellness+Domgermain%2BFrance/,traité (2026-08-22 17:46)
https://www.google.com/maps/search/etablissement+wellness+La Dominelais%2BFrance/,traité (2026-08-22 17:47)
https://www.google.com/maps/search/etablissement+wellness+Dominois%2BFrance/,traité (2026-08-22 17:47)
https://www.google.com/maps/search/etablissement+wellness+Domjean%2BFrance/,traité (2026-08-22 17:47)
https://www.google.com/maps/search/etablissement+wellness+Domjevin%2BFrance/,traité (2026-08-22 18:00)
https://www.google.com/maps/search/etablissement+wellness+Domjulien%2BFrance/,traité (2026-08-22 18:00)
https://www.google.com/maps/search/etablissement+wellness+Domléger-Longvillers%2BFrance/,traité (2026-08-22 18:02)
https://www.google.com/maps/search/etablissement+wellness+Domloup%2BFrance/,traité (2026-08-22 18:02)
https://www.google.com/maps/search/etablissement+wellness+Dommarie-Eulmont%2BFrance/,traité (2026-08-22 18:02)
https://www.google.com/maps/search/etablissement+wellness+Dommarien%2BFrance/,traité (2026-08-22 18:02)
https://www.google.com/maps/search/etablissement+wellness+Dommartemont%2BFrance/,traité (2026-08-22 18:02)
https://www.google.com/maps/search/etablissement+wellness+Dommartin%2BFrance/,traité (2026-08-22 18:04)
https://www.google.com/maps/search/etablissement+wellness+Dommartin%2BFrance/,traité (2026-08-22 18:04)
https://www.google.com/maps/search/etablissement+wellness+Dommartin%2BFrance/,traité (2026-08-22 18:04)
https://www.google.com/maps/search/etablissement+wellness+Dommartin%2BFrance/,traité (2026-08-22 18:04)
https://www.google.com/maps/search/etablissement+wellness+Dommartin%2BFrance/,traité (2026-08-22 18:04)
https://www.google.com/maps/search/etablissement+wellness+Dommartin-aux-Bois%2BFrance/,traité (2026-08-22 18:06)
https://www.google.com/maps/search/etablissement+wellness+Dommartin-Dampierre%2BFrance/,traité (2026-08-22 18:06)
https://www.google.com/maps/search/etablissement+wellness+Dommartin-la-Chaussée%2BFrance/,traité (2026-08-22 18:06)
https://www.google.com/maps/search/etablissement+wellness+Dommartin-la-Montagne%2BFrance/,traité (2026-08-22 18:06)
https://www.google.com/maps/search/etablissement+wellness+Dommartin-le-Coq%2BFrance/,traité (2026-08-22 18:06)
https://www.google.com/maps/search/etablissement+wellness+Dommartin-le-Franc%2BFrance/,traité (2026-08-22 18:06)
https://www.google.com/maps/search/etablissement+wellness+Dommartin-le-Saint-Père%2BFrance/,traité (2026-08-22 18:06)
https://www.google.com/maps/search/etablissement+wellness+Dommartin-lès-Cuiseaux%2BFrance/,traité (2026-08-22 18:06)
https://www.google.com/maps/search/etablissement+wellness+Dommartin-lès-Remiremont%2BFrance/,traité (2026-08-22 18:07)
https://www.google.com/maps/search/etablissement+wellness+Dommartin-lès-Toul%2BFrance/,traité (2026-08-22 18:07)
https://www.google.com/maps/search/etablissement+wellness+Dommartin-lès-Vallois%2BFrance/,traité (2026-08-22 18:08)
https://www.google.com/maps/search/etablissement+wellness+Dommartin-Lettrée%2BFrance/,traité (2026-08-22 18:08)
https://www.google.com/maps/search/etablissement+wellness+Dommartin-sous-Amance%2BFrance/,traité (2026-08-22 18:08)
https://www.google.com/maps/search/etablissement+wellness+Dommartin-sous-Hans%2BFrance/,traité (2026-08-22 18:10)
https://www.google.com/maps/search/etablissement+wellness+Dommartin-sur-Vraine%2BFrance/,traité (2026-08-22 18:10)
https://www.google.com/maps/search/etablissement+wellness+Dommartin-Varimont%2BFrance/,traité (2026-08-22 18:10)
https://www.google.com/maps/search/etablissement+wellness+Dommary-Baroncourt%2BFrance/,traité (2026-08-22 18:10)
https://www.google.com/maps/search/etablissement+wellness+Domme%2BFrance/,traité (2026-08-22 18:10)
https://www.google.com/maps/search/etablissement+wellness+Dommery%2BFrance/,traité (2026-08-22 18:10)
https://www.google.com/maps/search/etablissement+wellness+Dommiers%2BFrance/,traité (2026-08-22 18:11)
https://www.google.com/maps/search/etablissement+wellness+Domnom-lès-Dieuze%2BFrance/,traité (2026-08-22 18:11)
https://www.google.com/maps/search/etablissement+wellness+Domont%2BFrance/,traité (2026-08-22 18:11)
https://www.google.com/maps/search/etablissement+wellness+Dompaire%2BFrance/,traité (2026-08-22 18:12)
https://www.google.com/maps/search/etablissement+wellness+Dompcevrin%2BFrance/,traité (2026-08-22 18:12)
https://www.google.com/maps/search/etablissement+wellness+Dompierre%2BFrance/,traité (2026-08-22 18:15)
https://www.google.com/maps/search/etablissement+wellness+Dompierre%2BFrance/,traité (2026-08-22 18:15)
https://www.google.com/maps/search/etablissement+wellness+Dompierre%2BFrance/,traité (2026-08-22 18:15)
https://www.google.com/maps/search/etablissement+wellness+Dompierre-aux-Bois%2BFrance/,traité (2026-08-22 18:15)
https://www.google.com/maps/search/etablissement+wellness+Dompierre-Becquincourt%2BFrance/,traité (2026-08-22 18:15)
https://www.google.com/maps/search/etablissement+wellness+Dompierre-du-Chemin%2BFrance/,traité (2026-08-22 18:15)
https://www.google.com/maps/search/etablissement+wellness+Dompierre-en-Morvan%2BFrance/,traité (2026-08-22 18:15)
https://www.google.com/maps/search/etablissement+wellness+Dompierre-les-Églises%2BFrance/,traité (2026-08-22 18:15)
https://www.google.com/maps/search/etablissement+wellness+Dompierre-les-Ormes%2BFrance/,traité (2026-08-22 18:15)
https://www.google.com/maps/search/etablissement+wellness+Dompierre-les-Tilleuls%2BFrance/,traité (2026-08-22 18:15)
https://www.google.com/maps/search/etablissement+wellness+Dompierre-sous-Sanvignes%2BFrance/,traité (2026-08-22 18:16)
https://www.google.com/maps/search/etablissement+wellness+Dompierre-sur-Authie%2BFrance/,traité (2026-08-22 18:16)
https://www.google.com/maps/search/etablissement+wellness+Dompierre-sur-Besbre%2BFrance/,traité (2026-08-22 18:16)
https://www.google.com/maps/search/etablissement+wellness+Dompierre-sur-Chalaronne%2BFrance/,traité (2026-08-22 18:19)
https://www.google.com/maps/search/etablissement+wellness+Dompierre-sur-Charente%2BFrance/,traité (2026-08-22 18:19)
https://www.google.com/maps/search/etablissement+wellness+Dompierre-sur-Helpe%2BFrance/,traité (2026-08-22 18:19)
https://www.google.com/maps/search/etablissement+wellness+Dompierre-sur-Mer%2BFrance/,traité (2026-08-22 18:19)
https://www.google.com/maps/search/etablissement+wellness+Dompierre-sur-Mont%2BFrance/,traité (2026-08-22 18:19)
https://www.google.com/maps/search/etablissement+wellness+Dompierre-sur-Nièvre%2BFrance/,traité (2026-08-22 18:19)
https://www.google.com/maps/search/etablissement+wellness+Dompierre-sur-Veyle%2BFrance/,traité (2026-08-22 18:19)
https://www.google.com/maps/search/etablissement+wellness+Dompierre-sur-Yon%2BFrance/,traité (2026-08-22 18:19)
https://www.google.com/maps/search/etablissement+wellness+Dompnac%2BFrance/,traité (2026-08-22 18:19)
https://www.google.com/maps/search/etablissement+wellness+Domprel%2BFrance/,traité (2026-08-22 18:19)
https://www.google.com/maps/search/etablissement+wellness+Dompremy%2BFrance/,traité (2026-08-22 18:19)
https://www.google.com/maps/search/etablissement+wellness+Domprix%2BFrance/,traité (2026-08-22 18:20)
https://www.google.com/maps/search/etablissement+wellness+Domps%2BFrance/,traité (2026-08-22 18:22)
https://www.google.com/maps/search/etablissement+wellness+Domptail%2BFrance/,traité (2026-08-22 18:22)
https://www.google.com/maps/search/etablissement+wellness+Domptail-en-l'Air%2BFrance/,échec (2026-08-22 18:22)
https://www.google.com/maps/search/etablissement+wellness+Domptin%2BFrance/,traité (2026-08-22 18:22)
https://www.google.com/maps/search/etablissement+wellness+Domqueur%2BFrance/,traité (2026-08-22 18:22)
https://www.google.com/maps/search/etablissement+wellness+Domremy-la-Canne%2BFrance/,traité (2026-08-22 18:22)
https://www.google.com/maps/search/etablissement+wellness+Domrémy-la-Pucelle%2BFrance/,traité (2026-08-22 18:22)
https://www.google.com/maps/search/etablissement+wellness+Domremy-Landéville%2BFrance/,traité (2026-08-22 18:22)
https://www.google.com/maps/search/etablissement+wellness+Domsure%2BFrance/,traité (2026-08-22 18:22)
https://www.google.com/maps/search/etablissement+wellness+Domvallier%2BFrance/,traité (2026-08-22 18:23)
https://www.google.com/maps/search/etablissement+wellness+Domvast%2BFrance/,traité (2026-08-22 18:23)
https://www.google.com/maps/search/etablissement+wellness+Don%2BFrance/,traité (2026-08-22 18:23)
https://www.google.com/maps/search/etablissement+wellness+Donazac%2BFrance/,traité (2026-08-22 18:24)
https://www.google.com/maps/search/etablissement+wellness+Donchery%2BFrance/,traité (2026-08-22 18:24)
https://www.google.com/maps/search/etablissement+wellness+Doncières%2BFrance/,traité (2026-08-22 18:26)
https://www.google.com/maps/search/etablissement+wellness+Doncourt-aux-Templiers%2BFrance/,traité (2026-08-22 18:26)
https://www.google.com/maps/search/etablissement+wellness+Doncourt-lès-Conflans%2BFrance/,traité (2026-08-22 18:26)
https://www.google.com/maps/search/etablissement+wellness+Doncourt-lès-Longuyon%2BFrance/,traité (2026-08-22 18:26)
https://www.google.com/maps/search/etablissement+wellness+Doncourt-sur-Meuse%2BFrance/,échec (2026-08-22 18:26)
https://www.google.com/maps/search/etablissement+wellness+Dondas%2BFrance/,traité (2026-08-22 18:26)
https://www.google.com/maps/search/etablissement+wellness+Donges%2BFrance/,traité (2026-08-22 18:26)
https://www.google.com/maps/search/etablissement+wellness+Donjeux%2BFrance/,traité (2026-08-22 18:27)
https://www.google.com/maps/search/etablissement+wellness+Donjeux%2BFrance/,traité (2026-08-22 18:27)
https://www.google.com/maps/search/etablissement+wellness+Le Donjon%2BFrance/,traité (2026-08-22 18:27)
https://www.google.com/maps/search/etablissement+wellness+Donnay%2BFrance/,traité (2026-08-22 18:27)
https://www.google.com/maps/search/etablissement+wellness+Donnazac%2BFrance/,traité (2026-08-22 18:28)
https://www.google.com/maps/search/etablissement+wellness+Donnelay%2BFrance/,traité (2026-08-22 18:30)
https://www.google.com/maps/search/etablissement+wellness+Donnemain-Saint-Mamès%2BFrance/,traité (2026-08-22 18:30)
https://www.google.com/maps/search/etablissement+wellness+Donnemarie-Dontilly%2BFrance/,traité (2026-08-22 18:30)
https://www.google.com/maps/search/etablissement+wellness+Donnement%2BFrance/,traité (2026-08-22 18:30)
https://www.google.com/maps/search/etablissement+wellness+Donnenheim%2BFrance/,traité (2026-08-22 18:30)
https://www.google.com/maps/search/etablissement+wellness+Donnery%2BFrance/,traité (2026-08-22 18:30)
https://www.google.com/maps/search/etablissement+wellness+Donneville%2BFrance/,traité (2026-08-22 18:30)
https://www.google.com/maps/search/etablissement+wellness+Donnezac%2BFrance/,traité (2026-08-22 18:30)
https://www.google.com/maps/search/etablissement+wellness+Dontreix%2BFrance/,traité (2026-08-22 18:31)
https://www.google.com/maps/search/etablissement+wellness+Dontrien%2BFrance/,traité (2026-08-22 18:31)
https://www.google.com/maps/search/etablissement+wellness+Donville-les-Bains%2BFrance/,traité (2026-08-22 18:31)
https://www.google.com/maps/search/etablissement+wellness+Donzac%2BFrance/,traité (2026-08-22 18:32)
https://www.google.com/maps/search/etablissement+wellness+Donzac%2BFrance/,traité (2026-08-22 18:32)
https://www.google.com/maps/search/etablissement+wellness+Donzacq%2BFrance/,traité (2026-08-22 18:34)
https://www.google.com/maps/search/etablissement+wellness+Le Donzeil%2BFrance/,traité (2026-08-22 18:34)
https://www.google.com/maps/search/etablissement+wellness+Donzenac%2BFrance/,traité (2026-08-22 18:34)
https://www.google.com/maps/search/etablissement+wellness+Donzère%2BFrance/,traité (2026-08-22 18:34)
https://www.google.com/maps/search/etablissement+wellness+Donzy%2BFrance/,traité (2026-08-22 18:34)
https://www.google.com/maps/search/etablissement+wellness+Donzy-le-National%2BFrance/,traité (2026-08-22 18:34)
https://www.google.com/maps/search/etablissement+wellness+Donzy-le-Pertuis%2BFrance/,traité (2026-08-22 18:34)
https://www.google.com/maps/search/etablissement+wellness+Doranges%2BFrance/,traité (2026-08-22 18:34)
https://www.google.com/maps/search/etablissement+wellness+Dorans%2BFrance/,traité (2026-08-22 18:35)
https://www.google.com/maps/search/etablissement+wellness+Dorat%2BFrance/,traité (2026-08-22 18:35)
https://www.google.com/maps/search/etablissement+wellness+Le Dorat%2BFrance/,traité (2026-08-22 18:35)
https://www.google.com/maps/search/etablissement+wellness+Dordives%2BFrance/,traité (2026-08-22 18:35)
https://www.google.com/maps/search/etablissement+wellness+Dore-l'Église%2BFrance/,traité (2026-08-22 18:37)
https://www.google.com/maps/search/etablissement+wellness+La Dorée%2BFrance/,traité (2026-08-22 18:37)
https://www.google.com/maps/search/etablissement+wellness+Dorengt%2BFrance/,traité (2026-08-22 18:37)
https://www.google.com/maps/search/etablissement+wellness+Dorlisheim%2BFrance/,traité (2026-08-22 18:37)
https://www.google.com/maps/search/etablissement+wellness+Dormans%2BFrance/,traité (2026-08-22 18:37)
https://www.google.com/maps/search/etablissement+wellness+Dormelles%2BFrance/,traité (2026-08-22 18:38)
https://www.google.com/maps/search/etablissement+wellness+La Dornac%2BFrance/,traité (2026-08-22 18:38)
https://www.google.com/maps/search/etablissement+wellness+Dornas%2BFrance/,traité (2026-08-22 18:38)
https://www.google.com/maps/search/etablissement+wellness+Dornecy%2BFrance/,traité (2026-08-22 18:38)
https://www.google.com/maps/search/etablissement+wellness+Dornes%2BFrance/,traité (2026-08-22 18:38)
https://www.google.com/maps/search/etablissement+wellness+Dorres%2BFrance/,traité (2026-08-22 18:39)
https://www.google.com/maps/search/etablissement+wellness+Dortan%2BFrance/,traité (2026-08-22 18:39)
https://www.google.com/maps/search/etablissement+wellness+Dosches%2BFrance/,traité (2026-08-22 18:40)
https://www.google.com/maps/search/etablissement+wellness+Dosnon%2BFrance/,traité (2026-08-22 18:42)
https://www.google.com/maps/search/etablissement+wellness+Dossenheim-Kochersberg%2BFrance/,traité (2026-08-22 18:42)
https://www.google.com/maps/search/etablissement+wellness+Dossenheim-sur-Zinsel%2BFrance/,traité (2026-08-22 18:42)
https://www.google.com/maps/search/etablissement+wellness+Douadic%2BFrance/,traité (2026-08-22 18:42)
https://www.google.com/maps/search/etablissement+wellness+Douai%2BFrance/,traité (2026-08-22 18:42)
https://www.google.com/maps/search/etablissement+wellness+Douains%2BFrance/,traité (2026-08-22 18:42)
https://www.google.com/maps/search/etablissement+wellness+Douarnenez%2BFrance/,traité (2026-08-22 18:42)
https://www.google.com/maps/search/etablissement+wellness+Douaumont%2BFrance/,traité (2026-08-22 18:42)
https://www.google.com/maps/search/etablissement+wellness+Doubs%2BFrance/,traité (2026-08-22 18:42)
https://www.google.com/maps/search/etablissement+wellness+Doucelles%2BFrance/,traité (2026-08-22 18:43)
https://www.google.com/maps/search/etablissement+wellness+Douchapt%2BFrance/,traité (2026-08-22 18:43)
https://www.google.com/maps/search/etablissement+wellness+Douchy%2BFrance/,traité (2026-08-22 18:43)
https://www.google.com/maps/search/etablissement+wellness+Douchy-lès-Ayette%2BFrance/,traité (2026-08-22 18:45)
https://www.google.com/maps/search/etablissement+wellness+Douchy-les-Mines%2BFrance/,traité (2026-08-22 18:45)
https://www.google.com/maps/search/etablissement+wellness+Douchy-Montcorbon%2BFrance/,traité (2026-08-22 18:45)
https://www.google.com/maps/search/etablissement+wellness+Doucier%2BFrance/,traité (2026-08-22 18:45)
https://www.google.com/maps/search/etablissement+wellness+Doucy-en-Bauges%2BFrance/,traité (2026-08-22 18:45)
https://www.google.com/maps/search/etablissement+wellness+Doudeauville%2BFrance/,traité (2026-08-22 18:46)
https://www.google.com/maps/search/etablissement+wellness+Doudeauville%2BFrance/,traité (2026-08-22 18:46)
https://www.google.com/maps/search/etablissement+wellness+Doudeauville-en-Vexin%2BFrance/,traité (2026-08-22 18:46)
https://www.google.com/maps/search/etablissement+wellness+Doudelainville%2BFrance/,traité (2026-08-22 18:47)
https://www.google.com/maps/search/etablissement+wellness+Doudeville%2BFrance/,traité (2026-08-22 18:47)
https://www.google.com/maps/search/etablissement+wellness+Doudrac%2BFrance/,traité (2026-08-22 18:47)
https://www.google.com/maps/search/etablissement+wellness+Doue%2BFrance/,traité (2026-08-22 18:47)
https://www.google.com/maps/search/etablissement+wellness+Doué-en-Anjou%2BFrance/,traité (2026-08-22 18:47)
https://www.google.com/maps/search/etablissement+wellness+Douelle%2BFrance/,traité (2026-08-22 18:49)
https://www.google.com/maps/search/etablissement+wellness+Le Douhet%2BFrance/,traité (2026-08-22 18:49)
https://www.google.com/maps/search/etablissement+wellness+Douillet%2BFrance/,traité (2026-08-22 18:49)
https://www.google.com/maps/search/etablissement+wellness+Douilly%2BFrance/,traité (2026-08-22 18:49)
https://www.google.com/maps/search/etablissement+wellness+Doulaincourt-Saucourt%2BFrance/,traité (2026-08-22 18:49)
https://www.google.com/maps/search/etablissement+wellness+Doulcon%2BFrance/,échec (2026-08-22 18:49)
https://www.google.com/maps/search/etablissement+wellness+Doulevant-le-Château%2BFrance/,traité (2026-08-22 18:50)
https://www.google.com/maps/search/etablissement+wellness+Doulevant-le-Petit%2BFrance/,traité (2026-08-22 18:50)
https://www.google.com/maps/search/etablissement+wellness+Doulezon%2BFrance/,traité (2026-08-22 18:50)
https://www.google.com/maps/search/etablissement+wellness+Le Doulieu%2BFrance/,traité (2026-08-22 18:50)
https://www.google.com/maps/search/etablissement+wellness+Doullens%2BFrance/,traité (2026-08-22 18:50)
https://www.google.com/maps/search/etablissement+wellness+Doumely-Bégny%2BFrance/,traité (2026-08-22 18:51)
https://www.google.com/maps/search/etablissement+wellness+Doumy%2BFrance/,traité (2026-08-22 18:53)
https://www.google.com/maps/search/etablissement+wellness+Dounoux%2BFrance/,traité (2026-08-22 18:53)
https://www.google.com/maps/search/etablissement+wellness+Dourbies%2BFrance/,traité (2026-08-22 18:53)
https://www.google.com/maps/search/etablissement+wellness+Dourdain%2BFrance/,traité (2026-08-22 18:53)
https://www.google.com/maps/search/etablissement+wellness+Dourdan%2BFrance/,traité (2026-08-22 18:53)
https://www.google.com/maps/search/etablissement+wellness+Dourges%2BFrance/,traité (2026-08-22 18:53)
https://www.google.com/maps/search/etablissement+wellness+Dourgne%2BFrance/,traité (2026-08-22 18:53)
https://www.google.com/maps/search/etablissement+wellness+Douriez%2BFrance/,traité (2026-08-22 18:53)
https://www.google.com/maps/search/etablissement+wellness+Dourlers%2BFrance/,échec (2026-08-22 18:53)
https://www.google.com/maps/search/etablissement+wellness+Le Dourn%2BFrance/,traité (2026-08-22 18:54)
https://www.google.com/maps/search/etablissement+wellness+Dournazac%2BFrance/,traité (2026-08-22 18:54)
https://www.google.com/maps/search/etablissement+wellness+Dournon%2BFrance/,traité (2026-08-22 18:54)
https://www.google.com/maps/search/etablissement+wellness+Dours%2BFrance/,traité (2026-08-22 18:54)
https://www.google.com/maps/search/etablissement+wellness+Doussard%2BFrance/,traité (2026-08-22 18:56)
https://www.google.com/maps/search/etablissement+wellness+Doussay%2BFrance/,traité (2026-08-22 18:56)
https://www.google.com/maps/search/etablissement+wellness+Douvaine%2BFrance/,traité (2026-08-22 18:56)
https://www.google.com/maps/search/etablissement+wellness+Douville%2BFrance/,traité (2026-08-22 18:56)
https://www.google.com/maps/search/etablissement+wellness+Douville-en-Auge%2BFrance/,traité (2026-08-22 18:56)
https://www.google.com/maps/search/etablissement+wellness+Douville-sur-Andelle%2BFrance/,traité (2026-08-22 18:56)
https://www.google.com/maps/search/etablissement+wellness+Douvrend%2BFrance/,traité (2026-08-22 18:56)
https://www.google.com/maps/search/etablissement+wellness+Douvres%2BFrance/,traité (2026-08-22 18:57)
https://www.google.com/maps/search/etablissement+wellness+Douvres-la-Délivrande%2BFrance/,traité (2026-08-22 18:57)
https://www.google.com/maps/search/etablissement+wellness+Douvrin%2BFrance/,échec (2026-08-22 18:58)
https://www.google.com/maps/search/etablissement+wellness+Doux%2BFrance/,traité (2026-08-22 18:58)
https://www.google.com/maps/search/etablissement+wellness+Doux%2BFrance/,traité (2026-08-22 18:58)
https://www.google.com/maps/search/etablissement+wellness+Douy%2BFrance/,traité (2026-08-22 19:00)
https://www.google.com/maps/search/etablissement+wellness+Douy-la-Ramée%2BFrance/,traité (2026-08-22 19:00)
https://www.google.com/maps/search/etablissement+wellness+Douzains%2BFrance/,traité (2026-08-22 19:00)
https://www.google.com/maps/search/etablissement+wellness+Douzat%2BFrance/,traité (2026-08-22 19:00)
https://www.google.com/maps/search/etablissement+wellness+La Douze%2BFrance/,traité (2026-08-22 19:00)
https://www.google.com/maps/search/etablissement+wellness+Douzens%2BFrance/,traité (2026-08-22 19:00)
https://www.google.com/maps/search/etablissement+wellness+Douzillac%2BFrance/,traité (2026-08-22 19:00)
https://www.google.com/maps/search/etablissement+wellness+Douzy%2BFrance/,traité (2026-08-22 19:00)
https://www.google.com/maps/search/etablissement+wellness+Doville%2BFrance/,traité (2026-08-22 19:00)
https://www.google.com/maps/search/etablissement+wellness+Doye%2BFrance/,traité (2026-08-22 19:01)
https://www.google.com/maps/search/etablissement+wellness+Doyet%2BFrance/,traité (2026-08-22 19:01)
https://www.google.com/maps/search/etablissement+wellness+Dozulé%2BFrance/,traité (2026-08-22 19:01)
https://www.google.com/maps/search/etablissement+wellness+Dracé%2BFrance/,traité (2026-08-22 19:02)
https://www.google.com/maps/search/etablissement+wellness+Draché%2BFrance/,traité (2026-08-22 19:04)
https://www.google.com/maps/search/etablissement+wellness+Drachenbronn-Birlenbach%2BFrance/,échec (2026-08-22 19:04)
https://www.google.com/maps/search/etablissement+wellness+Dracy%2BFrance/,traité (2026-08-22 19:04)
https://www.google.com/maps/search/etablissement+wellness+Dracy-le-Fort%2BFrance/,traité (2026-08-22 19:04)
https://www.google.com/maps/search/etablissement+wellness+Dracy-lès-Couches%2BFrance/,traité (2026-08-22 19:04)
https://www.google.com/maps/search/etablissement+wellness+Dracy-Saint-Loup%2BFrance/,traité (2026-08-22 19:04)
https://www.google.com/maps/search/etablissement+wellness+Dragey-Ronthon%2BFrance/,traité (2026-08-22 19:04)
https://www.google.com/maps/search/etablissement+wellness+Draguignan%2BFrance/,traité (2026-08-22 19:04)
https://www.google.com/maps/search/etablissement+wellness+Draillant%2BFrance/,traité (2026-08-22 19:05)
https://www.google.com/maps/search/etablissement+wellness+Draix%2BFrance/,traité (2026-08-22 19:05)
https://www.google.com/maps/search/etablissement+wellness+Draize%2BFrance/,traité (2026-08-22 19:05)
https://www.google.com/maps/search/etablissement+wellness+Drambon%2BFrance/,traité (2026-08-22 19:06)
https://www.google.com/maps/search/etablissement+wellness+Dramelay%2BFrance/,traité (2026-08-22 19:08)
https://www.google.com/maps/search/etablissement+wellness+Drancy%2BFrance/,traité (2026-08-22 19:08)
https://www.google.com/maps/search/etablissement+wellness+Drap%2BFrance/,échec (2026-08-22 19:08)
https://www.google.com/maps/search/etablissement+wellness+Dravegny%2BFrance/,traité (2026-08-22 19:08)
https://www.google.com/maps/search/etablissement+wellness+Draveil%2BFrance/,traité (2026-08-22 19:08)
https://www.google.com/maps/search/etablissement+wellness+Drée%2BFrance/,traité (2026-08-22 19:08)
https://www.google.com/maps/search/etablissement+wellness+Drefféac%2BFrance/,traité (2026-08-22 19:08)
https://www.google.com/maps/search/etablissement+wellness+Drémil-Lafage%2BFrance/,traité (2026-08-22 19:08)
https://www.google.com/maps/search/etablissement+wellness+La Drenne%2BFrance/,traité (2026-08-22 19:08)
https://www.google.com/maps/search/etablissement+wellness+Le Drennec%2BFrance/,traité (2026-08-22 19:08)
https://www.google.com/maps/search/etablissement+wellness+Dreuil-lès-Amiens%2BFrance/,traité (2026-08-22 19:08)
https://www.google.com/maps/search/etablissement+wellness+Dreuilhe%2BFrance/,traité (2026-08-22 19:08)
https://www.google.com/maps/search/etablissement+wellness+Dreux%2BFrance/,traité (2026-08-22 19:09)
https://www.google.com/maps/search/etablissement+wellness+Drevant%2BFrance/,traité (2026-08-22 19:11)
https://www.google.com/maps/search/etablissement+wellness+Dricourt%2BFrance/,traité (2026-08-22 19:11)
https://www.google.com/maps/search/etablissement+wellness+Driencourt%2BFrance/,traité (2026-08-22 19:11)
https://www.google.com/maps/search/etablissement+wellness+Drincham%2BFrance/,traité (2026-08-22 19:11)
https://www.google.com/maps/search/etablissement+wellness+Drocourt%2BFrance/,échec (2026-08-22 19:11)
https://www.google.com/maps/search/etablissement+wellness+Drocourt%2BFrance/,échec (2026-08-22 19:11)
https://www.google.com/maps/search/etablissement+wellness+Droisy%2BFrance/,traité (2026-08-22 19:11)
https://www.google.com/maps/search/etablissement+wellness+Droisy%2BFrance/,traité (2026-08-22 19:11)
https://www.google.com/maps/search/etablissement+wellness+Droiturier%2BFrance/,traité (2026-08-22 19:11)
https://www.google.com/maps/search/etablissement+wellness+Droizy%2BFrance/,traité (2026-08-22 19:12)
https://www.google.com/maps/search/etablissement+wellness+Drom%2BFrance/,traité (2026-08-22 19:12)
https://www.google.com/maps/search/etablissement+wellness+Dromesnil%2BFrance/,traité (2026-08-22 19:12)
https://www.google.com/maps/search/etablissement+wellness+Drosay%2BFrance/,traité (2026-08-22 19:15)
https://www.google.com/maps/search/etablissement+wellness+Drosnay%2BFrance/,échec (2026-08-22 19:15)
https://www.google.com/maps/search/etablissement+wellness+Droué%2BFrance/,traité (2026-08-22 19:15)
https://www.google.com/maps/search/etablissement+wellness+Droue-sur-Drouette%2BFrance/,traité (2026-08-22 19:15)
https://www.google.com/maps/search/etablissement+wellness+Drouges%2BFrance/,traité (2026-08-22 19:15)
https://www.google.com/maps/search/etablissement+wellness+Drouilly%2BFrance/,traité (2026-08-22 19:15)
https://www.google.com/maps/search/etablissement+wellness+Droupt-Saint-Basle%2BFrance/,traité (2026-08-22 19:15)
https://www.google.com/maps/search/etablissement+wellness+Droupt-Sainte-Marie%2BFrance/,traité (2026-08-22 19:15)
https://www.google.com/maps/search/etablissement+wellness+Drouville%2BFrance/,traité (2026-08-22 19:15)
https://www.google.com/maps/search/etablissement+wellness+Drouvin-le-Marais%2BFrance/,traité (2026-08-22 19:16)
https://www.google.com/maps/search/etablissement+wellness+Droux%2BFrance/,traité (2026-08-22 19:16)
https://www.google.com/maps/search/etablissement+wellness+Drubec%2BFrance/,traité (2026-08-22 19:16)
https://www.google.com/maps/search/etablissement+wellness+Drucat%2BFrance/,traité (2026-08-22 19:17)
https://www.google.com/maps/search/etablissement+wellness+Drucourt%2BFrance/,traité (2026-08-22 19:19)
https://www.google.com/maps/search/etablissement+wellness+Drudas%2BFrance/,traité (2026-08-22 19:19)
https://www.google.com/maps/search/etablissement+wellness+Druelle Balsac%2BFrance/,traité (2026-08-22 19:19)
https://www.google.com/maps/search/etablissement+wellness+Drugeac%2BFrance/,traité (2026-08-22 19:19)
https://www.google.com/maps/search/etablissement+wellness+Druillat%2BFrance/,traité (2026-08-22 19:19)
https://www.google.com/maps/search/etablissement+wellness+Drulhe%2BFrance/,traité (2026-08-22 19:19)
https://www.google.com/maps/search/etablissement+wellness+Drulingen%2BFrance/,traité (2026-08-22 19:19)
https://www.google.com/maps/search/etablissement+wellness+Drumettaz-Clarafond%2BFrance/,traité (2026-08-22 19:19)
https://www.google.com/maps/search/etablissement+wellness+Drusenheim%2BFrance/,traité (2026-08-22 19:19)
https://www.google.com/maps/search/etablissement+wellness+Druy-Parigny%2BFrance/,traité (2026-08-22 19:35)
https://www.google.com/maps/search/etablissement+wellness+Druye%2BFrance/,traité (2026-08-22 19:37)
https://www.google.com/maps/search/etablissement+wellness+Druyes-les-Belles-Fontaines%2BFrance/,traité (2026-08-22 19:37)
https://www.google.com/maps/search/etablissement+wellness+Dry%2BFrance/,traité (2026-08-22 19:37)
https://www.google.com/maps/search/etablissement+wellness+Duault%2BFrance/,traité (2026-08-22 19:37)
https://www.google.com/maps/search/etablissement+wellness+Ducey-Les Chéris%2BFrance/,traité (2026-08-22 19:37)
https://www.google.com/maps/search/etablissement+wellness+Duclair%2BFrance/,traité (2026-08-22 19:37)
https://www.google.com/maps/search/etablissement+wellness+Ducos%2BFrance/,traité (2026-08-22 19:37)
https://www.google.com/maps/search/etablissement+wellness+Ducy-Sainte-Marguerite%2BFrance/,traité (2026-08-22 19:37)
https://www.google.com/maps/search/etablissement+wellness+Duerne%2BFrance/,traité (2026-08-22 19:37)
https://www.google.com/maps/search/etablissement+wellness+Duesme%2BFrance/,traité (2026-08-22 19:37)
https://www.google.com/maps/search/etablissement+wellness+Duffort%2BFrance/,traité (2026-08-22 19:37)
https://www.google.com/maps/search/etablissement+wellness+Dugny%2BFrance/,traité (2026-08-22 19:37)
https://www.google.com/maps/search/etablissement+wellness+Dugny-sur-Meuse%2BFrance/,traité (2026-08-22 19:38)
https://www.google.com/maps/search/etablissement+wellness+Duhort-Bachen%2BFrance/,traité (2026-08-22 19:38)
https://www.google.com/maps/search/etablissement+wellness+Duilhac-sous-Peyrepertuse%2BFrance/,traité (2026-08-22 19:38)
https://www.google.com/maps/search/etablissement+wellness+Duingt%2BFrance/,traité (2026-08-22 19:38)
https://www.google.com/maps/search/etablissement+wellness+Duisans%2BFrance/,traité (2026-08-22 19:39)
https://www.google.com/maps/search/etablissement+wellness+Dullin%2BFrance/,traité (2026-08-22 19:41)
https://www.google.com/maps/search/etablissement+wellness+Dumes%2BFrance/,traité (2026-08-22 19:41)
https://www.google.com/maps/search/etablissement+wellness+Dun%2BFrance/,traité (2026-08-22 19:41)
https://www.google.com/maps/search/etablissement+wellness+Dun-le-Palestel%2BFrance/,traité (2026-08-22 19:41)
https://www.google.com/maps/search/etablissement+wellness+Dun-le-Poëlier%2BFrance/,traité (2026-08-22 19:41)
https://www.google.com/maps/search/etablissement+wellness+Dun-les-Places%2BFrance/,traité (2026-08-22 19:41)
https://www.google.com/maps/search/etablissement+wellness+Dun-sur-Auron%2BFrance/,traité (2026-08-22 19:41)
https://www.google.com/maps/search/etablissement+wellness+Dun-sur-Grandry%2BFrance/,traité (2026-08-22 19:41)
https://www.google.com/maps/search/etablissement+wellness+Dun-sur-Meuse%2BFrance/,traité (2026-08-22 19:41)
https://www.google.com/maps/search/etablissement+wellness+Duneau%2BFrance/,traité (2026-08-22 19:41)
https://www.google.com/maps/search/etablissement+wellness+Dunes%2BFrance/,traité (2026-08-22 19:41)
https://www.google.com/maps/search/etablissement+wellness+Dunet%2BFrance/,traité (2026-08-22 19:41)
https://www.google.com/maps/search/etablissement+wellness+Dung%2BFrance/,traité (2026-08-22 19:41)
https://www.google.com/maps/search/etablissement+wellness+Dunière-sur-Eyrieux%2BFrance/,traité (2026-08-22 19:42)
https://www.google.com/maps/search/etablissement+wellness+Dunières%2BFrance/,traité (2026-08-22 19:41)
https://www.google.com/maps/search/etablissement+wellness+Dunkerque%2BFrance/,traité (2026-08-22 19:42)
https://www.google.com/maps/search/etablissement+wellness+Duntzenheim%2BFrance/,traité (2026-08-22 19:44)
https://www.google.com/maps/search/etablissement+wellness+Duppigheim%2BFrance/,traité (2026-08-22 19:44)
https://www.google.com/maps/search/etablissement+wellness+Duran%2BFrance/,traité (2026-08-22 19:44)
https://www.google.com/maps/search/etablissement+wellness+Durance%2BFrance/,traité (2026-08-22 19:44)
https://www.google.com/maps/search/etablissement+wellness+Duranus%2BFrance/,traité (2026-08-22 19:44)
https://www.google.com/maps/search/etablissement+wellness+Duranville%2BFrance/,traité (2026-08-22 19:44)
https://www.google.com/maps/search/etablissement+wellness+Duras%2BFrance/,traité (2026-08-22 19:44)
https://www.google.com/maps/search/etablissement+wellness+Duravel%2BFrance/,traité (2026-08-22 19:44)
https://www.google.com/maps/search/etablissement+wellness+Durban%2BFrance/,traité (2026-08-22 19:44)
https://www.google.com/maps/search/etablissement+wellness+Durban-Corbières%2BFrance/,traité (2026-08-22 19:44)
https://www.google.com/maps/search/etablissement+wellness+Durban-sur-Arize%2BFrance/,traité (2026-08-22 19:44)
https://www.google.com/maps/search/etablissement+wellness+Durbans%2BFrance/,échec (2026-08-22 19:45)
https://www.google.com/maps/search/etablissement+wellness+Durcet%2BFrance/,traité (2026-08-22 19:45)
https://www.google.com/maps/search/etablissement+wellness+Durdat-Larequille%2BFrance/,traité (2026-08-22 19:45)
https://www.google.com/maps/search/etablissement+wellness+Dureil%2BFrance/,traité (2026-08-22 19:45)
https://www.google.com/maps/search/etablissement+wellness+Durenque%2BFrance/,traité (2026-08-22 19:46)
https://www.google.com/maps/search/etablissement+wellness+Durfort%2BFrance/,traité (2026-08-22 19:48)
https://www.google.com/maps/search/etablissement+wellness+Durfort%2BFrance/,traité (2026-08-22 19:48)
https://www.google.com/maps/search/etablissement+wellness+Durfort-et-Saint-Martin-de-Sossenac%2BFrance/,traité (2026-08-22 19:48)
https://www.google.com/maps/search/etablissement+wellness+Durfort-Lacapelette%2BFrance/,traité (2026-08-22 19:48)
https://www.google.com/maps/search/etablissement+wellness+Durlinsdorf%2BFrance/,traité (2026-08-22 19:48)
https://www.google.com/maps/search/etablissement+wellness+Durmenach%2BFrance/,traité (2026-08-22 19:48)
https://www.google.com/maps/search/etablissement+wellness+Durmignat%2BFrance/,traité (2026-08-22 19:48)
https://www.google.com/maps/search/etablissement+wellness+Durnes%2BFrance/,traité (2026-08-22 19:48)
https://www.google.com/maps/search/etablissement+wellness+Durningen%2BFrance/,échec (2026-08-22 19:48)
https://www.google.com/maps/search/etablissement+wellness+Durrenbach%2BFrance/,traité (2026-08-22 19:48)
https://www.google.com/maps/search/etablissement+wellness+Durrenentzen%2BFrance/,traité (2026-08-22 19:49)
https://www.google.com/maps/search/etablissement+wellness+Durstel%2BFrance/,traité (2026-08-22 19:49)
https://www.google.com/maps/search/etablissement+wellness+Durtal%2BFrance/,traité (2026-08-22 19:49)
https://www.google.com/maps/search/etablissement+wellness+Durtol%2BFrance/,traité (2026-08-22 19:49)
https://www.google.com/maps/search/etablissement+wellness+Dury%2BFrance/,traité (2026-08-22 19:50)
https://www.google.com/maps/search/etablissement+wellness+Dury%2BFrance/,traité (2026-08-22 19:50)
https://www.google.com/maps/search/etablissement+wellness+Dury%2BFrance/,traité (2026-08-22 19:50)
https://www.google.com/maps/search/etablissement+wellness+Dussac%2BFrance/,traité (2026-08-22 19:52)
https://www.google.com/maps/search/etablissement+wellness+Duttlenheim%2BFrance/,traité (2026-08-22 19:52)
https://www.google.com/maps/search/etablissement+wellness+Duvy%2BFrance/,traité (2026-08-22 19:52)
https://www.google.com/maps/search/etablissement+wellness+Duzey%2BFrance/,traité (2026-08-22 19:52)
https://www.google.com/maps/search/etablissement+wellness+Dyé%2BFrance/,traité (2026-08-22 19:52)
https://www.google.com/maps/search/etablissement+wellness+Dyo%2BFrance/,échec (2026-08-22 19:52)
https://www.google.com/maps/search/etablissement+wellness+Dzaoudzi%2BFrance/,traité (2026-08-22 19:52)
https://www.google.com/maps/search/etablissement+wellness+Eancé%2BFrance/,traité (2026-08-22 19:52)
https://www.google.com/maps/search/etablissement+wellness+Eaubonne%2BFrance/,traité (2026-08-22 19:52)
https://www.google.com/maps/search/etablissement+wellness+Eaucourt-sur-Somme%2BFrance/,traité (2026-08-22 19:52)
https://www.google.com/maps/search/etablissement+wellness+Eaunes%2BFrance/,traité (2026-08-22 19:52)
https://www.google.com/maps/search/etablissement+wellness+Eaux-Bonnes%2BFrance/,traité (2026-08-22 19:53)
https://www.google.com/maps/search/etablissement+wellness+Eaux-Puiseaux%2BFrance/,traité (2026-08-22 19:53)
https://www.google.com/maps/search/etablissement+wellness+Eauze%2BFrance/,traité (2026-08-22 19:53)
https://www.google.com/maps/search/etablissement+wellness+Ébaty%2BFrance/,traité (2026-08-22 19:53)
https://www.google.com/maps/search/etablissement+wellness+Ebblinghem%2BFrance/,traité (2026-08-22 19:54)
https://www.google.com/maps/search/etablissement+wellness+Eberbach-Seltz%2BFrance/,échec (2026-08-22 19:54)
https://www.google.com/maps/search/etablissement+wellness+Ebersheim%2BFrance/,traité (2026-08-22 19:56)
https://www.google.com/maps/search/etablissement+wellness+Ebersmunster%2BFrance/,traité (2026-08-22 19:56)
https://www.google.com/maps/search/etablissement+wellness+Ébersviller%2BFrance/,traité (2026-08-22 19:56)
https://www.google.com/maps/search/etablissement+wellness+Éblange%2BFrance/,traité (2026-08-22 19:56)
https://www.google.com/maps/search/etablissement+wellness+Ébouleau%2BFrance/,traité (2026-08-22 19:56)
https://www.google.com/maps/search/etablissement+wellness+Ébréon%2BFrance/,traité (2026-08-22 19:56)
https://www.google.com/maps/search/etablissement+wellness+Ébreuil%2BFrance/,traité (2026-08-22 19:56)
https://www.google.com/maps/search/etablissement+wellness+L'Écaille%2BFrance/,traité (2026-08-22 19:56)
https://www.google.com/maps/search/etablissement+wellness+Écaillon%2BFrance/,traité (2026-08-22 19:56)
https://www.google.com/maps/search/etablissement+wellness+Écalles-Alix%2BFrance/,traité (2026-08-22 19:56)
https://www.google.com/maps/search/etablissement+wellness+Écaquelon%2BFrance/,traité (2026-08-22 19:56)
https://www.google.com/maps/search/etablissement+wellness+Écardenville-la-Campagne%2BFrance/,traité (2026-08-22 19:56)
https://www.google.com/maps/search/etablissement+wellness+Écausseville%2BFrance/,traité (2026-08-22 19:57)
https://www.google.com/maps/search/etablissement+wellness+Écauville%2BFrance/,traité (2026-08-22 19:57)
https://www.google.com/maps/search/etablissement+wellness+Eccica-Suarella%2BFrance/,traité (2026-08-22 19:57)
https://www.google.com/maps/search/etablissement+wellness+Eccles%2BFrance/,traité (2026-08-22 19:58)
https://www.google.com/maps/search/etablissement+wellness+Échalas%2BFrance/,traité (2026-08-22 19:58)
https://www.google.com/maps/search/etablissement+wellness+Échallat%2BFrance/,traité (2026-08-22 20:00)
https://www.google.com/maps/search/etablissement+wellness+Échallon%2BFrance/,traité (2026-08-22 20:00)
https://www.google.com/maps/search/etablissement+wellness+Échalot%2BFrance/,traité (2026-08-22 20:00)
https://www.google.com/maps/search/etablissement+wellness+Échalou%2BFrance/,traité (2026-08-22 20:00)
https://www.google.com/maps/search/etablissement+wellness+Échandelys%2BFrance/,traité (2026-08-22 20:00)
https://www.google.com/maps/search/etablissement+wellness+Échannay%2BFrance/,traité (2026-08-22 20:00)
https://www.google.com/maps/search/etablissement+wellness+Écharcon%2BFrance/,traité (2026-08-22 20:00)
https://www.google.com/maps/search/etablissement+wellness+Échassières%2BFrance/,traité (2026-08-22 20:00)
https://www.google.com/maps/search/etablissement+wellness+Échauffour%2BFrance/,traité (2026-08-22 20:00)
https://www.google.com/maps/search/etablissement+wellness+Échavanne%2BFrance/,traité (2026-08-22 20:00)
https://www.google.com/maps/search/etablissement+wellness+Échay%2BFrance/,traité (2026-08-22 20:00)
https://www.google.com/maps/search/etablissement+wellness+Échebrune%2BFrance/,traité (2026-08-22 20:01)
https://www.google.com/maps/search/etablissement+wellness+L'Échelle%2BFrance/,traité (2026-08-22 20:01)
https://www.google.com/maps/search/etablissement+wellness+L'Échelle-Saint-Aurin%2BFrance/,traité (2026-08-22 20:01)
https://www.google.com/maps/search/etablissement+wellness+Les Échelles%2BFrance/,traité (2026-08-22 20:01)
https://www.google.com/maps/search/etablissement+wellness+Échemines%2BFrance/,traité (2026-08-22 20:01)
https://www.google.com/maps/search/etablissement+wellness+Échenans%2BFrance/,traité (2026-08-22 20:02)
https://www.google.com/maps/search/etablissement+wellness+Échenans-sous-Mont-Vaudois%2BFrance/,traité (2026-08-22 20:04)
https://www.google.com/maps/search/etablissement+wellness+Échenay%2BFrance/,traité (2026-08-22 20:04)
https://www.google.com/maps/search/etablissement+wellness+Échenevex%2BFrance/,traité (2026-08-22 20:04)
https://www.google.com/maps/search/etablissement+wellness+Échenon%2BFrance/,traité (2026-08-22 20:04)
https://www.google.com/maps/search/etablissement+wellness+Échenoz-la-Méline%2BFrance/,traité (2026-08-22 20:04)
https://www.google.com/maps/search/etablissement+wellness+Échenoz-le-Sec%2BFrance/,traité (2026-08-22 20:04)
https://www.google.com/maps/search/etablissement+wellness+Échevannes%2BFrance/,traité (2026-08-22 20:04)
https://www.google.com/maps/search/etablissement+wellness+Échevannes%2BFrance/,traité (2026-08-22 20:04)
https://www.google.com/maps/search/etablissement+wellness+Échevis%2BFrance/,traité (2026-08-22 20:04)
https://www.google.com/maps/search/etablissement+wellness+Échevronne%2BFrance/,traité (2026-08-22 20:04)
https://www.google.com/maps/search/etablissement+wellness+Échigey%2BFrance/,traité (2026-08-22 20:04)
https://www.google.com/maps/search/etablissement+wellness+Échillais%2BFrance/,traité (2026-08-22 20:04)
https://www.google.com/maps/search/etablissement+wellness+Échilleuses%2BFrance/,traité (2026-08-22 20:05)
https://www.google.com/maps/search/etablissement+wellness+Echinghen%2BFrance/,traité (2026-08-22 20:05)
https://www.google.com/maps/search/etablissement+wellness+Échiré%2BFrance/,traité (2026-08-22 20:05)
https://www.google.com/maps/search/etablissement+wellness+Échirolles%2BFrance/,traité (2026-08-22 20:05)
https://www.google.com/maps/search/etablissement+wellness+Échouboulains%2BFrance/,traité (2026-08-22 20:07)
https://www.google.com/maps/search/etablissement+wellness+Échourgnac%2BFrance/,traité (2026-08-22 20:07)
https://www.google.com/maps/search/etablissement+wellness+Eckartswiller%2BFrance/,traité (2026-08-22 20:07)
https://www.google.com/maps/search/etablissement+wellness+Eckbolsheim%2BFrance/,traité (2026-08-22 20:07)
https://www.google.com/maps/search/etablissement+wellness+Eckwersheim%2BFrance/,traité (2026-08-22 20:07)
https://www.google.com/maps/search/etablissement+wellness+Éclaibes%2BFrance/,traité (2026-08-22 20:07)
https://www.google.com/maps/search/etablissement+wellness+Éclaires%2BFrance/,traité (2026-08-22 20:07)
https://www.google.com/maps/search/etablissement+wellness+Éclance%2BFrance/,traité (2026-08-22 20:08)
https://www.google.com/maps/search/etablissement+wellness+Éclans-Nenon%2BFrance/,traité (2026-08-22 20:08)
https://www.google.com/maps/search/etablissement+wellness+Éclaron-Braucourt-Sainte-Livière%2BFrance/,traité (2026-08-22 20:08)
https://www.google.com/maps/search/etablissement+wellness+Eclassan%2BFrance/,traité (2026-08-22 20:08)
https://www.google.com/maps/search/etablissement+wellness+Écleux%2BFrance/,traité (2026-08-22 20:08)
https://www.google.com/maps/search/etablissement+wellness+Éclimeux%2BFrance/,traité (2026-08-22 20:08)
https://www.google.com/maps/search/etablissement+wellness+Eclose-Badinières%2BFrance/,traité (2026-08-22 20:09)
https://www.google.com/maps/search/etablissement+wellness+Éclusier-Vaux%2BFrance/,traité (2026-08-22 20:09)
https://www.google.com/maps/search/etablissement+wellness+Écluzelles%2BFrance/,traité (2026-08-22 20:09)
https://www.google.com/maps/search/etablissement+wellness+Écly%2BFrance/,traité (2026-08-22 20:09)
https://www.google.com/maps/search/etablissement+wellness+Écoche%2BFrance/,traité (2026-08-22 20:11)
https://www.google.com/maps/search/etablissement+wellness+Écoivres%2BFrance/,traité (2026-08-22 20:11)
https://www.google.com/maps/search/etablissement+wellness+École%2BFrance/,traité (2026-08-22 20:11)
https://www.google.com/maps/search/etablissement+wellness+École-Valentin%2BFrance/,traité (2026-08-22 20:11)
https://www.google.com/maps/search/etablissement+wellness+Écollemont%2BFrance/,traité (2026-08-22 20:11)
https://www.google.com/maps/search/etablissement+wellness+Écommoy%2BFrance/,traité (2026-08-22 20:11)
https://www.google.com/maps/search/etablissement+wellness+Écorcei%2BFrance/,traité (2026-08-22 20:11)
https://www.google.com/maps/search/etablissement+wellness+Les Écorces%2BFrance/,traité (2026-08-22 20:11)
https://www.google.com/maps/search/etablissement+wellness+Écorches%2BFrance/,traité (2026-08-22 20:11)
https://www.google.com/maps/search/etablissement+wellness+Écordal%2BFrance/,traité (2026-08-22 20:12)
https://www.google.com/maps/search/etablissement+wellness+Écorpain%2BFrance/,traité (2026-08-22 20:12)
https://www.google.com/maps/search/etablissement+wellness+Écot%2BFrance/,traité (2026-08-22 20:12)
https://www.google.com/maps/search/etablissement+wellness+Ecot-la-Combe%2BFrance/,traité (2026-08-22 20:12)
https://www.google.com/maps/search/etablissement+wellness+Écotay-l'Olme%2BFrance/,traité (2026-08-22 20:13)
https://www.google.com/maps/search/etablissement+wellness+Écouché-les-Vallées%2BFrance/,traité (2026-08-22 20:13)
https://www.google.com/maps/search/etablissement+wellness+Écouen%2BFrance/,traité (2026-08-22 20:13)
https://www.google.com/maps/search/etablissement+wellness+Écouflant%2BFrance/,traité (2026-08-22 20:13)
https://www.google.com/maps/search/etablissement+wellness+Écouis%2BFrance/,traité (2026-08-22 20:16)
https://www.google.com/maps/search/etablissement+wellness+Écourt-Saint-Quentin%2BFrance/,traité (2026-08-22 20:16)
https://www.google.com/maps/search/etablissement+wellness+Écoust-Saint-Mein%2BFrance/,échec (2026-08-22 20:16)
https://www.google.com/maps/search/etablissement+wellness+Écouves%2BFrance/,échec (2026-08-22 20:16)
https://www.google.com/maps/search/etablissement+wellness+Écouviez%2BFrance/,traité (2026-08-22 20:16)
https://www.google.com/maps/search/etablissement+wellness+L'Écouvotte%2BFrance/,traité (2026-08-22 20:16)
https://www.google.com/maps/search/etablissement+wellness+Écoyeux%2BFrance/,traité (2026-08-22 20:16)
https://www.google.com/maps/search/etablissement+wellness+Ecquedecques%2BFrance/,traité (2026-08-22 20:16)
https://www.google.com/maps/search/etablissement+wellness+Ecques%2BFrance/,traité (2026-08-22 20:16)
https://www.google.com/maps/search/etablissement+wellness+Ecquetot%2BFrance/,traité (2026-08-22 20:16)
https://www.google.com/maps/search/etablissement+wellness+Ecquevilly%2BFrance/,traité (2026-08-22 20:16)
https://www.google.com/maps/search/etablissement+wellness+Écrainville%2BFrance/,traité (2026-08-22 20:16)
https://www.google.com/maps/search/etablissement+wellness+Écrammeville%2BFrance/,traité (2026-08-22 20:17)
https://www.google.com/maps/search/etablissement+wellness+Les Écrennes%2BFrance/,traité (2026-08-22 20:17)
https://www.google.com/maps/search/etablissement+wellness+Écretteville-lès-Baons%2BFrance/,traité (2026-08-22 20:17)
https://www.google.com/maps/search/etablissement+wellness+Écretteville-sur-Mer%2BFrance/,traité (2026-08-22 20:17)
https://www.google.com/maps/search/etablissement+wellness+Écriennes%2BFrance/,traité (2026-08-22 20:19)
https://www.google.com/maps/search/etablissement+wellness+Écrille%2BFrance/,traité (2026-08-22 20:19)
https://www.google.com/maps/search/etablissement+wellness+Écromagny%2BFrance/,traité (2026-08-22 20:19)
https://www.google.com/maps/search/etablissement+wellness+Écrosnes%2BFrance/,traité (2026-08-22 20:19)
https://www.google.com/maps/search/etablissement+wellness+Écrouves%2BFrance/,traité (2026-08-22 20:19)
https://www.google.com/maps/search/etablissement+wellness+Ectot-l'Auber%2BFrance/,traité (2026-08-22 20:19)
https://www.google.com/maps/search/etablissement+wellness+Ectot-lès-Baons%2BFrance/,traité (2026-08-22 20:19)
https://www.google.com/maps/search/etablissement+wellness+Écueil%2BFrance/,traité (2026-08-22 20:19)
https://www.google.com/maps/search/etablissement+wellness+Écueillé%2BFrance/,traité (2026-08-22 20:19)
https://www.google.com/maps/search/etablissement+wellness+Écuélin%2BFrance/,traité (2026-08-22 20:19)
https://www.google.com/maps/search/etablissement+wellness+Écuelle%2BFrance/,traité (2026-08-22 20:20)
https://www.google.com/maps/search/etablissement+wellness+Écuelles%2BFrance/,traité (2026-08-22 20:20)
https://www.google.com/maps/search/etablissement+wellness+Écuillé%2BFrance/,traité (2026-08-22 20:21)
https://www.google.com/maps/search/etablissement+wellness+Écuires%2BFrance/,traité (2026-08-22 20:21)
https://www.google.com/maps/search/etablissement+wellness+Écuisses%2BFrance/,traité (2026-08-22 20:21)
https://www.google.com/maps/search/etablissement+wellness+Éculleville%2BFrance/,traité (2026-08-22 20:21)
https://www.google.com/maps/search/etablissement+wellness+Écully%2BFrance/,traité (2026-08-22 20:21)
https://www.google.com/maps/search/etablissement+wellness+Écuras%2BFrance/,traité (2026-08-22 20:24)
https://www.google.com/maps/search/etablissement+wellness+Écurat%2BFrance/,traité (2026-08-22 20:24)
https://www.google.com/maps/search/etablissement+wellness+Écurcey%2BFrance/,traité (2026-08-22 20:24)
https://www.google.com/maps/search/etablissement+wellness+Écurey-en-Verdunois%2BFrance/,traité (2026-08-22 20:24)
https://www.google.com/maps/search/etablissement+wellness+Écurie%2BFrance/,traité (2026-08-22 20:24)
https://www.google.com/maps/search/etablissement+wellness+Écury-le-Repos%2BFrance/,traité (2026-08-22 20:24)
https://www.google.com/maps/search/etablissement+wellness+Écury-sur-Coole%2BFrance/,traité (2026-08-22 20:24)
https://www.google.com/maps/search/etablissement+wellness+Écutigny%2BFrance/,traité (2026-08-22 20:24)
https://www.google.com/maps/search/etablissement+wellness+Écuvilly%2BFrance/,traité (2026-08-22 20:24)
https://www.google.com/maps/search/etablissement+wellness+Edern%2BFrance/,traité (2026-08-22 20:24)
https://www.google.com/maps/search/etablissement+wellness+Édon%2BFrance/,traité (2026-08-22 20:24)
https://www.google.com/maps/search/etablissement+wellness+Les Éduts%2BFrance/,traité (2026-08-22 20:24)
https://www.google.com/maps/search/etablissement+wellness+Eecke%2BFrance/,traité (2026-08-22 20:24)
https://www.google.com/maps/search/etablissement+wellness+Effiat%2BFrance/,traité (2026-08-22 20:24)
https://www.google.com/maps/search/etablissement+wellness+Effincourt%2BFrance/,traité (2026-08-22 20:24)
https://www.google.com/maps/search/etablissement+wellness+Effry%2BFrance/,traité (2026-08-22 20:24)
https://www.google.com/maps/search/etablissement+wellness+Égat%2BFrance/,traité (2026-08-22 20:26)
https://www.google.com/maps/search/etablissement+wellness+Égleny%2BFrance/,traité (2026-08-22 20:26)
https://www.google.com/maps/search/etablissement+wellness+Égletons%2BFrance/,traité (2026-08-22 20:26)
https://www.google.com/maps/search/etablissement+wellness+Égligny%2BFrance/,traité (2026-08-22 20:26)
https://www.google.com/maps/search/etablissement+wellness+Eglingen%2BFrance/,traité (2026-08-22 20:27)
https://www.google.com/maps/search/etablissement+wellness+L'Église-aux-Bois%2BFrance/,traité (2026-08-22 20:27)
https://www.google.com/maps/search/etablissement+wellness+Église-Neuve-d'Issac%2BFrance/,traité (2026-08-22 20:27)
https://www.google.com/maps/search/etablissement+wellness+Église-Neuve-de-Vergt%2BFrance/,traité (2026-08-22 20:27)
https://www.google.com/maps/search/etablissement+wellness+Égliseneuve-d'Entraigues%2BFrance/,traité (2026-08-22 20:27)
https://www.google.com/maps/search/etablissement+wellness+Égliseneuve-des-Liards%2BFrance/,traité (2026-08-22 20:27)
https://www.google.com/maps/search/etablissement+wellness+Égliseneuve-près-Billom%2BFrance/,traité (2026-08-22 20:27)
https://www.google.com/maps/search/etablissement+wellness+Les Églises-d'Argenteuil%2BFrance/,traité (2026-08-22 20:27)
https://www.google.com/maps/search/etablissement+wellness+Églisolles%2BFrance/,traité (2026-08-22 20:27)
https://www.google.com/maps/search/etablissement+wellness+Les Églisottes-et-Chalaures%2BFrance/,traité (2026-08-22 20:27)
https://www.google.com/maps/search/etablissement+wellness+Égly%2BFrance/,traité (2026-08-22 20:27)
https://www.google.com/maps/search/etablissement+wellness+Égreville%2BFrance/,traité (2026-08-22 20:27)
https://www.google.com/maps/search/etablissement+wellness+Égriselles-le-Bocage%2BFrance/,traité (2026-08-22 20:28)
https://www.google.com/maps/search/etablissement+wellness+Égry%2BFrance/,traité (2026-08-22 20:30)
https://www.google.com/maps/search/etablissement+wellness+Éguelshardt%2BFrance/,traité (2026-08-22 20:30)
https://www.google.com/maps/search/etablissement+wellness+Eguenigue%2BFrance/,traité (2026-08-22 20:30)
https://www.google.com/maps/search/etablissement+wellness+L'Éguille%2BFrance/,traité (2026-08-22 20:30)
https://www.google.com/maps/search/etablissement+wellness+Éguilles%2BFrance/,traité (2026-08-22 20:30)
https://www.google.com/maps/search/etablissement+wellness+Éguilly%2BFrance/,traité (2026-08-22 20:30)
https://www.google.com/maps/search/etablissement+wellness+Éguilly-sous-Bois%2BFrance/,traité (2026-08-22 20:30)
https://www.google.com/maps/search/etablissement+wellness+Eguisheim%2BFrance/,traité (2026-08-22 20:30)
https://www.google.com/maps/search/etablissement+wellness+Éguzon-Chantôme%2BFrance/,traité (2026-08-22 20:30)
https://www.google.com/maps/search/etablissement+wellness+Éhuns%2BFrance/,traité (2026-08-22 20:30)
https://www.google.com/maps/search/etablissement+wellness+Eichhoffen%2BFrance/,traité (2026-08-22 20:31)
https://www.google.com/maps/search/etablissement+wellness+Eincheville%2BFrance/,traité (2026-08-22 20:31)
https://www.google.com/maps/search/etablissement+wellness+Einvaux%2BFrance/,traité (2026-08-22 20:31)
https://www.google.com/maps/search/etablissement+wellness+Einville-au-Jard%2BFrance/,traité (2026-08-22 20:32)
https://www.google.com/maps/search/etablissement+wellness+Eix%2BFrance/,traité (2026-08-22 20:34)
https://www.google.com/maps/search/etablissement+wellness+Élan%2BFrance/,traité (2026-08-22 20:34)
https://www.google.com/maps/search/etablissement+wellness+Élancourt%2BFrance/,traité (2026-08-22 20:34)
https://www.google.com/maps/search/etablissement+wellness+Elbach%2BFrance/,traité (2026-08-22 20:34)
https://www.google.com/maps/search/etablissement+wellness+Elbeuf%2BFrance/,traité (2026-08-22 20:34)
https://www.google.com/maps/search/etablissement+wellness+Elbeuf-en-Bray%2BFrance/,traité (2026-08-22 20:34)
https://www.google.com/maps/search/etablissement+wellness+Elbeuf-sur-Andelle%2BFrance/,traité (2026-08-22 20:34)
https://www.google.com/maps/search/etablissement+wellness+Élencourt%2BFrance/,traité (2026-08-22 20:34)
https://www.google.com/maps/search/etablissement+wellness+Élesmes%2BFrance/,traité (2026-08-22 20:35)
https://www.google.com/maps/search/etablissement+wellness+Életot%2BFrance/,traité (2026-08-22 20:35)
https://www.google.com/maps/search/etablissement+wellness+Éleu-dit-Leauwette%2BFrance/,traité (2026-08-22 20:35)
https://www.google.com/maps/search/etablissement+wellness+Élincourt%2BFrance/,traité (2026-08-22 20:36)
https://www.google.com/maps/search/etablissement+wellness+Élincourt-Sainte-Marguerite%2BFrance/,traité (2026-08-22 20:36)
https://www.google.com/maps/search/etablissement+wellness+Élise-Daucourt%2BFrance/,traité (2026-08-22 20:38)
https://www.google.com/maps/search/etablissement+wellness+Ellecourt%2BFrance/,traité (2026-08-22 20:38)
https://www.google.com/maps/search/etablissement+wellness+Elliant%2BFrance/,traité (2026-08-22 20:38)
https://www.google.com/maps/search/etablissement+wellness+Ellon%2BFrance/,traité (2026-08-22 20:38)
https://www.google.com/maps/search/etablissement+wellness+Elne%2BFrance/,traité (2026-08-22 20:38)
https://www.google.com/maps/search/etablissement+wellness+Elnes%2BFrance/,traité (2026-08-22 20:38)
https://www.google.com/maps/search/etablissement+wellness+Éloie%2BFrance/,traité (2026-08-22 20:38)
https://www.google.com/maps/search/etablissement+wellness+Éloise%2BFrance/,traité (2026-08-22 20:38)
https://www.google.com/maps/search/etablissement+wellness+Éloyes%2BFrance/,traité (2026-08-22 20:39)
https://www.google.com/maps/search/etablissement+wellness+Elsenheim%2BFrance/,traité (2026-08-22 20:39)
https://www.google.com/maps/search/etablissement+wellness+Elvange%2BFrance/,échec (2026-08-22 20:40)
https://www.google.com/maps/search/etablissement+wellness+Elven%2BFrance/,traité (2026-08-22 20:40)
https://www.google.com/maps/search/etablissement+wellness+Elzange%2BFrance/,traité (2026-08-22 20:42)
https://www.google.com/maps/search/etablissement+wellness+Émagny%2BFrance/,traité (2026-08-22 20:42)
https://www.google.com/maps/search/etablissement+wellness+Émalleville%2BFrance/,traité (2026-08-22 20:42)
https://www.google.com/maps/search/etablissement+wellness+Émancé%2BFrance/,traité (2026-08-22 20:42)
https://www.google.com/maps/search/etablissement+wellness+Émanville%2BFrance/,traité (2026-08-22 20:42)
https://www.google.com/maps/search/etablissement+wellness+Émanville%2BFrance/,traité (2026-08-22 20:42)
https://www.google.com/maps/search/etablissement+wellness+Emberménil%2BFrance/,traité (2026-08-22 20:42)
https://www.google.com/maps/search/etablissement+wellness+Embres-et-Castelmaure%2BFrance/,traité (2026-08-22 20:42)
https://www.google.com/maps/search/etablissement+wellness+Embreville%2BFrance/,traité (2026-08-22 20:43)
https://www.google.com/maps/search/etablissement+wellness+Embrun%2BFrance/,traité (2026-08-22 20:43)
https://www.google.com/maps/search/etablissement+wellness+Embry%2BFrance/,traité (2026-08-22 20:43)
https://www.google.com/maps/search/etablissement+wellness+Émerainville%2BFrance/,traité (2026-08-22 20:43)
https://www.google.com/maps/search/etablissement+wellness+Émerchicourt%2BFrance/,traité (2026-08-22 20:43)
https://www.google.com/maps/search/etablissement+wellness+Émeringes%2BFrance/,traité (2026-08-22 20:45)
https://www.google.com/maps/search/etablissement+wellness+Éméville%2BFrance/,traité (2026-08-22 20:45)
https://www.google.com/maps/search/etablissement+wellness+Émiéville%2BFrance/,traité (2026-08-22 20:45)
https://www.google.com/maps/search/etablissement+wellness+Emlingen%2BFrance/,traité (2026-08-22 20:45)
https://www.google.com/maps/search/etablissement+wellness+Emmerin%2BFrance/,traité (2026-08-22 20:45)
https://www.google.com/maps/search/etablissement+wellness+Émondeville%2BFrance/,traité (2026-08-22 20:45)
https://www.google.com/maps/search/etablissement+wellness+Empeaux%2BFrance/,traité (2026-08-22 20:45)
https://www.google.com/maps/search/etablissement+wellness+Empurany%2BFrance/,traité (2026-08-22 20:46)
https://www.google.com/maps/search/etablissement+wellness+Empuré%2BFrance/,traité (2026-08-22 20:46)
https://www.google.com/maps/search/etablissement+wellness+Empury%2BFrance/,traité (2026-08-22 20:47)
https://www.google.com/maps/search/etablissement+wellness+Encausse%2BFrance/,traité (2026-08-22 20:47)
https://www.google.com/maps/search/etablissement+wellness+Encausse-les-Thermes%2BFrance/,traité (2026-08-22 20:47)
https://www.google.com/maps/search/etablissement+wellness+Enchastrayes%2BFrance/,traité (2026-08-22 20:49)
https://www.google.com/maps/search/etablissement+wellness+Enchenberg%2BFrance/,traité (2026-08-22 20:49)
https://www.google.com/maps/search/etablissement+wellness+Encourtiech%2BFrance/,traité (2026-08-22 20:49)
https://www.google.com/maps/search/etablissement+wellness+Endoufielle%2BFrance/,traité (2026-08-22 20:49)
https://www.google.com/maps/search/etablissement+wellness+Énencourt-le-Sec%2BFrance/,traité (2026-08-22 20:49)
https://www.google.com/maps/search/etablissement+wellness+Énencourt-Léage%2BFrance/,échec (2026-08-22 20:49)
https://www.google.com/maps/search/etablissement+wellness+Enfonvelle%2BFrance/,échec (2026-08-22 20:49)
https://www.google.com/maps/search/etablissement+wellness+Engayrac%2BFrance/,traité (2026-08-22 20:49)
https://www.google.com/maps/search/etablissement+wellness+Engente%2BFrance/,traité (2026-08-22 20:50)
https://www.google.com/maps/search/etablissement+wellness+Engenville%2BFrance/,traité (2026-08-22 22:04)
https://www.google.com/maps/search/etablissement+wellness+Enghien-les-Bains%2BFrance/,traité (2026-08-22 22:06)
https://www.google.com/maps/search/etablissement+wellness+Engins%2BFrance/,traité (2026-08-22 22:06)
https://www.google.com/maps/search/etablissement+wellness+Englancourt%2BFrance/,traité (2026-08-22 22:06)
https://www.google.com/maps/search/etablissement+wellness+Englebelmer%2BFrance/,traité (2026-08-22 22:07)
https://www.google.com/maps/search/etablissement+wellness+Englefontaine%2BFrance/,traité (2026-08-22 22:07)
https://www.google.com/maps/search/etablissement+wellness+Englesqueville-en-Auge%2BFrance/,traité (2026-08-22 22:10)
https://www.google.com/maps/search/etablissement+wellness+Englesqueville-la-Percée%2BFrance/,traité (2026-08-22 22:10)
https://www.google.com/maps/search/etablissement+wellness+Englos%2BFrance/,traité (2026-08-22 22:10)
https://www.google.com/maps/search/etablissement+wellness+Engomer%2BFrance/,traité (2026-08-22 22:10)
https://www.google.com/maps/search/etablissement+wellness+Enguinegatte%2BFrance/,traité (2026-08-22 22:11)
https://www.google.com/maps/search/etablissement+wellness+Engwiller%2BFrance/,traité (2026-08-22 22:13)
https://www.google.com/maps/search/etablissement+wellness+Ennemain%2BFrance/,traité (2026-08-22 22:13)
https://www.google.com/maps/search/etablissement+wellness+Ennery%2BFrance/,traité (2026-08-22 22:14)
https://www.google.com/maps/search/etablissement+wellness+Ennery%2BFrance/,traité (2026-08-22 22:14)
https://www.google.com/maps/search/etablissement+wellness+Ennetières-en-Weppes%2BFrance/,traité (2026-08-22 22:17)
https://www.google.com/maps/search/etablissement+wellness+Ennevelin%2BFrance/,traité (2026-08-22 22:17)
https://www.google.com/maps/search/etablissement+wellness+Ennezat%2BFrance/,traité (2026-08-22 22:17)
https://www.google.com/maps/search/etablissement+wellness+Ennordres%2BFrance/,traité (2026-08-22 22:17)
https://www.google.com/maps/search/etablissement+wellness+Enquin-lez-Guinegatte%2BFrance/,traité (2026-08-22 22:18)
https://www.google.com/maps/search/etablissement+wellness+Enquin-sur-Baillons%2BFrance/,traité (2026-08-22 22:20)
https://www.google.com/maps/search/etablissement+wellness+Ens%2BFrance/,traité (2026-08-22 22:20)
https://www.google.com/maps/search/etablissement+wellness+Ensigné%2BFrance/,traité (2026-08-22 22:20)
https://www.google.com/maps/search/etablissement+wellness+Ensisheim%2BFrance/,
https://www.google.com/maps/search/etablissement+wellness+Ensuès-la-Redonne%2BFrance/,
https://www.google.com/maps/search/etablissement+wellness+Entrages%2BFrance/,
https://www.google.com/maps/search/etablissement+wellness+Entraigues%2BFrance/,
https://www.google.com/maps/search/etablissement+wellness+Entraigues%2BFrance/,
https://www.google.com/maps/search/etablissement+wellness+Entraigues-sur-la-Sorgue%2BFrance/,
https://www.google.com/maps/search/etablissement+wellness+Entrains-sur-Nohain%2BFrance/,
https://www.google.com/maps/search/etablissement+wellness+Entrammes%2BFrance/,
https://www.google.com/maps/search/etablissement+wellness+Entrange%2BFrance/,
https://www.google.com/maps/search/etablissement+wellness+Entraunes%2BFrance/,
https://www.google.com/maps/search/etablissement+wellness+Entraygues-sur-Truyère%2BFrance/,
https://www.google.com/maps/search/etablissement+wellness+Entre-Deux%2BFrance/,
https://www.google.com/maps/search/etablissement+wellness+Entre-deux-Eaux%2BFrance/,
https://www.google.com/maps/search/etablissement+wellness+Entre-deux-Guiers%2BFrance/,
https://www.google.com/maps/search/etablissement+wellness+Entre-deux-Monts%2BFrance/,
https://www.google.com/maps/search/etablissement+wellness+Entrecasteaux%2BFrance/,
https://www.google.com/maps/search/etablissement+wellness+Entrechaux%2BFrance/,
https://www.google.com/maps/search/etablissement+wellness+Entrelacs%2BFrance/,
https://www.google.com/maps/search/etablissement+wellness+Entremont%2BFrance/,
https://www.google.com/maps/search/etablissement+wellness+Entremont-le-Vieux%2BFrance/,
https://www.google.com/maps/search/etablissement+wellness+Entrepierres%2BFrance/,
https://www.google.com/maps/search/etablissement+wellness+Entrevaux%2BFrance/,
https://www.google.com/maps/search/etablissement+wellness+Entrevennes%2BFrance/,
https://www.google.com/maps/search/etablissement+wellness+Entrevernes%2BFrance/,
https://www.google.com/maps/search/etablissement+wellness+Entzheim%2BFrance/,
https://www.google.com/maps/search/etablissement+wellness+Enval%2BFrance/,
https://www.google.com/maps/search/etablissement+wellness+Enveitg%2BFrance/,
https://www.google.com/maps/search/etablissement+wellness+Envermeu%2BFrance/,
https://www.google.com/maps/search/etablissement+wellness+Envronville%2BFrance/,
https://www.google.com/maps/search/etablissement+wellness+Eole-en-Beauce%2BFrance/,
https://www.google.com/maps/search/etablissement+wellness+Éourres%2BFrance/,
https://www.google.com/maps/search/etablissement+wellness+Eoux%2BFrance/,
https://www.google.com/maps/search/etablissement+wellness+Épagne%2BFrance/,
https://www.google.com/maps/search/etablissement+wellness+Épagne-Épagnette%2BFrance/,
https://www.google.com/maps/search/etablissement+wellness+Épagny%2BFrance/,
https://www.google.com/maps/search/etablissement+wellness+Épagny%2BFrance/,
https://www.google.com/maps/search/etablissement+wellness+Epagny Metz-Tessy%2BFrance/,
https://www.google.com/maps/search/etablissement+wellness+Épaignes%2BFrance/,
https://www.google.com/maps/search/etablissement+wellness+Épaney%2BFrance/,
https://www.google.com/maps/search/etablissement+wellness+Épannes%2BFrance/,
https://www.google.com/maps/search/etablissement+wellness+Éparcy%2BFrance/,
https://www.google.com/maps/search/etablissement+wellness+Les Éparges%2BFrance/,
https://www.google.com/maps/search/etablissement+wellness+Épargnes%2BFrance/,
https://www.google.com/maps/search/etablissement+wellness+Les Éparres%2BFrance/,
https://www.google.com/maps/search/etablissement+wellness+Épaumesnil%2BFrance/,
https://www.google.com/maps/search/etablissement+wellness+Épaux-Bézu%2BFrance/,
https://www.google.com/maps/search/etablissement+wellness+Épeautrolles%2BFrance/,
https://www.google.com/maps/search/etablissement+wellness+Épécamps%2BFrance/,
https://www.google.com/maps/search/etablissement+wellness+Épégard%2BFrance/,
https://www.google.com/maps/search/etablissement+wellness+Épehy%2BFrance/,
https://www.google.com/maps/search/etablissement+wellness+Épeigné-les-Bois%2BFrance/,
https://www.google.com/maps/search/etablissement+wellness+Épeigné-sur-Dême%2BFrance/,
https://www.google.com/maps/search/etablissement+wellness+Épénancourt%2BFrance/,
https://www.google.com/maps/search/etablissement+wellness+Épenède%2BFrance/,
https://www.google.com/maps/search/etablissement+wellness+Épenouse%2BFrance/,
https://www.google.com/maps/search/etablissement+wellness+Épenoy%2BFrance/,
https://www.google.com/maps/search/etablissement+wellness+Épense%2BFrance/,
https://www.google.com/maps/search/etablissement+wellness+Épercieux-Saint-Paul%2BFrance/,
https://www.google.com/maps/search/etablissement+wellness+Éperlecques%2BFrance/,
https://www.google.com/maps/search/etablissement+wellness+Épernay%2BFrance/,
https://www.google.com/maps/search/etablissement+wellness+Épernay-sous-Gevrey%2BFrance/,
https://www.google.com/maps/search/etablissement+wellness+Épernon%2BFrance/,
https://www.google.com/maps/search/etablissement+wellness+Eperrais%2BFrance/,
https://www.google.com/maps/search/etablissement+wellness+Épertully%2BFrance/,
https://www.google.com/maps/search/etablissement+wellness+Épervans%2BFrance/,
https://www.google.com/maps/search/etablissement+wellness+Les Epesses%2BFrance/,
https://www.google.com/maps/search/etablissement+wellness+Épeugney%2BFrance/,
https://www.google.com/maps/search/etablissement+wellness+Epfig%2BFrance/,
https://www.google.com/maps/search/etablissement+wellness+Épiais%2BFrance/,
https://www.google.com/maps/search/etablissement+wellness+Épiais-lès-Louvres%2BFrance/,
https://www.google.com/maps/search/etablissement+wellness+Épiais-Rhus%2BFrance/,
https://www.google.com/maps/search/etablissement+wellness+Épieds%2BFrance/,
https://www.google.com/maps/search/etablissement+wellness+Épieds%2BFrance/,
https://www.google.com/maps/search/etablissement+wellness+Épieds%2BFrance/,
https://www.google.com/maps/search/etablissement+wellness+Épieds-en-Beauce%2BFrance/,
https://www.google.com/maps/search/etablissement+wellness+Épierre%2BFrance/,
https://www.google.com/maps/search/etablissement+wellness+Épiez-sur-Chiers%2BFrance/,
https://www.google.com/maps/search/etablissement+wellness+Épiez-sur-Meuse%2BFrance/,
https://www.google.com/maps/search/etablissement+wellness+Épinac%2BFrance/,
https://www.google.com/maps/search/etablissement+wellness+Épinal%2BFrance/,
https://www.google.com/maps/search/etablissement+wellness+Épinay-Champlâtreux%2BFrance/,
https://www.google.com/maps/search/etablissement+wellness+Épinay-sous-Sénart%2BFrance/,
https://www.google.com/maps/search/etablissement+wellness+Épinay-sur-Duclair%2BFrance/,
https://www.google.com/maps/search/etablissement+wellness+Épinay-sur-Odon%2BFrance/,
https://www.google.com/maps/search/etablissement+wellness+Épinay-sur-Orge%2BFrance/,
https://www.google.com/maps/search/etablissement+wellness+Épinay-sur-Seine%2BFrance/,
https://www.google.com/maps/search/etablissement+wellness+L'Épine%2BFrance/,
https://www.google.com/maps/search/etablissement+wellness+L'Épine%2BFrance/,
https://www.google.com/maps/search/etablissement+wellness+L'Épine%2BFrance/,
https://www.google.com/maps/search/etablissement+wellness+L'Épine-aux-Bois%2BFrance/,
https://www.google.com/maps/search/etablissement+wellness+Épineau-les-Voves%2BFrance/,
https://www.google.com/maps/search/etablissement+wellness+Épineu-le-Chevreuil%2BFrance/,
https://www.google.com/maps/search/etablissement+wellness+Épineuil%2BFrance/,
https://www.google.com/maps/search/etablissement+wellness+Épineuil-le-Fleuriel%2BFrance/,
https://www.google.com/maps/search/etablissement+wellness+Épineuse%2BFrance/,
https://www.google.com/maps/search/etablissement+wellness+Épineux-le-Seguin%2BFrance/,
https://www.google.com/maps/search/etablissement+wellness+Epiniac%2BFrance/,
https://www.google.com/maps/search/etablissement+wellness+Épinonville%2BFrance/,
https://www.google.com/maps/search/etablissement+wellness+Épinouze%2BFrance/,
https://www.google.com/maps/search/etablissement+wellness+Épinoy%2BFrance/,
https://www.google.com/maps/search/etablissement+wellness+Epiry%2BFrance/,
https://www.google.com/maps/search/etablissement+wellness+Épizon%2BFrance/,
https://www.google.com/maps/search/etablissement+wellness+Éplessier%2BFrance/,
https://www.google.com/maps/search/etablissement+wellness+Éply%2BFrance/,
https://www.google.com/maps/search/etablissement+wellness+Époisses%2BFrance/,
https://www.google.com/maps/search/etablissement+wellness+Épône%2BFrance/,
https://www.google.com/maps/search/etablissement+wellness+Épothémont%2BFrance/,
https://www.google.com/maps/search/etablissement+wellness+Épouville%2BFrance/,
https://www.google.com/maps/search/etablissement+wellness+Époye%2BFrance/,
https://www.google.com/maps/search/etablissement+wellness+Eppe-Sauvage%2BFrance/,
https://www.google.com/maps/search/etablissement+wellness+Eppes%2BFrance/,
https://www.google.com/maps/search/etablissement+wellness+Eppeville%2BFrance/,
https://www.google.com/maps/search/etablissement+wellness+Epping%2BFrance/,
https://www.google.com/maps/search/etablissement+wellness+Épretot%2BFrance/,
https://www.google.com/maps/search/etablissement+wellness+Épreville%2BFrance/,
https://www.google.com/maps/search/etablissement+wellness+Épreville-en-Lieuvin%2BFrance/,
https://www.google.com/maps/search/etablissement+wellness+Épreville-près-le-Neubourg%2BFrance/,
https://www.google.com/maps/search/etablissement+wellness+Épron%2BFrance/,
https://www.google.com/maps/search/etablissement+wellness+Eps%2BFrance/,
https://www.google.com/maps/search/etablissement+wellness+Épuisay%2BFrance/,
https://www.google.com/maps/search/etablissement+wellness+Équancourt%2BFrance/,
https://www.google.com/maps/search/etablissement+wellness+Équemauville%2BFrance/,
https://www.google.com/maps/search/etablissement+wellness+Équennes-Éramecourt%2BFrance/,
https://www.google.com/maps/search/etablissement+wellness+Équevilley%2BFrance/,
https://www.google.com/maps/search/etablissement+wellness+Équevillon%2BFrance/,
https://www.google.com/maps/search/etablissement+wellness+Équihen-Plage%2BFrance/,
https://www.google.com/maps/search/etablissement+wellness+Équilly%2BFrance/,
https://www.google.com/maps/search/etablissement+wellness+Équirre%2BFrance/,
https://www.google.com/maps/search/etablissement+wellness+Éragny%2BFrance/,
https://www.google.com/maps/search/etablissement+wellness+Éragny-sur-Epte%2BFrance/,
https://www.google.com/maps/search/etablissement+wellness+Eraines%2BFrance/,
https://www.google.com/maps/search/etablissement+wellness+Éraville%2BFrance/,
https://www.google.com/maps/search/etablissement+wellness+Erbajolo%2BFrance/,
https://www.google.com/maps/search/etablissement+wellness+Erbéviller-sur-Amezule%2BFrance/,
https://www.google.com/maps/search/etablissement+wellness+Erbray%2BFrance/,
https://www.google.com/maps/search/etablissement+wellness+Erbrée%2BFrance/,
https://www.google.com/maps/search/etablissement+wellness+Ercé%2BFrance/,
https://www.google.com/maps/search/etablissement+wellness+Ercé-en-Lamée%2BFrance/,
https://www.google.com/maps/search/etablissement+wellness+Ercé-près-Liffré%2BFrance/,
https://www.google.com/maps/search/etablissement+wellness+Erceville%2BFrance/,
https://www.google.com/maps/search/etablissement+wellness+Erches%2BFrance/,
https://www.google.com/maps/search/etablissement+wellness+Ercheu%2BFrance/,
https://www.google.com/maps/search/etablissement+wellness+Erchin%2BFrance/,
https://www.google.com/maps/search/etablissement+wellness+Erching%2BFrance/,
https://www.google.com/maps/search/etablissement+wellness+Erckartswiller%2BFrance/,
https://www.google.com/maps/search/etablissement+wellness+Ercourt%2BFrance/,
https://www.google.com/maps/search/etablissement+wellness+Ercuis%2BFrance/,
https://www.google.com/maps/search/etablissement+wellness+Erdeven%2BFrance/,
https://www.google.com/maps/search/etablissement+wellness+Erdre-en-Anjou%2BFrance/,
https://www.google.com/maps/search/etablissement+wellness+Éréac%2BFrance/,
https://www.google.com/maps/search/etablissement+wellness+Ergersheim%2BFrance/,
https://www.google.com/maps/search/etablissement+wellness+Ergnies%2BFrance/,
https://www.google.com/maps/search/etablissement+wellness+Ergny%2BFrance/,
https://www.google.com/maps/search/etablissement+wellness+Ergué-Gabéric%2BFrance/,
https://www.google.com/maps/search/etablissement+wellness+Érin%2BFrance/,
https://www.google.com/maps/search/etablissement+wellness+Éringes%2BFrance/,
https://www.google.com/maps/search/etablissement+wellness+Eringhem%2BFrance/,
https://www.google.com/maps/search/etablissement+wellness+Érize-la-Brûlée%2BFrance/,
https://www.google.com/maps/search/etablissement+wellness+Érize-la-Petite%2BFrance/,
https://www.google.com/maps/search/etablissement+wellness+Érize-Saint-Dizier%2BFrance/,
https://www.google.com/maps/search/etablissement+wellness+Erlon%2BFrance/,
https://www.google.com/maps/search/etablissement+wellness+Erloy%2BFrance/,
https://www.google.com/maps/search/etablissement+wellness+Ermenonville%2BFrance/,
https://www.google.com/maps/search/etablissement+wellness+Ermenonville-la-Grande%2BFrance/,
https://www.google.com/maps/search/etablissement+wellness+Ermenonville-la-Petite%2BFrance/,
https://www.google.com/maps/search/etablissement+wellness+Ermenouville%2BFrance/,
https://www.google.com/maps/search/etablissement+wellness+Ermont%2BFrance/,
https://www.google.com/maps/search/etablissement+wellness+Ernée%2BFrance/,
https://www.google.com/maps/search/etablissement+wellness+Ernemont-Boutavent%2BFrance/,
https://www.google.com/maps/search/etablissement+wellness+Ernemont-la-Villette%2BFrance/,
https://www.google.com/maps/search/etablissement+wellness+Ernemont-sur-Buchy%2BFrance/,
https://www.google.com/maps/search/etablissement+wellness+Ernes%2BFrance/,
https://www.google.com/maps/search/etablissement+wellness+Ernestviller%2BFrance/,
https://www.google.com/maps/search/etablissement+wellness+Erneville-aux-Bois%2BFrance/,
https://www.google.com/maps/search/etablissement+wellness+Ernolsheim-Bruche%2BFrance/,
https://www.google.com/maps/search/etablissement+wellness+Ernolsheim-lès-Saverne%2BFrance/,
https://www.google.com/maps/search/etablissement+wellness+Erny-Saint-Julien%2BFrance/,
https://www.google.com/maps/search/etablissement+wellness+Érôme%2BFrance/,
https://www.google.com/maps/search/etablissement+wellness+Érondelle%2BFrance/,
https://www.google.com/maps/search/etablissement+wellness+Érone%2BFrance/,
https://www.google.com/maps/search/etablissement+wellness+Éroudeville%2BFrance/,
https://www.google.com/maps/search/etablissement+wellness+Erp%2BFrance/,
https://www.google.com/maps/search/etablissement+wellness+Erquery%2BFrance/,
https://www.google.com/maps/search/etablissement+wellness+Erquinghem-le-Sec%2BFrance/,
https://www.google.com/maps/search/etablissement+wellness+Erquinghem-Lys%2BFrance/,
https://www.google.com/maps/search/etablissement+wellness+Erquinvillers%2BFrance/,
https://www.google.com/maps/search/etablissement+wellness+Erquy%2BFrance/,
https://www.google.com/maps/search/etablissement+wellness+Err%2BFrance/,
https://www.google.com/maps/search/etablissement+wellness+Erre%2BFrance/,
https://www.google.com/maps/search/etablissement+wellness+Errevet%2BFrance/,
https://www.google.com/maps/search/etablissement+wellness+Errouville%2BFrance/,
https://www.google.com/maps/search/etablissement+wellness+Ersa%2BFrance/,
https://www.google.com/maps/search/etablissement+wellness+Erstein%2BFrance/,
https://www.google.com/maps/search/etablissement+wellness+Erstroff%2BFrance/,
https://www.google.com/maps/search/etablissement+wellness+Ervauville%2BFrance/,
https://www.google.com/maps/search/etablissement+wellness+Ervillers%2BFrance/,
https://www.google.com/maps/search/etablissement+wellness+Ervy-le-Châtel%2BFrance/,
https://www.google.com/maps/search/etablissement+wellness+Esbareich%2BFrance/,
https://www.google.com/maps/search/etablissement+wellness+Esbarres%2BFrance/,
https://www.google.com/maps/search/etablissement+wellness+Esbly%2BFrance/,
https://www.google.com/maps/search/etablissement+wellness+Esboz-Brest%2BFrance/,
https://www.google.com/maps/search/etablissement+wellness+Escala%2BFrance/,
https://www.google.com/maps/search/etablissement+wellness+Escalans%2BFrance/,
https://www.google.com/maps/search/etablissement+wellness+L'Escale%2BFrance/,
https://www.google.com/maps/search/etablissement+wellness+Escales%2BFrance/,
https://www.google.com/maps/search/etablissement+wellness+Escalles%2BFrance/,
https://www.google.com/maps/search/etablissement+wellness+Escalquens%2BFrance/,
https://www.google.com/maps/search/etablissement+wellness+Escames%2BFrance/,
https://www.google.com/maps/search/etablissement+wellness+Escamps%2BFrance/,
https://www.google.com/maps/search/etablissement+wellness+Escamps%2BFrance/,
https://www.google.com/maps/search/etablissement+wellness+Escandolières%2BFrance/,
https://www.google.com/maps/search/etablissement+wellness+Escanecrabe%2BFrance/,
https://www.google.com/maps/search/etablissement+wellness+Escardes%2BFrance/,
https://www.google.com/maps/search/etablissement+wellness+L'Escarène%2BFrance/,
https://www.google.com/maps/search/etablissement+wellness+Escarmain%2BFrance/,
https://www.google.com/maps/search/etablissement+wellness+Escaro%2BFrance/,
https://www.google.com/maps/search/etablissement+wellness+Escassefort%2BFrance/,
https://www.google.com/maps/search/etablissement+wellness+Escatalens%2BFrance/,
https://www.google.com/maps/search/etablissement+wellness+Escaudain%2BFrance/,
https://www.google.com/maps/search/etablissement+wellness+Escaudes%2BFrance/,
https://www.google.com/maps/search/etablissement+wellness+Escaudœuvres%2BFrance/,
https://www.google.com/maps/search/etablissement+wellness+Escaunets%2BFrance/,
https://www.google.com/maps/search/etablissement+wellness+Escautpont%2BFrance/,
https://www.google.com/maps/search/etablissement+wellness+Escazeaux%2BFrance/,
https://www.google.com/maps/search/etablissement+wellness+Eschau%2BFrance/,
https://www.google.com/maps/search/etablissement+wellness+Eschbach%2BFrance/,
https://www.google.com/maps/search/etablissement+wellness+Eschbach-au-Val%2BFrance/,
https://www.google.com/maps/search/etablissement+wellness+Eschbourg%2BFrance/,
https://www.google.com/maps/search/etablissement+wellness+Eschentzwiller%2BFrance/,
https://www.google.com/maps/search/etablissement+wellness+Escherange%2BFrance/,
https://www.google.com/maps/search/etablissement+wellness+Esches%2BFrance/,
https://www.google.com/maps/search/etablissement+wellness+Eschwiller%2BFrance/,
https://www.google.com/maps/search/etablissement+wellness+Esclagne%2BFrance/,
https://www.google.com/maps/search/etablissement+wellness+Esclainvillers%2BFrance/,
https://www.google.com/maps/search/etablissement+wellness+Esclanèdes%2BFrance/,
https://www.google.com/maps/search/etablissement+wellness+Esclassan-Labastide%2BFrance/,
https://www.google.com/maps/search/etablissement+wellness+Esclauzels%2BFrance/,
https://www.google.com/maps/search/etablissement+wellness+Esclavelles%2BFrance/,
https://www.google.com/maps/search/etablissement+wellness+Esclavolles-Lurey%2BFrance/,
https://www.google.com/maps/search/etablissement+wellness+Escles%2BFrance/,
https://www.google.com/maps/search/etablissement+wellness+Escles-Saint-Pierre%2BFrance/,
https://www.google.com/maps/search/etablissement+wellness+Esclottes%2BFrance/,
https://www.google.com/maps/search/etablissement+wellness+Escobecques%2BFrance/,
https://www.google.com/maps/search/etablissement+wellness+Escœuilles%2BFrance/,
https://www.google.com/maps/search/etablissement+wellness+Escoire%2BFrance/,
https://www.google.com/maps/search/etablissement+wellness+Escolives-Sainte-Camille%2BFrance/,
https://www.google.com/maps/search/etablissement+wellness+Escombres-et-le-Chesnois%2BFrance/,traité (2026-08-22 20:51)
https://www.google.com/maps/search/etablissement+wellness+Escondeaux%2BFrance/,traité (2026-08-22 20:52)
https://www.google.com/maps/search/etablissement+wellness+Esconnets%2BFrance/,traité (2026-08-22 20:52)
https://www.google.com/maps/search/etablissement+wellness+Escorailles%2BFrance/,traité (2026-08-22 20:53)
https://www.google.com/maps/search/etablissement+wellness+Escornebœuf%2BFrance/,traité (2026-08-22 20:54)
https://www.google.com/maps/search/etablissement+wellness+Escorpain%2BFrance/,traité (2026-08-22 20:56)
https://www.google.com/maps/search/etablissement+wellness+Escos%2BFrance/,traité (2026-08-22 20:56)
https://www.google.com/maps/search/etablissement+wellness+Escosse%2BFrance/,traité (2026-08-22 20:57)
https://www.google.com/maps/search/etablissement+wellness+Escot%2BFrance/,traité (2026-08-22 20:58)
https://www.google.com/maps/search/etablissement+wellness+Escots%2BFrance/,traité (2026-08-22 21:00)
https://www.google.com/maps/search/etablissement+wellness+Escou%2BFrance/,traité (2026-08-22 21:00)
https://www.google.com/maps/search/etablissement+wellness+Escoubès%2BFrance/,traité (2026-08-22 21:00)
https://www.google.com/maps/search/etablissement+wellness+Escoubès-Pouts%2BFrance/,traité (2026-08-22 21:00)
https://www.google.com/maps/search/etablissement+wellness+Escoulis%2BFrance/,échec (2026-08-22 21:02)
https://www.google.com/maps/search/etablissement+wellness+Escouloubre%2BFrance/,traité (2026-08-22 21:04)
https://www.google.com/maps/search/etablissement+wellness+Escource%2BFrance/,traité (2026-08-22 21:04)
https://www.google.com/maps/search/etablissement+wellness+Escoussans%2BFrance/,traité (2026-08-22 21:04)
https://www.google.com/maps/search/etablissement+wellness+Escoussens%2BFrance/,traité (2026-08-22 21:05)
https://www.google.com/maps/search/etablissement+wellness+Escout%2BFrance/,traité (2026-08-22 21:08)
https://www.google.com/maps/search/etablissement+wellness+Escoutoux%2BFrance/,traité (2026-08-22 21:08)
https://www.google.com/maps/search/etablissement+wellness+Escoville%2BFrance/,traité (2026-08-22 21:08)
https://www.google.com/maps/search/etablissement+wellness+Escragnolles%2BFrance/,traité (2026-08-22 21:08)
https://www.google.com/maps/search/etablissement+wellness+Escrennes%2BFrance/,traité (2026-08-22 21:09)
https://www.google.com/maps/search/etablissement+wellness+Escrignelles%2BFrance/,traité (2026-08-22 21:11)
https://www.google.com/maps/search/etablissement+wellness+Escroux%2BFrance/,traité (2026-08-22 21:11)
https://www.google.com/maps/search/etablissement+wellness+Escueillens-et-Saint-Just-de-Bélengard%2BFrance/,traité (2026-08-22 21:11)
https://www.google.com/maps/search/etablissement+wellness+Escurès%2BFrance/,traité (2026-08-22 21:11)
https://www.google.com/maps/search/etablissement+wellness+Escurolles%2BFrance/,traité (2026-08-22 21:13)
https://www.google.com/maps/search/etablissement+wellness+Eslettes%2BFrance/,traité (2026-08-22 21:15)
https://www.google.com/maps/search/etablissement+wellness+Esley%2BFrance/,traité (2026-08-22 21:15)
https://www.google.com/maps/search/etablissement+wellness+Eslourenties-Daban%2BFrance/,traité (2026-08-22 21:15)
https://www.google.com/maps/search/etablissement+wellness+Esmans%2BFrance/,traité (2026-08-22 21:16)
https://www.google.com/maps/search/etablissement+wellness+Esmery-Hallon%2BFrance/,traité (2026-08-22 21:17)
https://www.google.com/maps/search/etablissement+wellness+Esmoulières%2BFrance/,traité (2026-08-22 21:19)
https://www.google.com/maps/search/etablissement+wellness+Esmoulins%2BFrance/,traité (2026-08-22 21:19)
https://www.google.com/maps/search/etablissement+wellness+Esnandes%2BFrance/,traité (2026-08-22 21:20)
https://www.google.com/maps/search/etablissement+wellness+Esnans%2BFrance/,traité (2026-08-22 21:20)
https://www.google.com/maps/search/etablissement+wellness+Esnes%2BFrance/,traité (2026-08-22 21:23)
https://www.google.com/maps/search/etablissement+wellness+Esnes-en-Argonne%2BFrance/,traité (2026-08-22 21:23)
https://www.google.com/maps/search/etablissement+wellness+Esnon%2BFrance/,traité (2026-08-22 21:23)
https://www.google.com/maps/search/etablissement+wellness+Esnouveaux%2BFrance/,traité (2026-08-22 21:23)
https://www.google.com/maps/search/etablissement+wellness+Espagnac%2BFrance/,traité (2026-08-22 21:24)
https://www.google.com/maps/search/etablissement+wellness+Espagnac-Sainte-Eulalie%2BFrance/,traité (2026-08-22 21:26)
https://www.google.com/maps/search/etablissement+wellness+Espalais%2BFrance/,traité (2026-08-22 21:26)
https://www.google.com/maps/search/etablissement+wellness+Espalem%2BFrance/,traité (2026-08-22 21:27)
https://www.google.com/maps/search/etablissement+wellness+Espalion%2BFrance/,traité (2026-08-22 21:28)
https://www.google.com/maps/search/etablissement+wellness+Espaly-Saint-Marcel%2BFrance/,traité (2026-08-22 21:28)
https://www.google.com/maps/search/etablissement+wellness+Espanès%2BFrance/,traité (2026-08-22 21:31)
https://www.google.com/maps/search/etablissement+wellness+Espaon%2BFrance/,traité (2026-08-22 21:31)
https://www.google.com/maps/search/etablissement+wellness+Esparron%2BFrance/,traité (2026-08-22 21:33)
https://www.google.com/maps/search/etablissement+wellness+Esparron%2BFrance/,traité (2026-08-22 21:33)
https://www.google.com/maps/search/etablissement+wellness+Esparron%2BFrance/,traité (2026-08-22 21:33)
https://www.google.com/maps/search/etablissement+wellness+Esparron-de-Verdon%2BFrance/,traité (2026-08-22 21:35)
https://www.google.com/maps/search/etablissement+wellness+Esparros%2BFrance/,traité (2026-08-22 21:35)
https://www.google.com/maps/search/etablissement+wellness+Esparsac%2BFrance/,traité (2026-08-22 21:36)
https://www.google.com/maps/search/etablissement+wellness+Espartignac%2BFrance/,traité (2026-08-22 21:36)
https://www.google.com/maps/search/etablissement+wellness+Espas%2BFrance/,traité (2026-08-22 21:39)
https://www.google.com/maps/search/etablissement+wellness+Espaubourg%2BFrance/,traité (2026-08-22 21:39)
https://www.google.com/maps/search/etablissement+wellness+Espèche%2BFrance/,traité (2026-08-22 21:40)
https://www.google.com/maps/search/etablissement+wellness+Espéchède%2BFrance/,traité (2026-08-22 21:40)
https://www.google.com/maps/search/etablissement+wellness+Espédaillac%2BFrance/,traité (2026-08-22 21:41)
https://www.google.com/maps/search/etablissement+wellness+Espelette%2BFrance/,traité (2026-08-22 21:44)
https://www.google.com/maps/search/etablissement+wellness+Espeluche%2BFrance/,traité (2026-08-22 21:44)
https://www.google.com/maps/search/etablissement+wellness+Espenel%2BFrance/,traité (2026-08-22 21:44)
https://www.google.com/maps/search/etablissement+wellness+Espérausses%2BFrance/,traité (2026-08-22 21:45)
https://www.google.com/maps/search/etablissement+wellness+Espéraza%2BFrance/,traité (2026-08-22 21:47)
https://www.google.com/maps/search/etablissement+wellness+Esperce%2BFrance/,traité (2026-08-22 21:47)
https://www.google.com/maps/search/etablissement+wellness+Espère%2BFrance/,traité (2026-08-22 21:47)
https://www.google.com/maps/search/etablissement+wellness+Espès-Undurein%2BFrance/,traité (2026-08-22 21:48)
https://www.google.com/maps/search/etablissement+wellness+Espeyrac%2BFrance/,traité (2026-08-22 21:49)
https://www.google.com/maps/search/etablissement+wellness+Espeyroux%2BFrance/,traité (2026-08-22 21:52)
https://www.google.com/maps/search/etablissement+wellness+Espezel%2BFrance/,traité (2026-08-22 21:52)
https://www.google.com/maps/search/etablissement+wellness+Espieilh%2BFrance/,traité (2026-08-22 21:52)
https://www.google.com/maps/search/etablissement+wellness+Espiens%2BFrance/,traité (2026-08-22 21:53)
https://www.google.com/maps/search/etablissement+wellness+Espiet%2BFrance/,traité (2026-08-22 21:53)
https://www.google.com/maps/search/etablissement+wellness+Espinas%2BFrance/,traité (2026-08-22 21:55)
https://www.google.com/maps/search/etablissement+wellness+Espinasse%2BFrance/,traité (2026-08-22 21:55)
https://www.google.com/maps/search/etablissement+wellness+Espinasse%2BFrance/,traité (2026-08-22 21:55)
https://www.google.com/maps/search/etablissement+wellness+Espinasse-Vozelle%2BFrance/,traité (2026-08-22 21:56)
https://www.google.com/maps/search/etablissement+wellness+Espinasses%2BFrance/,traité (2026-08-22 21:56)
https://www.google.com/maps/search/etablissement+wellness+Espinchal%2BFrance/,traité (2026-08-22 21:58)
https://www.google.com/maps/search/etablissement+wellness+Espins%2BFrance/,traité (2026-08-22 21:59)
https://www.google.com/maps/search/etablissement+wellness+Espira-de-Conflent%2BFrance/,traité (2026-08-22 21:59)
https://www.google.com/maps/search/etablissement+wellness+Espira-de-l'Agly%2BFrance/,traité (2026-08-22 21:59)
https://www.google.com/maps/search/etablissement+wellness+Espirat%2BFrance/,traité (2026-08-22 22:02)
https://www.google.com/maps/search/etablissement+wellness+Espiute%2BFrance/,traité (2026-08-22 22:02)
https://www.google.com/maps/search/etablissement+wellness+Esplantas-Vazeilles%2BFrance/,traité (2026-08-22 22:02)
https://www.google.com/maps/search/etablissement+wellness+Esplas%2BFrance/,traité (2026-08-22 22:03)
https://www.google.com/maps/search/etablissement+wellness+Esplas-de-Sérou%2BFrance/,traité (2026-08-22 22:04)
https://www.google.com/maps/search/etablissement+wellness+Espoey%2BFrance/,traité (2026-08-22 22:06)
https://www.google.com/maps/search/etablissement+wellness+Espondeilhan%2BFrance/,traité (2026-08-22 22:06)
https://www.google.com/maps/search/etablissement+wellness+Esprels%2BFrance/,traité (2026-08-22 22:06)
https://www.google.com/maps/search/etablissement+wellness+Esquay-Notre-Dame%2BFrance/,traité (2026-08-22 22:07)
https://www.google.com/maps/search/etablissement+wellness+Esquay-sur-Seulles%2BFrance/,traité (2026-08-22 22:08)
https://www.google.com/maps/search/etablissement+wellness+Esquéhéries%2BFrance/,traité (2026-08-22 22:10)
https://www.google.com/maps/search/etablissement+wellness+Esquelbecq%2BFrance/,traité (2026-08-22 22:10)
https://www.google.com/maps/search/etablissement+wellness+Esquennoy%2BFrance/,traité (2026-08-22 22:10)
https://www.google.com/maps/search/etablissement+wellness+Esquerchin%2BFrance/,traité (2026-08-22 22:10)
https://www.google.com/maps/search/etablissement+wellness+Esquerdes%2BFrance/,traité (2026-08-22 22:11)
https://www.google.com/maps/search/etablissement+wellness+Esquièze-Sère%2BFrance/,traité (2026-08-22 22:13)
https://www.google.com/maps/search/etablissement+wellness+Esquiule%2BFrance/,traité (2026-08-22 22:13)
https://www.google.com/maps/search/etablissement+wellness+Les Essards%2BFrance/,traité (2026-08-22 22:17)
https://www.google.com/maps/search/etablissement+wellness+Les Essards%2BFrance/,traité (2026-08-22 22:17)
https://www.google.com/maps/search/etablissement+wellness+Les Essards%2BFrance/,traité (2026-08-22 22:17)
https://www.google.com/maps/search/etablissement+wellness+Les Essards-Taignevaux%2BFrance/,traité (2026-08-22 22:17)
https://www.google.com/maps/search/etablissement+wellness+Essarois%2BFrance/,traité (2026-08-22 22:17)
https://www.google.com/maps/search/etablissement+wellness+Essars%2BFrance/,traité (2026-08-22 22:17)
https://www.google.com/maps/search/etablissement+wellness+Les Essarts%2BFrance/,traité (2026-08-22 22:18)
https://www.google.com/maps/search/etablissement+wellness+Essarts en Bocage%2BFrance/,traité (2026-08-22 22:20)
https://www.google.com/maps/search/etablissement+wellness+Les Essarts-le-Roi%2BFrance/,traité (2026-08-22 22:20)
https://www.google.com/maps/search/etablissement+wellness+Les Essarts-le-Vicomte%2BFrance/,traité (2026-08-22 22:20)
https://www.google.com/maps/search/etablissement+wellness+Les Essarts-lès-Sézanne%2BFrance/,
https://www.google.com/maps/search/etablissement+wellness+Essay%2BFrance/,
https://www.google.com/maps/search/etablissement+wellness+Esse%2BFrance/,
https://www.google.com/maps/search/etablissement+wellness+Essé%2BFrance/,
https://www.google.com/maps/search/etablissement+wellness+Essegney%2BFrance/,
https://www.google.com/maps/search/etablissement+wellness+Les Esseintes%2BFrance/,
https://www.google.com/maps/search/etablissement+wellness+Essert%2BFrance/,
https://www.google.com/maps/search/etablissement+wellness+Essert-Romand%2BFrance/,
https://www.google.com/maps/search/etablissement+wellness+Essertaux%2BFrance/,
https://www.google.com/maps/search/etablissement+wellness+Essertenne%2BFrance/,
https://www.google.com/maps/search/etablissement+wellness+Essertenne-et-Cecey%2BFrance/,
https://www.google.com/maps/search/etablissement+wellness+Essertines-en-Châtelneuf%2BFrance/,
https://www.google.com/maps/search/etablissement+wellness+Essertines-en-Donzy%2BFrance/,
https://www.google.com/maps/search/etablissement+wellness+Esserts-Blay%2BFrance/,
https://www.google.com/maps/search/etablissement+wellness+Esserval-Tartre%2BFrance/,
https://www.google.com/maps/search/etablissement+wellness+Essey%2BFrance/,
https://www.google.com/maps/search/etablissement+wellness+Essey-et-Maizerais%2BFrance/,
https://www.google.com/maps/search/etablissement+wellness+Essey-la-Côte%2BFrance/,
https://www.google.com/maps/search/etablissement+wellness+Essey-lès-Nancy%2BFrance/,
https://www.google.com/maps/search/etablissement+wellness+Essigny-le-Grand%2BFrance/,
https://www.google.com/maps/search/etablissement+wellness+Essigny-le-Petit%2BFrance/,
https://www.google.com/maps/search/etablissement+wellness+Essises%2BFrance/,
https://www.google.com/maps/search/etablissement+wellness+Essômes-sur-Marne%2BFrance/,
https://www.google.com/maps/search/etablissement+wellness+Esson%2BFrance/,
https://www.google.com/maps/search/etablissement+wellness+Essouvert%2BFrance/,
https://www.google.com/maps/search/etablissement+wellness+Essoyes%2BFrance/,
https://www.google.com/maps/search/etablissement+wellness+Essuiles%2BFrance/,
https://www.google.com/maps/search/etablissement+wellness+Les Estables%2BFrance/,
https://www.google.com/maps/search/etablissement+wellness+Estables%2BFrance/,
https://www.google.com/maps/search/etablissement+wellness+Establet%2BFrance/,
https://www.google.com/maps/search/etablissement+wellness+Estadens%2BFrance/,
https://www.google.com/maps/search/etablissement+wellness+Estagel%2BFrance/,
https://www.google.com/maps/search/etablissement+wellness+Estaing%2BFrance/,
https://www.google.com/maps/search/etablissement+wellness+Estaing%2BFrance/,
https://www.google.com/maps/search/etablissement+wellness+Estaires%2BFrance/,
https://www.google.com/maps/search/etablissement+wellness+Estal%2BFrance/,
https://www.google.com/maps/search/etablissement+wellness+Estampes%2BFrance/,
https://www.google.com/maps/search/etablissement+wellness+Estampures%2BFrance/,
https://www.google.com/maps/search/etablissement+wellness+Estancarbon%2BFrance/,
https://www.google.com/maps/search/etablissement+wellness+Estandeuil%2BFrance/,
https://www.google.com/maps/search/etablissement+wellness+Estang%2BFrance/,
https://www.google.com/maps/search/etablissement+wellness+Estarvielle%2BFrance/,
https://www.google.com/maps/search/etablissement+wellness+Estavar%2BFrance/,
https://www.google.com/maps/search/etablissement+wellness+Esteil%2BFrance/,
https://www.google.com/maps/search/etablissement+wellness+Esténos%2BFrance/,
https://www.google.com/maps/search/etablissement+wellness+Estensan%2BFrance/,
https://www.google.com/maps/search/etablissement+wellness+Estérençuby%2BFrance/,
https://www.google.com/maps/search/etablissement+wellness+Esternay%2BFrance/,
https://www.google.com/maps/search/etablissement+wellness+Esterre%2BFrance/,
https://www.google.com/maps/search/etablissement+wellness+Estevelles%2BFrance/,
https://www.google.com/maps/search/etablissement+wellness+Esteville%2BFrance/,
https://www.google.com/maps/search/etablissement+wellness+Estézargues%2BFrance/,
https://www.google.com/maps/search/etablissement+wellness+Estialescq%2BFrance/,
https://www.google.com/maps/search/etablissement+wellness+Estibeaux%2BFrance/,
https://www.google.com/maps/search/etablissement+wellness+Estigarde%2BFrance/,
https://www.google.com/maps/search/etablissement+wellness+Estillac%2BFrance/,
https://www.google.com/maps/search/etablissement+wellness+Estipouy%2BFrance/,
https://www.google.com/maps/search/etablissement+wellness+Estirac%2BFrance/,
https://www.google.com/maps/search/etablissement+wellness+Estissac%2BFrance/,
https://www.google.com/maps/search/etablissement+wellness+Estivals%2BFrance/,
https://www.google.com/maps/search/etablissement+wellness+Estivareilles%2BFrance/,
https://www.google.com/maps/search/etablissement+wellness+Estivareilles%2BFrance/,
https://www.google.com/maps/search/etablissement+wellness+Estivaux%2BFrance/,
https://www.google.com/maps/search/etablissement+wellness+Estoher%2BFrance/,
https://www.google.com/maps/search/etablissement+wellness+Estos%2BFrance/,
https://www.google.com/maps/search/etablissement+wellness+Estoublon%2BFrance/,
https://www.google.com/maps/search/etablissement+wellness+Estouches%2BFrance/,
https://www.google.com/maps/search/etablissement+wellness+Estourmel%2BFrance/,
https://www.google.com/maps/search/etablissement+wellness+Estouteville-Écalles%2BFrance/,
https://www.google.com/maps/search/etablissement+wellness+Estouy%2BFrance/,
https://www.google.com/maps/search/etablissement+wellness+Estrablin%2BFrance/,
https://www.google.com/maps/search/etablissement+wellness+Estramiac%2BFrance/,
https://www.google.com/maps/search/etablissement+wellness+Estrebay%2BFrance/,
https://www.google.com/maps/search/etablissement+wellness+Estrébœuf%2BFrance/,
https://www.google.com/maps/search/etablissement+wellness+L'Estréchure%2BFrance/,
https://www.google.com/maps/search/etablissement+wellness+Estrée%2BFrance/,
https://www.google.com/maps/search/etablissement+wellness+Estrée-Blanche%2BFrance/,
https://www.google.com/maps/search/etablissement+wellness+Estrée-Cauchy%2BFrance/,
https://www.google.com/maps/search/etablissement+wellness+Estrée-Wamin%2BFrance/,
https://www.google.com/maps/search/etablissement+wellness+Estréelles%2BFrance/,
https://www.google.com/maps/search/etablissement+wellness+Estrées%2BFrance/,
https://www.google.com/maps/search/etablissement+wellness+Estrées%2BFrance/,
https://www.google.com/maps/search/etablissement+wellness+Estrées-Deniécourt%2BFrance/,
https://www.google.com/maps/search/etablissement+wellness+Estrées-la-Campagne%2BFrance/,
https://www.google.com/maps/search/etablissement+wellness+Estrées-lès-Crécy%2BFrance/,
https://www.google.com/maps/search/etablissement+wellness+Estrées-Mons%2BFrance/,
https://www.google.com/maps/search/etablissement+wellness+Estrées-Saint-Denis%2BFrance/,
https://www.google.com/maps/search/etablissement+wellness+Estrées-sur-Noye%2BFrance/,
https://www.google.com/maps/search/etablissement+wellness+Estrennes%2BFrance/,
https://www.google.com/maps/search/etablissement+wellness+Estreux%2BFrance/,
https://www.google.com/maps/search/etablissement+wellness+Estrun%2BFrance/,
https://www.google.com/maps/search/etablissement+wellness+Esves-le-Moutier%2BFrance/,
https://www.google.com/maps/search/etablissement+wellness+Esvres%2BFrance/,
https://www.google.com/maps/search/etablissement+wellness+Eswars%2BFrance/,
https://www.google.com/maps/search/etablissement+wellness+Étable%2BFrance/,
https://www.google.com/maps/search/etablissement+wellness+Étables%2BFrance/,
https://www.google.com/maps/search/etablissement+wellness+Étagnac%2BFrance/,
https://www.google.com/maps/search/etablissement+wellness+Étaimpuis%2BFrance/,
https://www.google.com/maps/search/etablissement+wellness+Étain%2BFrance/,
https://www.google.com/maps/search/etablissement+wellness+Étaing%2BFrance/,
https://www.google.com/maps/search/etablissement+wellness+Étainhus%2BFrance/,
https://www.google.com/maps/search/etablissement+wellness+Étais%2BFrance/,
https://www.google.com/maps/search/etablissement+wellness+Étais-la-Sauvin%2BFrance/,
https://www.google.com/maps/search/etablissement+wellness+Étalans%2BFrance/,
https://www.google.com/maps/search/etablissement+wellness+Étalante%2BFrance/,
https://www.google.com/maps/search/etablissement+wellness+Étalle%2BFrance/,
https://www.google.com/maps/search/etablissement+wellness+Étalleville%2BFrance/,
https://www.google.com/maps/search/etablissement+wellness+Étalon%2BFrance/,
https://www.google.com/maps/search/etablissement+wellness+Étalondes%2BFrance/,
https://www.google.com/maps/search/etablissement+wellness+Étampes%2BFrance/,
https://www.google.com/maps/search/etablissement+wellness+Étampes-sur-Marne%2BFrance/,
https://www.google.com/maps/search/etablissement+wellness+L'Étang-Bertrand%2BFrance/,
https://www.google.com/maps/search/etablissement+wellness+L'Étang-la-Ville%2BFrance/,
https://www.google.com/maps/search/etablissement+wellness+L'Étang-Salé%2BFrance/,
https://www.google.com/maps/search/etablissement+wellness+Étang-sur-Arroux%2BFrance/,
https://www.google.com/maps/search/etablissement+wellness+L'Étang-Vergy%2BFrance/,
https://www.google.com/maps/search/etablissement+wellness+Les Étangs%2BFrance/,
https://www.google.com/maps/search/etablissement+wellness+Étaples%2BFrance/,
https://www.google.com/maps/search/etablissement+wellness+Étaule%2BFrance/,
https://www.google.com/maps/search/etablissement+wellness+Étaules%2BFrance/,
https://www.google.com/maps/search/etablissement+wellness+Étaules%2BFrance/,
https://www.google.com/maps/search/etablissement+wellness+Étauliers%2BFrance/,
https://www.google.com/maps/search/etablissement+wellness+Etaux%2BFrance/,
https://www.google.com/maps/search/etablissement+wellness+Étaves-et-Bocquiaux%2BFrance/,
https://www.google.com/maps/search/etablissement+wellness+Étavigny%2BFrance/,
https://www.google.com/maps/search/etablissement+wellness+Etcharry%2BFrance/,
https://www.google.com/maps/search/etablissement+wellness+Etchebar%2BFrance/,
https://www.google.com/maps/search/etablissement+wellness+Éteignières%2BFrance/,
https://www.google.com/maps/search/etablissement+wellness+Eteimbes%2BFrance/,
https://www.google.com/maps/search/etablissement+wellness+Étel%2BFrance/,
https://www.google.com/maps/search/etablissement+wellness+Ételfay%2BFrance/,
https://www.google.com/maps/search/etablissement+wellness+Étercy%2BFrance/,
https://www.google.com/maps/search/etablissement+wellness+Éternoz%2BFrance/,
https://www.google.com/maps/search/etablissement+wellness+Éterpigny%2BFrance/,
https://www.google.com/maps/search/etablissement+wellness+Éterpigny%2BFrance/,
https://www.google.com/maps/search/etablissement+wellness+Éterville%2BFrance/,
https://www.google.com/maps/search/etablissement+wellness+Étevaux%2BFrance/,
https://www.google.com/maps/search/etablissement+wellness+Eth%2BFrance/,
https://www.google.com/maps/search/etablissement+wellness+Étienville%2BFrance/,
https://www.google.com/maps/search/etablissement+wellness+Étigny%2BFrance/,
https://www.google.com/maps/search/etablissement+wellness+Les Étilleux%2BFrance/,
https://www.google.com/maps/search/etablissement+wellness+Étinehem-Méricourt%2BFrance/,
https://www.google.com/maps/search/etablissement+wellness+Étiolles%2BFrance/,
https://www.google.com/maps/search/etablissement+wellness+Étival%2BFrance/,
https://www.google.com/maps/search/etablissement+wellness+Étival-Clairefontaine%2BFrance/,
https://www.google.com/maps/search/etablissement+wellness+Étival-lès-le-Mans%2BFrance/,
https://www.google.com/maps/search/etablissement+wellness+Étivey%2BFrance/,
https://www.google.com/maps/search/etablissement+wellness+Étobon%2BFrance/,
https://www.google.com/maps/search/etablissement+wellness+Étoges%2BFrance/,
https://www.google.com/maps/search/etablissement+wellness+L'Étoile%2BFrance/,
https://www.google.com/maps/search/etablissement+wellness+L'Étoile%2BFrance/,
https://www.google.com/maps/search/etablissement+wellness+Étoile-Saint-Cyrice%2BFrance/,
https://www.google.com/maps/search/etablissement+wellness+Étoile-sur-Rhône%2BFrance/,
https://www.google.com/maps/search/etablissement+wellness+Éton%2BFrance/,
https://www.google.com/maps/search/etablissement+wellness+Étormay%2BFrance/,
https://www.google.com/maps/search/etablissement+wellness+Étouars%2BFrance/,
https://www.google.com/maps/search/etablissement+wellness+Étourvy%2BFrance/,
https://www.google.com/maps/search/etablissement+wellness+Étoutteville%2BFrance/,
https://www.google.com/maps/search/etablissement+wellness+Étouvans%2BFrance/,
https://www.google.com/maps/search/etablissement+wellness+Étouvelles%2BFrance/,
https://www.google.com/maps/search/etablissement+wellness+Étouy%2BFrance/,
https://www.google.com/maps/search/etablissement+wellness+Étrabonne%2BFrance/,
https://www.google.com/maps/search/etablissement+wellness+Étrappe%2BFrance/,
https://www.google.com/maps/search/etablissement+wellness+L'Étrat%2BFrance/,
https://www.google.com/maps/search/etablissement+wellness+Étray%2BFrance/,
https://www.google.com/maps/search/etablissement+wellness+Étraye%2BFrance/,
https://www.google.com/maps/search/etablissement+wellness+Étréaupont%2BFrance/,
https://www.google.com/maps/search/etablissement+wellness+Étrechet%2BFrance/,
https://www.google.com/maps/search/etablissement+wellness+Étréchy%2BFrance/,
https://www.google.com/maps/search/etablissement+wellness+Étréchy%2BFrance/,
https://www.google.com/maps/search/etablissement+wellness+Étréchy%2BFrance/,
https://www.google.com/maps/search/etablissement+wellness+Étréham%2BFrance/,
https://www.google.com/maps/search/etablissement+wellness+Étreillers%2BFrance/,
https://www.google.com/maps/search/etablissement+wellness+Étréjust%2BFrance/,
https://www.google.com/maps/search/etablissement+wellness+Étrelles%2BFrance/,
https://www.google.com/maps/search/etablissement+wellness+Étrelles-et-la-Montbleuse%2BFrance/,
https://www.google.com/maps/search/etablissement+wellness+Étrelles-sur-Aube%2BFrance/,
https://www.google.com/maps/search/etablissement+wellness+Étrembières%2BFrance/,
https://www.google.com/maps/search/etablissement+wellness+Étrépagny%2BFrance/,
https://www.google.com/maps/search/etablissement+wellness+Étrepigney%2BFrance/,
https://www.google.com/maps/search/etablissement+wellness+Étrépigny%2BFrance/,
https://www.google.com/maps/search/etablissement+wellness+Étrépilly%2BFrance/,
https://www.google.com/maps/search/etablissement+wellness+Étrépilly%2BFrance/,
https://www.google.com/maps/search/etablissement+wellness+Étrepy%2BFrance/,
https://www.google.com/maps/search/etablissement+wellness+Étretat%2BFrance/,
https://www.google.com/maps/search/etablissement+wellness+Étreux%2BFrance/,
https://www.google.com/maps/search/etablissement+wellness+Étreval%2BFrance/,
https://www.google.com/maps/search/etablissement+wellness+Étréville%2BFrance/,
https://www.google.com/maps/search/etablissement+wellness+Étrez%2BFrance/,
https://www.google.com/maps/search/etablissement+wellness+Étriac%2BFrance/,
https://www.google.com/maps/search/etablissement+wellness+Étriché%2BFrance/,
https://www.google.com/maps/search/etablissement+wellness+Étricourt-Manancourt%2BFrance/,
https://www.google.com/maps/search/etablissement+wellness+Étrigny%2BFrance/,
https://www.google.com/maps/search/etablissement+wellness+Étrochey%2BFrance/,
https://www.google.com/maps/search/etablissement+wellness+Étrœungt%2BFrance/,
https://www.google.com/maps/search/etablissement+wellness+Étroussat%2BFrance/,
https://www.google.com/maps/search/etablissement+wellness+Étrun%2BFrance/,
https://www.google.com/maps/search/etablissement+wellness+Etsaut%2BFrance/,
https://www.google.com/maps/search/etablissement+wellness+Ettendorf%2BFrance/,
https://www.google.com/maps/search/etablissement+wellness+Etting%2BFrance/,
https://www.google.com/maps/search/etablissement+wellness+Étueffont%2BFrance/,
https://www.google.com/maps/search/etablissement+wellness+Étupes%2BFrance/,
https://www.google.com/maps/search/etablissement+wellness+Éturqueraye%2BFrance/,
https://www.google.com/maps/search/etablissement+wellness+Étuz%2BFrance/,
https://www.google.com/maps/search/etablissement+wellness+Etzling%2BFrance/,
https://www.google.com/maps/search/etablissement+wellness+Eu%2BFrance/,
https://www.google.com/maps/search/etablissement+wellness+Euffigneix%2BFrance/,
https://www.google.com/maps/search/etablissement+wellness+Eugénie-les-Bains%2BFrance/,
https://www.google.com/maps/search/etablissement+wellness+Euilly-et-Lombut%2BFrance/,
https://www.google.com/maps/search/etablissement+wellness+Eulmont%2BFrance/,
https://www.google.com/maps/search/etablissement+wellness+Eup%2BFrance/,
https://www.google.com/maps/search/etablissement+wellness+Eurre%2BFrance/,
https://www.google.com/maps/search/etablissement+wellness+Eurville-Bienville%2BFrance/,
https://www.google.com/maps/search/etablissement+wellness+Eus%2BFrance/,
https://www.google.com/maps/search/etablissement+wellness+Euvezin%2BFrance/,
https://www.google.com/maps/search/etablissement+wellness+Euville%2BFrance/,
https://www.google.com/maps/search/etablissement+wellness+Euvy%2BFrance/,
https://www.google.com/maps/search/etablissement+wellness+Euzet%2BFrance/,
https://www.google.com/maps/search/etablissement+wellness+Évaillé%2BFrance/,
https://www.google.com/maps/search/etablissement+wellness+Évans%2BFrance/,
https://www.google.com/maps/search/etablissement+wellness+Évaux-et-Ménil%2BFrance/,
https://www.google.com/maps/search/etablissement+wellness+Évaux-les-Bains%2BFrance/,
https://www.google.com/maps/search/etablissement+wellness+Ève%2BFrance/,
https://www.google.com/maps/search/etablissement+wellness+Évecquemont%2BFrance/,
https://www.google.com/maps/search/etablissement+wellness+Évellys%2BFrance/,
https://www.google.com/maps/search/etablissement+wellness+Évenos%2BFrance/,
https://www.google.com/maps/search/etablissement+wellness+Évergnicourt%2BFrance/,
https://www.google.com/maps/search/etablissement+wellness+Everly%2BFrance/,
https://www.google.com/maps/search/etablissement+wellness+Évette-Salbert%2BFrance/,
https://www.google.com/maps/search/etablissement+wellness+Éveux%2BFrance/,
https://www.google.com/maps/search/etablissement+wellness+Évian-les-Bains%2BFrance/,
https://www.google.com/maps/search/etablissement+wellness+Évigny%2BFrance/,
https://www.google.com/maps/search/etablissement+wellness+Évillers%2BFrance/,
https://www.google.com/maps/search/etablissement+wellness+Évin-Malmaison%2BFrance/,
https://www.google.com/maps/search/etablissement+wellness+Évires%2BFrance/,
https://www.google.com/maps/search/etablissement+wellness+Évisa%2BFrance/,
https://www.google.com/maps/search/etablissement+wellness+Évosges%2BFrance/,
https://www.google.com/maps/search/etablissement+wellness+Évran%2BFrance/,
https://www.google.com/maps/search/etablissement+wellness+Évrange%2BFrance/,
https://www.google.com/maps/search/etablissement+wellness+Évrecy%2BFrance/,
https://www.google.com/maps/search/etablissement+wellness+Èvres%2BFrance/,
https://www.google.com/maps/search/etablissement+wellness+Évreux%2BFrance/,
https://www.google.com/maps/search/etablissement+wellness+Évricourt%2BFrance/,
https://www.google.com/maps/search/etablissement+wellness+Évriguet%2BFrance/,
https://www.google.com/maps/search/etablissement+wellness+Évron%2BFrance/,
https://www.google.com/maps/search/etablissement+wellness+Évry%2BFrance/,
https://www.google.com/maps/search/etablissement+wellness+Évry%2BFrance/,
https://www.google.com/maps/search/etablissement+wellness+Évry-Grégy-sur-Yerre%2BFrance/,
https://www.google.com/maps/search/etablissement+wellness+Excenevex%2BFrance/,
https://www.google.com/maps/search/etablissement+wellness+Excideuil%2BFrance/,
https://www.google.com/maps/search/etablissement+wellness+Exermont%2BFrance/,
https://www.google.com/maps/search/etablissement+wellness+Exideuil%2BFrance/,
https://www.google.com/maps/search/etablissement+wellness+Exincourt%2BFrance/,
https://www.google.com/maps/search/etablissement+wellness+Exireuil%2BFrance/,
https://www.google.com/maps/search/etablissement+wellness+Exmes%2BFrance/,
https://www.google.com/maps/search/etablissement+wellness+Exoudun%2BFrance/,
https://www.google.com/maps/search/etablissement+wellness+Expiremont%2BFrance/,
https://www.google.com/maps/search/etablissement+wellness+Eybens%2BFrance/,
https://www.google.com/maps/search/etablissement+wellness+Eybouleuf%2BFrance/,
https://www.google.com/maps/search/etablissement+wellness+Eyburie%2BFrance/,
https://www.google.com/maps/search/etablissement+wellness+Eycheil%2BFrance/,
https://www.google.com/maps/search/etablissement+wellness+Eydoche%2BFrance/,
https://www.google.com/maps/search/etablissement+wellness+Eygalayes%2BFrance/,
https://www.google.com/maps/search/etablissement+wellness+Eygalières%2BFrance/,
https://www.google.com/maps/search/etablissement+wellness+Eygaliers%2BFrance/,
https://www.google.com/maps/search/etablissement+wellness+Eygliers%2BFrance/,
https://www.google.com/maps/search/etablissement+wellness+Eygluy-Escoulin%2BFrance/,
https://www.google.com/maps/search/etablissement+wellness+Eyguières%2BFrance/,
https://www.google.com/maps/search/etablissement+wellness+Eygurande%2BFrance/,
https://www.google.com/maps/search/etablissement+wellness+Eygurande-et-Gardedeuil%2BFrance/,
https://www.google.com/maps/search/etablissement+wellness+Eyjeaux%2BFrance/,
https://www.google.com/maps/search/etablissement+wellness+Eyliac%2BFrance/,
https://www.google.com/maps/search/etablissement+wellness+Eymet%2BFrance/,
https://www.google.com/maps/search/etablissement+wellness+Eymeux%2BFrance/,
https://www.google.com/maps/search/etablissement+wellness+Eymouthiers%2BFrance/,
https://www.google.com/maps/search/etablissement+wellness+Eymoutiers%2BFrance/,
https://www.google.com/maps/search/etablissement+wellness+Eyne%2BFrance/,
https://www.google.com/maps/search/etablissement+wellness+Eynesse%2BFrance/,
https://www.google.com/maps/search/etablissement+wellness+Eyragues%2BFrance/,
https://www.google.com/maps/search/etablissement+wellness+Eyrans%2BFrance/,
https://www.google.com/maps/search/etablissement+wellness+Eyrein%2BFrance/,
https://www.google.com/maps/search/etablissement+wellness+Eyres-Moncube%2BFrance/,
https://www.google.com/maps/search/etablissement+wellness+Eyroles%2BFrance/,
https://www.google.com/maps/search/etablissement+wellness+Eysines%2BFrance/,
https://www.google.com/maps/search/etablissement+wellness+Eysson%2BFrance/,
https://www.google.com/maps/search/etablissement+wellness+Eysus%2BFrance/,
https://www.google.com/maps/search/etablissement+wellness+Eyvirat%2BFrance/,
https://www.google.com/maps/search/etablissement+wellness+Eywiller%2BFrance/,
https://www.google.com/maps/search/etablissement+wellness+Eyzahut%2BFrance/,
https://www.google.com/maps/search/etablissement+wellness+Eyzerac%2BFrance/,
https://www.google.com/maps/search/etablissement+wellness+Les Eyzies-de-Tayac-Sireuil%2BFrance/,
https://www.google.com/maps/search/etablissement+wellness+Eyzin-Pinet%2BFrance/,
https://www.google.com/maps/search/etablissement+wellness+Ézanville%2BFrance/,
https://www.google.com/maps/search/etablissement+wellness+Èze%2BFrance/,
https://www.google.com/maps/search/etablissement+wellness+Ézy-sur-Eure%2BFrance/,
https://www.google.com/maps/search/etablissement+wellness+Fa%2BFrance/,
https://www.google.com/maps/search/etablissement+wellness+Fabas%2BFrance/,traité (2026-08-22 20:52)
https://www.google.com/maps/search/etablissement+wellness+Fabas%2BFrance/,traité (2026-08-22 20:52)
https://www.google.com/maps/search/etablissement+wellness+Fabas%2BFrance/,traité (2026-08-22 20:52)
https://www.google.com/maps/search/etablissement+wellness+Fabras%2BFrance/,traité (2026-08-22 20:53)
https://www.google.com/maps/search/etablissement+wellness+Fabrègues%2BFrance/,traité (2026-08-22 20:53)
https://www.google.com/maps/search/etablissement+wellness+Fabrezan%2BFrance/,traité (2026-08-22 20:54)
https://www.google.com/maps/search/etablissement+wellness+Faches-Thumesnil%2BFrance/,traité (2026-08-22 20:56)
https://www.google.com/maps/search/etablissement+wellness+Fâchin%2BFrance/,traité (2026-08-22 20:56)
https://www.google.com/maps/search/etablissement+wellness+La Fage-Montivernoux%2BFrance/,traité (2026-08-22 20:57)
https://www.google.com/maps/search/etablissement+wellness+La Fage-Saint-Julien%2BFrance/,traité (2026-08-22 20:58)
https://www.google.com/maps/search/etablissement+wellness+Le Faget%2BFrance/,traité (2026-08-22 21:00)
https://www.google.com/maps/search/etablissement+wellness+Faget-Abbatial%2BFrance/,traité (2026-08-22 21:00)
https://www.google.com/maps/search/etablissement+wellness+Fagnières%2BFrance/,traité (2026-08-22 21:00)
https://www.google.com/maps/search/etablissement+wellness+Fagnon%2BFrance/,traité (2026-08-22 21:00)
https://www.google.com/maps/search/etablissement+wellness+Fahy-lès-Autrey%2BFrance/,traité (2026-08-22 21:01)
https://www.google.com/maps/search/etablissement+wellness+Failly%2BFrance/,traité (2026-08-22 21:04)
https://www.google.com/maps/search/etablissement+wellness+Faimbe%2BFrance/,traité (2026-08-22 21:04)
https://www.google.com/maps/search/etablissement+wellness+Fain-lès-Montbard%2BFrance/,traité (2026-08-22 21:04)
https://www.google.com/maps/search/etablissement+wellness+Fain-lès-Moutiers%2BFrance/,traité (2026-08-22 21:05)
https://www.google.com/maps/search/etablissement+wellness+Fains%2BFrance/,traité (2026-08-22 21:06)
https://www.google.com/maps/search/etablissement+wellness+Fains-Véel%2BFrance/,traité (2026-08-22 21:08)
https://www.google.com/maps/search/etablissement+wellness+Faissault%2BFrance/,traité (2026-08-22 21:08)
https://www.google.com/maps/search/etablissement+wellness+Fajac-en-Val%2BFrance/,traité (2026-08-22 21:08)
https://www.google.com/maps/search/etablissement+wellness+Fajac-la-Relenque%2BFrance/,traité (2026-08-22 21:09)
https://www.google.com/maps/search/etablissement+wellness+Fajoles%2BFrance/,traité (2026-08-22 21:11)
https://www.google.com/maps/search/etablissement+wellness+La Fajolle%2BFrance/,traité (2026-08-22 21:11)
https://www.google.com/maps/search/etablissement+wellness+Fajolles%2BFrance/,traité (2026-08-22 21:11)
https://www.google.com/maps/search/etablissement+wellness+Falaise%2BFrance/,traité (2026-08-22 21:12)
https://www.google.com/maps/search/etablissement+wellness+Falaise%2BFrance/,traité (2026-08-22 21:12)
https://www.google.com/maps/search/etablissement+wellness+La Falaise%2BFrance/,traité (2026-08-22 21:15)
https://www.google.com/maps/search/etablissement+wellness+Falck%2BFrance/,traité (2026-08-22 21:15)
https://www.google.com/maps/search/etablissement+wellness+Faleyras%2BFrance/,traité (2026-08-22 21:15)
https://www.google.com/maps/search/etablissement+wellness+Falga%2BFrance/,traité (2026-08-22 21:16)
https://www.google.com/maps/search/etablissement+wellness+Le Falgoux%2BFrance/,traité (2026-08-22 21:17)
https://www.google.com/maps/search/etablissement+wellness+Falicon%2BFrance/,traité (2026-08-22 21:19)
https://www.google.com/maps/search/etablissement+wellness+Falkwiller%2BFrance/,traité (2026-08-22 21:19)
https://www.google.com/maps/search/etablissement+wellness+Fallencourt%2BFrance/,traité (2026-08-22 21:20)
https://www.google.com/maps/search/etablissement+wellness+Fallerans%2BFrance/,traité (2026-08-22 21:20)
https://www.google.com/maps/search/etablissement+wellness+Falleron%2BFrance/,traité (2026-08-22 21:23)
https://www.google.com/maps/search/etablissement+wellness+Falletans%2BFrance/,traité (2026-08-22 21:23)
https://www.google.com/maps/search/etablissement+wellness+Fallon%2BFrance/,traité (2026-08-22 21:23)
https://www.google.com/maps/search/etablissement+wellness+La Faloise%2BFrance/,traité (2026-08-22 21:23)
https://www.google.com/maps/search/etablissement+wellness+Fals%2BFrance/,traité (2026-08-22 21:24)
https://www.google.com/maps/search/etablissement+wellness+Falvy%2BFrance/,traité (2026-08-22 21:26)
https://www.google.com/maps/search/etablissement+wellness+Famars%2BFrance/,traité (2026-08-22 21:26)
https://www.google.com/maps/search/etablissement+wellness+Famechon%2BFrance/,traité (2026-08-22 21:28)
https://www.google.com/maps/search/etablissement+wellness+Famechon%2BFrance/,traité (2026-08-22 21:28)
https://www.google.com/maps/search/etablissement+wellness+Fameck%2BFrance/,traité (2026-08-22 21:28)
https://www.google.com/maps/search/etablissement+wellness+Fampoux%2BFrance/,traité (2026-08-22 21:31)
https://www.google.com/maps/search/etablissement+wellness+Fanjeaux%2BFrance/,traité (2026-08-22 21:31)
https://www.google.com/maps/search/etablissement+wellness+Fanlac%2BFrance/,traité (2026-08-22 21:31)
https://www.google.com/maps/search/etablissement+wellness+Le Faou%2BFrance/,traité (2026-08-22 21:32)
https://www.google.com/maps/search/etablissement+wellness+Le Faouët%2BFrance/,traité (2026-08-22 21:35)
https://www.google.com/maps/search/etablissement+wellness+Le Faouët%2BFrance/,traité (2026-08-22 21:35)
https://www.google.com/maps/search/etablissement+wellness+Faramans%2BFrance/,traité (2026-08-22 21:36)
https://www.google.com/maps/search/etablissement+wellness+Faramans%2BFrance/,traité (2026-08-22 21:36)
https://www.google.com/maps/search/etablissement+wellness+Farbus%2BFrance/,traité (2026-08-22 21:36)
https://www.google.com/maps/search/etablissement+wellness+Farceaux%2BFrance/,traité (2026-08-22 21:39)
https://www.google.com/maps/search/etablissement+wellness+La Fare-en-Champsaur%2BFrance/,traité (2026-08-22 21:39)
https://www.google.com/maps/search/etablissement+wellness+La Fare-les-Oliviers%2BFrance/,traité (2026-08-22 21:39)
https://www.google.com/maps/search/etablissement+wellness+Farébersviller%2BFrance/,traité (2026-08-22 21:40)
https://www.google.com/maps/search/etablissement+wellness+Fareins%2BFrance/,traité (2026-08-22 21:41)
https://www.google.com/maps/search/etablissement+wellness+Faremoutiers%2BFrance/,traité (2026-08-22 21:44)
https://www.google.com/maps/search/etablissement+wellness+Farges%2BFrance/,traité (2026-08-22 21:44)
https://www.google.com/maps/search/etablissement+wellness+Les Farges%2BFrance/,traité (2026-08-22 21:44)
https://www.google.com/maps/search/etablissement+wellness+Farges-Allichamps%2BFrance/,traité (2026-08-22 21:45)
https://www.google.com/maps/search/etablissement+wellness+Farges-en-Septaine%2BFrance/,traité (2026-08-22 21:45)
https://www.google.com/maps/search/etablissement+wellness+Farges-lès-Chalon%2BFrance/,traité (2026-08-22 21:47)
https://www.google.com/maps/search/etablissement+wellness+Farges-lès-Mâcon%2BFrance/,traité (2026-08-22 21:48)
https://www.google.com/maps/search/etablissement+wellness+Fargues%2BFrance/,traité (2026-08-22 21:52)
https://www.google.com/maps/search/etablissement+wellness+Fargues%2BFrance/,traité (2026-08-22 21:52)
https://www.google.com/maps/search/etablissement+wellness+Fargues%2BFrance/,traité (2026-08-22 21:52)
https://www.google.com/maps/search/etablissement+wellness+Fargues-Saint-Hilaire%2BFrance/,traité (2026-08-22 21:52)
https://www.google.com/maps/search/etablissement+wellness+Fargues-sur-Ourbise%2BFrance/,traité (2026-08-22 21:52)
https://www.google.com/maps/search/etablissement+wellness+Farincourt%2BFrance/,traité (2026-08-22 21:53)
https://www.google.com/maps/search/etablissement+wellness+Farinole%2BFrance/,traité (2026-08-22 21:53)
https://www.google.com/maps/search/etablissement+wellness+La Farlède%2BFrance/,traité (2026-08-22 21:55)
https://www.google.com/maps/search/etablissement+wellness+Farnay%2BFrance/,traité (2026-08-22 21:55)
https://www.google.com/maps/search/etablissement+wellness+Farschviller%2BFrance/,traité (2026-08-22 21:55)
https://www.google.com/maps/search/etablissement+wellness+Fatines%2BFrance/,traité (2026-08-22 21:56)
https://www.google.com/maps/search/etablissement+wellness+Fatouville-Grestain%2BFrance/,traité (2026-08-22 21:56)
https://www.google.com/maps/search/etablissement+wellness+Le Fau%2BFrance/,traité (2026-08-22 21:58)
https://www.google.com/maps/search/etablissement+wellness+Fau-de-Peyre%2BFrance/,traité (2026-08-22 21:59)
https://www.google.com/maps/search/etablissement+wellness+Fauch%2BFrance/,traité (2026-08-22 21:59)
https://www.google.com/maps/search/etablissement+wellness+Faucigny%2BFrance/,traité (2026-08-22 21:59)
https://www.google.com/maps/search/etablissement+wellness+Faucogney-et-la-Mer%2BFrance/,traité (2026-08-22 22:02)
https://www.google.com/maps/search/etablissement+wellness+Faucompierre%2BFrance/,traité (2026-08-22 22:02)
https://www.google.com/maps/search/etablissement+wellness+Faucon%2BFrance/,traité (2026-08-22 22:02)
https://www.google.com/maps/search/etablissement+wellness+Faucon-de-Barcelonnette%2BFrance/,traité (2026-08-22 22:03)
https://www.google.com/maps/search/etablissement+wellness+Faucon-du-Caire%2BFrance/,traité (2026-08-22 22:04)
https://www.google.com/maps/search/etablissement+wellness+Fauconcourt%2BFrance/,traité (2026-08-22 22:06)
https://www.google.com/maps/search/etablissement+wellness+Faucoucourt%2BFrance/,traité (2026-08-22 22:06)
https://www.google.com/maps/search/etablissement+wellness+Faudoas%2BFrance/,traité (2026-08-22 22:06)
https://www.google.com/maps/search/etablissement+wellness+Le Fauga%2BFrance/,traité (2026-08-22 22:07)
https://www.google.com/maps/search/etablissement+wellness+Faugères%2BFrance/,traité (2026-08-22 22:10)
https://www.google.com/maps/search/etablissement+wellness+Faugères%2BFrance/,traité (2026-08-22 22:10)
https://www.google.com/maps/search/etablissement+wellness+Fauguernon%2BFrance/,traité (2026-08-22 22:10)
https://www.google.com/maps/search/etablissement+wellness+Fauguerolles%2BFrance/,traité (2026-08-22 22:10)
https://www.google.com/maps/search/etablissement+wellness+Fauillet%2BFrance/,traité (2026-08-22 22:10)
https://www.google.com/maps/search/etablissement+wellness+Le Faulq%2BFrance/,traité (2026-08-22 22:13)
https://www.google.com/maps/search/etablissement+wellness+Faulquemont%2BFrance/,traité (2026-08-22 22:13)
https://www.google.com/maps/search/etablissement+wellness+Faulx%2BFrance/,traité (2026-08-22 22:13)
https://www.google.com/maps/search/etablissement+wellness+Faumont%2BFrance/,traité (2026-08-22 22:13)
https://www.google.com/maps/search/etablissement+wellness+Fauquembergues%2BFrance/,traité (2026-08-22 22:14)
https://www.google.com/maps/search/etablissement+wellness+La Faurie%2BFrance/,traité (2026-08-22 22:17)
https://www.google.com/maps/search/etablissement+wellness+Faurilles%2BFrance/,traité (2026-08-22 22:17)
https://www.google.com/maps/search/etablissement+wellness+Fauroux%2BFrance/,traité (2026-08-22 22:17)
https://www.google.com/maps/search/etablissement+wellness+Faussergues%2BFrance/,traité (2026-08-22 22:17)
https://www.google.com/maps/search/etablissement+wellness+La Faute-sur-Mer%2BFrance/,traité (2026-08-22 22:18)
https://www.google.com/maps/search/etablissement+wellness+Fauverney%2BFrance/,traité (2026-08-22 22:20)
https://www.google.com/maps/search/etablissement+wellness+Fauville%2BFrance/,traité (2026-08-22 22:20)
https://www.google.com/maps/search/etablissement+wellness+Faux%2BFrance/,traité (2026-08-22 22:20)
https://www.google.com/maps/search/etablissement+wellness+Faux%2BFrance/,traité (2026-08-22 22:20)
https://www.google.com/maps/search/etablissement+wellness+Faux-Fresnay%2BFrance/,
https://www.google.com/maps/search/etablissement+wellness+Faux-la-Montagne%2BFrance/,
https://www.google.com/maps/search/etablissement+wellness+Faux-Mazuras%2BFrance/,
https://www.google.com/maps/search/etablissement+wellness+Faux-Vésigneul%2BFrance/,
https://www.google.com/maps/search/etablissement+wellness+Faux-Villecerf%2BFrance/,
https://www.google.com/maps/search/etablissement+wellness+Favalello%2BFrance/,
https://www.google.com/maps/search/etablissement+wellness+Favars%2BFrance/,
https://www.google.com/maps/search/etablissement+wellness+Faverdines%2BFrance/,
https://www.google.com/maps/search/etablissement+wellness+Faverelles%2BFrance/,
https://www.google.com/maps/search/etablissement+wellness+Faverges-de-la-Tour%2BFrance/,
https://www.google.com/maps/search/etablissement+wellness+Faverges-Seythenex%2BFrance/,
https://www.google.com/maps/search/etablissement+wellness+Faverney%2BFrance/,
https://www.google.com/maps/search/etablissement+wellness+Faverois%2BFrance/,
https://www.google.com/maps/search/etablissement+wellness+Faverolles%2BFrance/,
https://www.google.com/maps/search/etablissement+wellness+Faverolles%2BFrance/,
https://www.google.com/maps/search/etablissement+wellness+Faverolles%2BFrance/,
https://www.google.com/maps/search/etablissement+wellness+Faverolles%2BFrance/,
https://www.google.com/maps/search/etablissement+wellness+Faverolles%2BFrance/,
https://www.google.com/maps/search/etablissement+wellness+Faverolles-en-Berry%2BFrance/,
https://www.google.com/maps/search/etablissement+wellness+Faverolles-et-Coëmy%2BFrance/,
https://www.google.com/maps/search/etablissement+wellness+Faverolles-la-Campagne%2BFrance/,
https://www.google.com/maps/search/etablissement+wellness+Faverolles-lès-Lucey%2BFrance/,
https://www.google.com/maps/search/etablissement+wellness+Faverolles-sur-Cher%2BFrance/,
https://www.google.com/maps/search/etablissement+wellness+La Favière%2BFrance/,
https://www.google.com/maps/search/etablissement+wellness+Favières%2BFrance/,
https://www.google.com/maps/search/etablissement+wellness+Favières%2BFrance/,
https://www.google.com/maps/search/etablissement+wellness+Favières%2BFrance/,
https://www.google.com/maps/search/etablissement+wellness+Favières%2BFrance/,
https://www.google.com/maps/search/etablissement+wellness+Favresse%2BFrance/,
https://www.google.com/maps/search/etablissement+wellness+Favreuil%2BFrance/,
https://www.google.com/maps/search/etablissement+wellness+Favrieux%2BFrance/,
https://www.google.com/maps/search/etablissement+wellness+Le Favril%2BFrance/,
https://www.google.com/maps/search/etablissement+wellness+Le Favril%2BFrance/,
https://www.google.com/maps/search/etablissement+wellness+Le Favril%2BFrance/,
https://www.google.com/maps/search/etablissement+wellness+Fay%2BFrance/,
https://www.google.com/maps/search/etablissement+wellness+Le Fay%2BFrance/,
https://www.google.com/maps/search/etablissement+wellness+Fay%2BFrance/,
https://www.google.com/maps/search/etablissement+wellness+Fay%2BFrance/,
https://www.google.com/maps/search/etablissement+wellness+Fay-aux-Loges%2BFrance/,
https://www.google.com/maps/search/etablissement+wellness+Fay-de-Bretagne%2BFrance/,
https://www.google.com/maps/search/etablissement+wellness+Fay-en-Montagne%2BFrance/,
https://www.google.com/maps/search/etablissement+wellness+Fay-le-Clos%2BFrance/,
https://www.google.com/maps/search/etablissement+wellness+Fay-les-Étangs%2BFrance/,
https://www.google.com/maps/search/etablissement+wellness+Fay-lès-Marcilly%2BFrance/,
https://www.google.com/maps/search/etablissement+wellness+Faÿ-lès-Nemours%2BFrance/,
https://www.google.com/maps/search/etablissement+wellness+Le Fay-Saint-Quentin%2BFrance/,
https://www.google.com/maps/search/etablissement+wellness+Fay-sur-Lignon%2BFrance/,
https://www.google.com/maps/search/etablissement+wellness+Faycelles%2BFrance/,traité (2026-08-22 16:20)
https://www.google.com/maps/search/etablissement+wellness+La Faye%2BFrance/,traité (2026-08-22 16:20)
https://www.google.com/maps/search/etablissement+wellness+Faye%2BFrance/,traité (2026-08-22 16:20)
https://www.google.com/maps/search/etablissement+wellness+Faye-l'Abbesse%2BFrance/,traité (2026-08-22 16:21)
https://www.google.com/maps/search/etablissement+wellness+Faye-la-Vineuse%2BFrance/,traité (2026-08-22 16:21)
https://www.google.com/maps/search/etablissement+wellness+Faye-sur-Ardin%2BFrance/,traité (2026-08-22 16:22)
https://www.google.com/maps/search/etablissement+wellness+Le Fayel%2BFrance/,traité (2026-08-22 16:22)
https://www.google.com/maps/search/etablissement+wellness+Fayence%2BFrance/,traité (2026-08-22 16:22)
https://www.google.com/maps/search/etablissement+wellness+Fayet%2BFrance/,traité (2026-08-22 16:23)
https://www.google.com/maps/search/etablissement+wellness+Fayet%2BFrance/,traité (2026-08-22 16:23)
https://www.google.com/maps/search/etablissement+wellness+Fayet-le-Château%2BFrance/,traité (2026-08-22 16:25)
https://www.google.com/maps/search/etablissement+wellness+Fayet-Ronaye%2BFrance/,traité (2026-08-22 16:25)
https://www.google.com/maps/search/etablissement+wellness+Fayl-Billot%2BFrance/,traité (2026-08-22 16:25)
https://www.google.com/maps/search/etablissement+wellness+Faymont%2BFrance/,traité (2026-08-22 16:25)
https://www.google.com/maps/search/etablissement+wellness+Faymoreau%2BFrance/,traité (2026-08-22 16:25)
https://www.google.com/maps/search/etablissement+wellness+Fays%2BFrance/,traité (2026-08-22 16:26)
https://www.google.com/maps/search/etablissement+wellness+Fays%2BFrance/,traité (2026-08-22 16:26)
https://www.google.com/maps/search/etablissement+wellness+Fays-la-Chapelle%2BFrance/,traité (2026-08-22 16:26)
https://www.google.com/maps/search/etablissement+wellness+Fayssac%2BFrance/,traité (2026-08-22 16:26)
https://www.google.com/maps/search/etablissement+wellness+Febvin-Palfart%2BFrance/,traité (2026-08-22 16:28)
https://www.google.com/maps/search/etablissement+wellness+Fécamp%2BFrance/,traité (2026-08-22 16:28)
https://www.google.com/maps/search/etablissement+wellness+Féchain%2BFrance/,traité (2026-08-22 16:28)
https://www.google.com/maps/search/etablissement+wellness+Fêche-l'Église%2BFrance/,traité (2026-08-22 16:28)
https://www.google.com/maps/search/etablissement+wellness+Fécocourt%2BFrance/,traité (2026-08-22 16:28)
https://www.google.com/maps/search/etablissement+wellness+Fédry%2BFrance/,traité (2026-08-22 16:28)
https://www.google.com/maps/search/etablissement+wellness+Fegersheim%2BFrance/,traité (2026-08-22 16:28)
https://www.google.com/maps/search/etablissement+wellness+Fégréac%2BFrance/,traité (2026-08-22 16:29)
https://www.google.com/maps/search/etablissement+wellness+Feigères%2BFrance/,traité (2026-08-22 16:29)
https://www.google.com/maps/search/etablissement+wellness+Feigneux%2BFrance/,échec (2026-08-22 16:30)
https://www.google.com/maps/search/etablissement+wellness+Feignies%2BFrance/,traité (2026-08-22 16:30)
https://www.google.com/maps/search/etablissement+wellness+Feillens%2BFrance/,traité (2026-08-22 16:32)
https://www.google.com/maps/search/etablissement+wellness+Feings%2BFrance/,échec (2026-08-22 16:32)
https://www.google.com/maps/search/etablissement+wellness+Feings%2BFrance/,échec (2026-08-22 16:32)
https://www.google.com/maps/search/etablissement+wellness+Feins%2BFrance/,traité (2026-08-22 16:32)
https://www.google.com/maps/search/etablissement+wellness+Feins-en-Gâtinais%2BFrance/,traité (2026-08-22 16:32)
https://www.google.com/maps/search/etablissement+wellness+Feissons-sur-Isère%2BFrance/,traité (2026-08-22 16:33)
https://www.google.com/maps/search/etablissement+wellness+Feissons-sur-Salins%2BFrance/,traité (2026-08-22 16:33)
https://www.google.com/maps/search/etablissement+wellness+Le Fel%2BFrance/,traité (2026-08-22 16:34)
https://www.google.com/maps/search/etablissement+wellness+Fel%2BFrance/,traité (2026-08-22 16:34)
https://www.google.com/maps/search/etablissement+wellness+Felce%2BFrance/,traité (2026-08-22 16:34)
https://www.google.com/maps/search/etablissement+wellness+Feldbach%2BFrance/,traité (2026-08-22 16:36)
https://www.google.com/maps/search/etablissement+wellness+Feldkirch%2BFrance/,traité (2026-08-22 16:36)
https://www.google.com/maps/search/etablissement+wellness+Feliceto%2BFrance/,traité (2026-08-22 16:36)
https://www.google.com/maps/search/etablissement+wellness+Félines%2BFrance/,traité (2026-08-22 16:36)
https://www.google.com/maps/search/etablissement+wellness+Félines%2BFrance/,traité (2026-08-22 16:36)
https://www.google.com/maps/search/etablissement+wellness+Félines-Minervois%2BFrance/,traité (2026-08-22 16:37)
https://www.google.com/maps/search/etablissement+wellness+Félines-sur-Rimandoule%2BFrance/,traité (2026-08-22 16:37)
https://www.google.com/maps/search/etablissement+wellness+Félines-Termenès%2BFrance/,traité (2026-08-22 16:37)
https://www.google.com/maps/search/etablissement+wellness+Felleries%2BFrance/,traité (2026-08-22 16:38)
https://www.google.com/maps/search/etablissement+wellness+Fellering%2BFrance/,traité (2026-08-22 16:38)
https://www.google.com/maps/search/etablissement+wellness+Felletin%2BFrance/,traité (2026-08-22 16:40)
https://www.google.com/maps/search/etablissement+wellness+Felluns%2BFrance/,traité (2026-08-22 16:40)
https://www.google.com/maps/search/etablissement+wellness+Felon%2BFrance/,traité (2026-08-22 16:40)
https://www.google.com/maps/search/etablissement+wellness+Felzins%2BFrance/,traité (2026-08-22 16:40)
https://www.google.com/maps/search/etablissement+wellness+Fenain%2BFrance/,traité (2026-08-22 16:40)
https://www.google.com/maps/search/etablissement+wellness+Fénay%2BFrance/,traité (2026-08-22 16:40)
https://www.google.com/maps/search/etablissement+wellness+Fendeille%2BFrance/,traité (2026-08-22 16:40)
https://www.google.com/maps/search/etablissement+wellness+Fénery%2BFrance/,traité (2026-08-22 16:41)
https://www.google.com/maps/search/etablissement+wellness+Fénétrange%2BFrance/,traité (2026-08-22 16:41)
https://www.google.com/maps/search/etablissement+wellness+Feneu%2BFrance/,traité (2026-08-22 16:42)
https://www.google.com/maps/search/etablissement+wellness+Féneyrols%2BFrance/,traité (2026-08-22 16:44)
https://www.google.com/maps/search/etablissement+wellness+Féniers%2BFrance/,traité (2026-08-22 16:44)
https://www.google.com/maps/search/etablissement+wellness+Fenioux%2BFrance/,traité (2026-08-22 16:44)
https://www.google.com/maps/search/etablissement+wellness+Fenioux%2BFrance/,traité (2026-08-22 16:44)
https://www.google.com/maps/search/etablissement+wellness+Fenneviller%2BFrance/,traité (2026-08-22 16:44)
https://www.google.com/maps/search/etablissement+wellness+Fénols%2BFrance/,traité (2026-08-22 16:44)
https://www.google.com/maps/search/etablissement+wellness+Le Fenouiller%2BFrance/,traité (2026-08-22 16:45)
https://www.google.com/maps/search/etablissement+wellness+Fenouillet%2BFrance/,traité (2026-08-22 16:45)
https://www.google.com/maps/search/etablissement+wellness+Fenouillet%2BFrance/,traité (2026-08-22 16:45)
https://www.google.com/maps/search/etablissement+wellness+Fenouillet-du-Razès%2BFrance/,traité (2026-08-22 16:46)
https://www.google.com/maps/search/etablissement+wellness+Fépin%2BFrance/,traité (2026-08-22 16:48)
https://www.google.com/maps/search/etablissement+wellness+Fercé%2BFrance/,traité (2026-08-22 16:48)
https://www.google.com/maps/search/etablissement+wellness+Fercé-sur-Sarthe%2BFrance/,traité (2026-08-22 16:48)
https://www.google.com/maps/search/etablissement+wellness+Ferdrupt%2BFrance/,traité (2026-08-22 16:48)
https://www.google.com/maps/search/etablissement+wellness+La Fère%2BFrance/,traité (2026-08-22 16:48)
https://www.google.com/maps/search/etablissement+wellness+Fère-Champenoise%2BFrance/,traité (2026-08-22 16:48)
https://www.google.com/maps/search/etablissement+wellness+Fère-en-Tardenois%2BFrance/,traité (2026-08-22 16:49)
https://www.google.com/maps/search/etablissement+wellness+Fèrebrianges%2BFrance/,traité (2026-08-22 16:49)
https://www.google.com/maps/search/etablissement+wellness+La Férée%2BFrance/,traité (2026-08-22 16:49)
https://www.google.com/maps/search/etablissement+wellness+Férel%2BFrance/,traité (2026-08-22 16:50)
https://www.google.com/maps/search/etablissement+wellness+Ferfay%2BFrance/,échec (2026-08-22 16:52)
https://www.google.com/maps/search/etablissement+wellness+Féricy%2BFrance/,traité (2026-08-22 16:52)
https://www.google.com/maps/search/etablissement+wellness+Férin%2BFrance/,traité (2026-08-22 16:52)
https://www.google.com/maps/search/etablissement+wellness+Fermanville%2BFrance/,traité (2026-08-22 16:52)
https://www.google.com/maps/search/etablissement+wellness+La Fermeté%2BFrance/,traité (2026-08-22 16:52)
https://www.google.com/maps/search/etablissement+wellness+Ferney-Voltaire%2BFrance/,traité (2026-08-22 16:52)
https://www.google.com/maps/search/etablissement+wellness+Fernoël%2BFrance/,traité (2026-08-22 16:53)
https://www.google.com/maps/search/etablissement+wellness+Férolles%2BFrance/,traité (2026-08-22 16:53)
https://www.google.com/maps/search/etablissement+wellness+Férolles-Attilly%2BFrance/,traité (2026-08-22 16:54)
https://www.google.com/maps/search/etablissement+wellness+Féron%2BFrance/,traité (2026-08-22 16:54)
https://www.google.com/maps/search/etablissement+wellness+Ferques%2BFrance/,traité (2026-08-22 16:56)
https://www.google.com/maps/search/etablissement+wellness+Ferrals-les-Corbières%2BFrance/,traité (2026-08-22 16:56)
https://www.google.com/maps/search/etablissement+wellness+Ferrals-les-Montagnes%2BFrance/,traité (2026-08-22 16:56)
https://www.google.com/maps/search/etablissement+wellness+Ferran%2BFrance/,traité (2026-08-22 16:56)
https://www.google.com/maps/search/etablissement+wellness+Ferrassières%2BFrance/,traité (2026-08-22 16:56)
https://www.google.com/maps/search/etablissement+wellness+Le Ferré%2BFrance/,traité (2026-08-22 16:56)
https://www.google.com/maps/search/etablissement+wellness+Ferrensac%2BFrance/,traité (2026-08-22 16:56)
https://www.google.com/maps/search/etablissement+wellness+Ferrère%2BFrance/,traité (2026-08-22 16:57)
https://www.google.com/maps/search/etablissement+wellness+Les Ferres%2BFrance/,traité (2026-08-22 16:57)
https://www.google.com/maps/search/etablissement+wellness+Ferrette%2BFrance/,traité (2026-08-22 16:57)
https://www.google.com/maps/search/etablissement+wellness+Ferreux-Quincey%2BFrance/,traité (2026-08-22 16:59)
https://www.google.com/maps/search/etablissement+wellness+La Ferrière%2BFrance/,traité (2026-08-22 16:59)
https://www.google.com/maps/search/etablissement+wellness+La Ferrière%2BFrance/,traité (2026-08-22 16:59)
https://www.google.com/maps/search/etablissement+wellness+La Ferrière%2BFrance/,traité (2026-08-22 16:59)
https://www.google.com/maps/search/etablissement+wellness+La Ferrière-Airoux%2BFrance/,traité (2026-08-22 16:59)
https://www.google.com/maps/search/etablissement+wellness+La Ferrière-au-Doyen%2BFrance/,traité (2026-08-22 16:59)
https://www.google.com/maps/search/etablissement+wellness+La Ferrière-aux-Étangs%2BFrance/,traité (2026-08-22 17:00)
https://www.google.com/maps/search/etablissement+wellness+La Ferrière-Béchet%2BFrance/,traité (2026-08-22 17:01)
https://www.google.com/maps/search/etablissement+wellness+La Ferrière-Bochard%2BFrance/,traité (2026-08-22 17:01)
https://www.google.com/maps/search/etablissement+wellness+La Ferrière-de-Flée%2BFrance/,traité (2026-08-22 17:02)
https://www.google.com/maps/search/etablissement+wellness+La Ferrière-en-Parthenay%2BFrance/,traité (2026-08-22 17:04)
https://www.google.com/maps/search/etablissement+wellness+Ferrière-et-Lafolie%2BFrance/,traité (2026-08-22 17:04)
https://www.google.com/maps/search/etablissement+wellness+Ferrière-la-Grande%2BFrance/,traité (2026-08-22 17:04)
https://www.google.com/maps/search/etablissement+wellness+Ferrière-la-Petite%2BFrance/,traité (2026-08-22 17:04)
https://www.google.com/maps/search/etablissement+wellness+Ferrière-Larçon%2BFrance/,traité (2026-08-22 17:04)
https://www.google.com/maps/search/etablissement+wellness+Ferrière-sur-Beaulieu%2BFrance/,traité (2026-08-22 17:04)
https://www.google.com/maps/search/etablissement+wellness+La Ferrière-sur-Risle%2BFrance/,traité (2026-08-22 17:04)
https://www.google.com/maps/search/etablissement+wellness+Ferrières%2BFrance/,traité (2026-08-22 17:07)
https://www.google.com/maps/search/etablissement+wellness+Ferrières%2BFrance/,traité (2026-08-22 17:07)
https://www.google.com/maps/search/etablissement+wellness+Ferrières%2BFrance/,traité (2026-08-22 17:07)
https://www.google.com/maps/search/etablissement+wellness+Ferrières%2BFrance/,traité (2026-08-22 17:07)
https://www.google.com/maps/search/etablissement+wellness+Ferrières%2BFrance/,traité (2026-08-22 17:07)
https://www.google.com/maps/search/etablissement+wellness+Ferrières-en-Bray%2BFrance/,traité (2026-08-22 17:07)
https://www.google.com/maps/search/etablissement+wellness+Ferrières-en-Brie%2BFrance/,traité (2026-08-22 17:07)
https://www.google.com/maps/search/etablissement+wellness+Ferrières-en-Gâtinais%2BFrance/,traité (2026-08-22 17:07)
https://www.google.com/maps/search/etablissement+wellness+Ferrières-Haut-Clocher%2BFrance/,traité (2026-08-22 17:07)
https://www.google.com/maps/search/etablissement+wellness+Ferrières-la-Verrerie%2BFrance/,traité (2026-08-22 17:07)
https://www.google.com/maps/search/etablissement+wellness+Ferrières-le-Lac%2BFrance/,traité (2026-08-22 17:07)
https://www.google.com/maps/search/etablissement+wellness+Ferrières-les-Bois%2BFrance/,traité (2026-08-22 17:08)
https://www.google.com/maps/search/etablissement+wellness+Ferrières-lès-Ray%2BFrance/,traité (2026-08-22 17:09)
https://www.google.com/maps/search/etablissement+wellness+Ferrières-lès-Scey%2BFrance/,échec (2026-08-22 17:11)
https://www.google.com/maps/search/etablissement+wellness+Ferrières-les-Verreries%2BFrance/,traité (2026-08-22 17:11)
https://www.google.com/maps/search/etablissement+wellness+Ferrières-Poussarou%2BFrance/,traité (2026-08-22 17:11)
https://www.google.com/maps/search/etablissement+wellness+Ferrières-Saint-Hilaire%2BFrance/,traité (2026-08-22 17:11)
https://www.google.com/maps/search/etablissement+wellness+Ferrières-Saint-Mary%2BFrance/,traité (2026-08-22 17:11)
https://www.google.com/maps/search/etablissement+wellness+Ferrières-sur-Ariège%2BFrance/,traité (2026-08-22 17:11)
https://www.google.com/maps/search/etablissement+wellness+Ferrières-sur-Sichon%2BFrance/,traité (2026-08-22 17:11)
https://www.google.com/maps/search/etablissement+wellness+Ferrussac%2BFrance/,traité (2026-08-22 17:12)
https://www.google.com/maps/search/etablissement+wellness+Fertans%2BFrance/,traité (2026-08-22 17:12)
https://www.google.com/maps/search/etablissement+wellness+La Ferté%2BFrance/,traité (2026-08-22 17:12)
https://www.google.com/maps/search/etablissement+wellness+La Ferté Macé%2BFrance/,traité (2026-08-22 17:15)
https://www.google.com/maps/search/etablissement+wellness+La Ferté-Alais%2BFrance/,traité (2026-08-22 17:15)
https://www.google.com/maps/search/etablissement+wellness+La Ferté-Beauharnais%2BFrance/,traité (2026-08-22 17:15)
https://www.google.com/maps/search/etablissement+wellness+La Ferté-Bernard%2BFrance/,traité (2026-08-22 17:15)
https://www.google.com/maps/search/etablissement+wellness+La Ferté-Chevresis%2BFrance/,traité (2026-08-22 17:15)
https://www.google.com/maps/search/etablissement+wellness+La Ferté-en-Ouche%2BFrance/,traité (2026-08-22 17:15)
https://www.google.com/maps/search/etablissement+wellness+La Ferté-Gaucher%2BFrance/,traité (2026-08-22 17:15)
https://www.google.com/maps/search/etablissement+wellness+La Ferté-Hauterive%2BFrance/,traité (2026-08-22 17:15)
https://www.google.com/maps/search/etablissement+wellness+La Ferté-Imbault%2BFrance/,traité (2026-08-22 17:15)
https://www.google.com/maps/search/etablissement+wellness+La Ferté-Loupière%2BFrance/,traité (2026-08-22 17:15)
https://www.google.com/maps/search/etablissement+wellness+La Ferté-Milon%2BFrance/,traité (2026-08-22 17:17)
https://www.google.com/maps/search/etablissement+wellness+La Ferté-Saint-Aubin%2BFrance/,traité (2026-08-22 17:17)
https://www.google.com/maps/search/etablissement+wellness+La Ferté-Saint-Cyr%2BFrance/,traité (2026-08-22 17:17)
https://www.google.com/maps/search/etablissement+wellness+La Ferté-Saint-Samson%2BFrance/,traité (2026-08-22 17:17)
https://www.google.com/maps/search/etablissement+wellness+La Ferté-sous-Jouarre%2BFrance/,traité (2026-08-22 17:17)
https://www.google.com/maps/search/etablissement+wellness+La Ferté-sur-Chiers%2BFrance/,traité (2026-08-22 17:17)
https://www.google.com/maps/search/etablissement+wellness+La Ferté-Vidame%2BFrance/,traité (2026-08-22 17:17)
https://www.google.com/maps/search/etablissement+wellness+La Ferté-Villeneuil%2BFrance/,traité (2026-08-22 17:18)
https://www.google.com/maps/search/etablissement+wellness+Fertrève%2BFrance/,traité (2026-08-22 17:18)
https://www.google.com/maps/search/etablissement+wellness+Fescamps%2BFrance/,traité (2026-08-22 17:19)
https://www.google.com/maps/search/etablissement+wellness+Fesches-le-Châtel%2BFrance/,traité (2026-08-22 17:21)
https://www.google.com/maps/search/etablissement+wellness+Fesmy-le-Sart%2BFrance/,traité (2026-08-22 17:21)
https://www.google.com/maps/search/etablissement+wellness+Fesques%2BFrance/,traité (2026-08-22 17:21)
https://www.google.com/maps/search/etablissement+wellness+Fessanvilliers-Mattanvilliers%2BFrance/,traité (2026-08-22 17:21)
https://www.google.com/maps/search/etablissement+wellness+Fessenheim%2BFrance/,traité (2026-08-22 17:21)
https://www.google.com/maps/search/etablissement+wellness+Fessenheim-le-Bas%2BFrance/,traité (2026-08-22 17:21)
https://www.google.com/maps/search/etablissement+wellness+Fessevillers%2BFrance/,échec (2026-08-22 17:21)
https://www.google.com/maps/search/etablissement+wellness+Les Fessey%2BFrance/,traité (2026-08-22 17:22)
https://www.google.com/maps/search/etablissement+wellness+Fessy%2BFrance/,traité (2026-08-22 17:22)
https://www.google.com/maps/search/etablissement+wellness+Festalemps%2BFrance/,traité (2026-08-22 17:23)
https://www.google.com/maps/search/etablissement+wellness+Festes-et-Saint-André%2BFrance/,traité (2026-08-22 17:25)
https://www.google.com/maps/search/etablissement+wellness+Festieux%2BFrance/,traité (2026-08-22 17:25)
https://www.google.com/maps/search/etablissement+wellness+Festigny%2BFrance/,traité (2026-08-22 17:25)
https://www.google.com/maps/search/etablissement+wellness+Festigny%2BFrance/,traité (2026-08-22 17:25)
https://www.google.com/maps/search/etablissement+wellness+Festubert%2BFrance/,traité (2026-08-22 17:25)
https://www.google.com/maps/search/etablissement+wellness+Le Fête%2BFrance/,traité (2026-08-22 17:25)
https://www.google.com/maps/search/etablissement+wellness+Féternes%2BFrance/,traité (2026-08-22 17:25)
https://www.google.com/maps/search/etablissement+wellness+Fétigny%2BFrance/,traité (2026-08-22 17:26)
https://www.google.com/maps/search/etablissement+wellness+Feucherolles%2BFrance/,traité (2026-08-22 17:26)
https://www.google.com/maps/search/etablissement+wellness+Feuchy%2BFrance/,traité (2026-08-22 17:26)
https://www.google.com/maps/search/etablissement+wellness+Feugarolles%2BFrance/,traité (2026-08-22 17:28)
https://www.google.com/maps/search/etablissement+wellness+Feugères%2BFrance/,traité (2026-08-22 17:28)
https://www.google.com/maps/search/etablissement+wellness+Feuges%2BFrance/,traité (2026-08-22 17:28)
https://www.google.com/maps/search/etablissement+wellness+Feuguerolles%2BFrance/,traité (2026-08-22 17:28)
https://www.google.com/maps/search/etablissement+wellness+Feuguerolles-Bully%2BFrance/,traité (2026-08-22 17:28)
https://www.google.com/maps/search/etablissement+wellness+Feuilla%2BFrance/,traité (2026-08-22 17:29)
https://www.google.com/maps/search/etablissement+wellness+Feuillade%2BFrance/,traité (2026-08-22 17:29)
https://www.google.com/maps/search/etablissement+wellness+La Feuillade%2BFrance/,traité (2026-08-22 17:30)
https://www.google.com/maps/search/etablissement+wellness+La Feuillée%2BFrance/,traité (2026-08-22 17:30)
https://www.google.com/maps/search/etablissement+wellness+Feuillères%2BFrance/,traité (2026-08-22 17:31)
https://www.google.com/maps/search/etablissement+wellness+La Feuillie%2BFrance/,traité (2026-08-22 17:33)
https://www.google.com/maps/search/etablissement+wellness+La Feuillie%2BFrance/,traité (2026-08-22 17:33)
https://www.google.com/maps/search/etablissement+wellness+Feule%2BFrance/,échec (2026-08-22 17:33)
https://www.google.com/maps/search/etablissement+wellness+Feuquières%2BFrance/,traité (2026-08-22 17:33)
https://www.google.com/maps/search/etablissement+wellness+Feuquières-en-Vimeu%2BFrance/,traité (2026-08-22 17:33)
https://www.google.com/maps/search/etablissement+wellness+Feurs%2BFrance/,traité (2026-08-22 17:33)
https://www.google.com/maps/search/etablissement+wellness+Feusines%2BFrance/,traité (2026-08-22 17:33)
https://www.google.com/maps/search/etablissement+wellness+Feux%2BFrance/,traité (2026-08-22 17:34)
https://www.google.com/maps/search/etablissement+wellness+Fèves%2BFrance/,traité (2026-08-22 17:34)
https://www.google.com/maps/search/etablissement+wellness+Féy%2BFrance/,traité (2026-08-22 17:34)
https://www.google.com/maps/search/etablissement+wellness+Fey-en-Haye%2BFrance/,traité (2026-08-22 17:37)
https://www.google.com/maps/search/etablissement+wellness+Feyt%2BFrance/,traité (2026-08-22 17:37)
https://www.google.com/maps/search/etablissement+wellness+Feytiat%2BFrance/,traité (2026-08-22 17:37)
https://www.google.com/maps/search/etablissement+wellness+Feyzin%2BFrance/,traité (2026-08-22 17:37)
https://www.google.com/maps/search/etablissement+wellness+Fiac%2BFrance/,traité (2026-08-22 17:37)
https://www.google.com/maps/search/etablissement+wellness+Ficaja%2BFrance/,traité (2026-08-22 17:37)
https://www.google.com/maps/search/etablissement+wellness+Ficheux%2BFrance/,échec (2026-08-22 17:37)
https://www.google.com/maps/search/etablissement+wellness+Fichous-Riumayou%2BFrance/,traité (2026-08-22 17:38)
https://www.google.com/maps/search/etablissement+wellness+Le Fidelaire%2BFrance/,traité (2026-08-22 17:38)
https://www.google.com/maps/search/etablissement+wellness+Le Fied%2BFrance/,traité (2026-08-22 17:39)
https://www.google.com/maps/search/etablissement+wellness+Fieffes-Montrelet%2BFrance/,traité (2026-08-22 17:41)
https://www.google.com/maps/search/etablissement+wellness+Fiefs%2BFrance/,traité (2026-08-22 17:41)
https://www.google.com/maps/search/etablissement+wellness+Fiennes%2BFrance/,traité (2026-08-22 17:41)
https://www.google.com/maps/search/etablissement+wellness+Fienvillers%2BFrance/,traité (2026-08-22 17:41)
https://www.google.com/maps/search/etablissement+wellness+Fierville-Bray%2BFrance/,traité (2026-08-22 17:41)
https://www.google.com/maps/search/etablissement+wellness+Fierville-les-Mines%2BFrance/,traité (2026-08-22 17:42)
https://www.google.com/maps/search/etablissement+wellness+Fierville-les-Parcs%2BFrance/,traité (2026-08-22 17:42)
https://www.google.com/maps/search/etablissement+wellness+Le Fieu%2BFrance/,traité (2026-08-22 17:42)
https://www.google.com/maps/search/etablissement+wellness+Fieulaine%2BFrance/,traité (2026-08-22 17:43)
https://www.google.com/maps/search/etablissement+wellness+Fieux%2BFrance/,traité (2026-08-22 17:43)
https://www.google.com/maps/search/etablissement+wellness+Figanières%2BFrance/,traité (2026-08-22 17:46)
https://www.google.com/maps/search/etablissement+wellness+Figari%2BFrance/,traité (2026-08-22 17:46)
https://www.google.com/maps/search/etablissement+wellness+Figarol%2BFrance/,traité (2026-08-22 17:46)
https://www.google.com/maps/search/etablissement+wellness+Figeac%2BFrance/,traité (2026-08-22 17:46)
https://www.google.com/maps/search/etablissement+wellness+Fignévelle%2BFrance/,traité (2026-08-22 17:46)
https://www.google.com/maps/search/etablissement+wellness+Fignières%2BFrance/,traité (2026-08-22 17:46)
https://www.google.com/maps/search/etablissement+wellness+Filain%2BFrance/,traité (2026-08-22 17:47)
https://www.google.com/maps/search/etablissement+wellness+Filain%2BFrance/,traité (2026-08-22 17:47)
https://www.google.com/maps/search/etablissement+wellness+Fillé%2BFrance/,traité (2026-08-22 17:47)
https://www.google.com/maps/search/etablissement+wellness+Fillière%2BFrance/,traité (2026-08-22 17:47)
https://www.google.com/maps/search/etablissement+wellness+Fillières%2BFrance/,
https://www.google.com/maps/search/etablissement+wellness+Fillièvres%2BFrance/,
https://www.google.com/maps/search/etablissement+wellness+Fillinges%2BFrance/,
https://www.google.com/maps/search/etablissement+wellness+Fillols%2BFrance/,
https://www.google.com/maps/search/etablissement+wellness+Filstroff%2BFrance/,
https://www.google.com/maps/search/etablissement+wellness+Fiménil%2BFrance/,
https://www.google.com/maps/search/etablissement+wellness+Finestret%2BFrance/,
https://www.google.com/maps/search/etablissement+wellness+Finhan%2BFrance/,
https://www.google.com/maps/search/etablissement+wellness+Les Fins%2BFrance/,
https://www.google.com/maps/search/etablissement+wellness+Fins%2BFrance/,
https://www.google.com/maps/search/etablissement+wellness+Fiquefleur-Équainville%2BFrance/,
https://www.google.com/maps/search/etablissement+wellness+Firbeix%2BFrance/,
https://www.google.com/maps/search/etablissement+wellness+Firfol%2BFrance/,
https://www.google.com/maps/search/etablissement+wellness+Firmi%2BFrance/,
https://www.google.com/maps/search/etablissement+wellness+Firminy%2BFrance/,
https://www.google.com/maps/search/etablissement+wellness+Fislis%2BFrance/,
https://www.google.com/maps/search/etablissement+wellness+Fismes%2BFrance/,
https://www.google.com/maps/search/etablissement+wellness+Fitou%2BFrance/,
https://www.google.com/maps/search/etablissement+wellness+Fitz-James%2BFrance/,
https://www.google.com/maps/search/etablissement+wellness+Fix-Saint-Geneys%2BFrance/,
https://www.google.com/maps/search/etablissement+wellness+Fixem%2BFrance/,
https://www.google.com/maps/search/etablissement+wellness+Fixin%2BFrance/,
https://www.google.com/maps/search/etablissement+wellness+Flacey%2BFrance/,
https://www.google.com/maps/search/etablissement+wellness+Flacey%2BFrance/,
https://www.google.com/maps/search/etablissement+wellness+Flacey-en-Bresse%2BFrance/,
https://www.google.com/maps/search/etablissement+wellness+La Flachère%2BFrance/,
https://www.google.com/maps/search/etablissement+wellness+Flachères%2BFrance/,
https://www.google.com/maps/search/etablissement+wellness+Flacourt%2BFrance/,
https://www.google.com/maps/search/etablissement+wellness+Flacy%2BFrance/,
https://www.google.com/maps/search/etablissement+wellness+Flagey%2BFrance/,
https://www.google.com/maps/search/etablissement+wellness+Flagey%2BFrance/,
https://www.google.com/maps/search/etablissement+wellness+Flagey-Echézeaux%2BFrance/,
https://www.google.com/maps/search/etablissement+wellness+Flagey-lès-Auxonne%2BFrance/,
https://www.google.com/maps/search/etablissement+wellness+Flagey-Rigney%2BFrance/,
https://www.google.com/maps/search/etablissement+wellness+Flagnac%2BFrance/,
https://www.google.com/maps/search/etablissement+wellness+Flagy%2BFrance/,
https://www.google.com/maps/search/etablissement+wellness+Flagy%2BFrance/,
https://www.google.com/maps/search/etablissement+wellness+Flagy%2BFrance/,
https://www.google.com/maps/search/etablissement+wellness+Flaignes-Havys%2BFrance/,
https://www.google.com/maps/search/etablissement+wellness+Flainval%2BFrance/,
https://www.google.com/maps/search/etablissement+wellness+Flamanville%2BFrance/,
https://www.google.com/maps/search/etablissement+wellness+Flamanville%2BFrance/,
https://www.google.com/maps/search/etablissement+wellness+Flamarens%2BFrance/,
https://www.google.com/maps/search/etablissement+wellness+La Flamengrie%2BFrance/,
https://www.google.com/maps/search/etablissement+wellness+La Flamengrie%2BFrance/,
https://www.google.com/maps/search/etablissement+wellness+Flamets-Frétils%2BFrance/,
https://www.google.com/maps/search/etablissement+wellness+Flammerans%2BFrance/,
https://www.google.com/maps/search/etablissement+wellness+Flammerécourt%2BFrance/,
https://www.google.com/maps/search/etablissement+wellness+Flancourt-Crescy-en-Roumois%2BFrance/,
https://www.google.com/maps/search/etablissement+wellness+Flangebouche%2BFrance/,
https://www.google.com/maps/search/etablissement+wellness+Flassan%2BFrance/,
https://www.google.com/maps/search/etablissement+wellness+Flassans-sur-Issole%2BFrance/,
https://www.google.com/maps/search/etablissement+wellness+Flassigny%2BFrance/,
https://www.google.com/maps/search/etablissement+wellness+Flastroff%2BFrance/,
https://www.google.com/maps/search/etablissement+wellness+Flaucourt%2BFrance/,
https://www.google.com/maps/search/etablissement+wellness+Flaugeac%2BFrance/,
https://www.google.com/maps/search/etablissement+wellness+Flaujac-Gare%2BFrance/,
https://www.google.com/maps/search/etablissement+wellness+Flaujac-Poujols%2BFrance/,
https://www.google.com/maps/search/etablissement+wellness+Flaujagues%2BFrance/,
https://www.google.com/maps/search/etablissement+wellness+Flaumont-Waudrechies%2BFrance/,
https://www.google.com/maps/search/etablissement+wellness+Flaux%2BFrance/,
https://www.google.com/maps/search/etablissement+wellness+Flavacourt%2BFrance/,
https://www.google.com/maps/search/etablissement+wellness+Flaviac%2BFrance/,
https://www.google.com/maps/search/etablissement+wellness+Flavignac%2BFrance/,
https://www.google.com/maps/search/etablissement+wellness+Flavignerot%2BFrance/,
https://www.google.com/maps/search/etablissement+wellness+Flavigny%2BFrance/,
https://www.google.com/maps/search/etablissement+wellness+Flavigny%2BFrance/,
https://www.google.com/maps/search/etablissement+wellness+Flavigny-le-Grand-et-Beaurain%2BFrance/,
https://www.google.com/maps/search/etablissement+wellness+Flavigny-sur-Moselle%2BFrance/,
https://www.google.com/maps/search/etablissement+wellness+Flavigny-sur-Ozerain%2BFrance/,
https://www.google.com/maps/search/etablissement+wellness+Flavin%2BFrance/,
https://www.google.com/maps/search/etablissement+wellness+Flavy-le-Martel%2BFrance/,
https://www.google.com/maps/search/etablissement+wellness+Flavy-le-Meldeux%2BFrance/,
https://www.google.com/maps/search/etablissement+wellness+Flaxieu%2BFrance/,
https://www.google.com/maps/search/etablissement+wellness+Flaxlanden%2BFrance/,
https://www.google.com/maps/search/etablissement+wellness+Flayat%2BFrance/,
https://www.google.com/maps/search/etablissement+wellness+Flayosc%2BFrance/,
https://www.google.com/maps/search/etablissement+wellness+Fléac%2BFrance/,
https://www.google.com/maps/search/etablissement+wellness+Fléac-sur-Seugne%2BFrance/,
https://www.google.com/maps/search/etablissement+wellness+La Flèche%2BFrance/,
https://www.google.com/maps/search/etablissement+wellness+Fléchin%2BFrance/,
https://www.google.com/maps/search/etablissement+wellness+Fléchy%2BFrance/,
https://www.google.com/maps/search/etablissement+wellness+Flée%2BFrance/,
https://www.google.com/maps/search/etablissement+wellness+Flée%2BFrance/,
https://www.google.com/maps/search/etablissement+wellness+Fleigneux%2BFrance/,
https://www.google.com/maps/search/etablissement+wellness+Fleisheim%2BFrance/,
https://www.google.com/maps/search/etablissement+wellness+Le Fleix%2BFrance/,
https://www.google.com/maps/search/etablissement+wellness+Fleix%2BFrance/,
https://www.google.com/maps/search/etablissement+wellness+Fléré-la-Rivière%2BFrance/,
https://www.google.com/maps/search/etablissement+wellness+Flers%2BFrance/,
https://www.google.com/maps/search/etablissement+wellness+Flers%2BFrance/,
https://www.google.com/maps/search/etablissement+wellness+Flers%2BFrance/,
https://www.google.com/maps/search/etablissement+wellness+Flers-en-Escrebieux%2BFrance/,
https://www.google.com/maps/search/etablissement+wellness+Flers-sur-Noye%2BFrance/,
https://www.google.com/maps/search/etablissement+wellness+Flesquières%2BFrance/,
https://www.google.com/maps/search/etablissement+wellness+Flesselles%2BFrance/,
https://www.google.com/maps/search/etablissement+wellness+Flétrange%2BFrance/,
https://www.google.com/maps/search/etablissement+wellness+Flêtre%2BFrance/,
https://www.google.com/maps/search/etablissement+wellness+Fléty%2BFrance/,
https://www.google.com/maps/search/etablissement+wellness+Fleurac%2BFrance/,
https://www.google.com/maps/search/etablissement+wellness+Fleurac%2BFrance/,
https://www.google.com/maps/search/etablissement+wellness+Fleurance%2BFrance/,
https://www.google.com/maps/search/etablissement+wellness+Fleurat%2BFrance/,
https://www.google.com/maps/search/etablissement+wellness+Fleurbaix%2BFrance/,
https://www.google.com/maps/search/etablissement+wellness+Fleuré%2BFrance/,
https://www.google.com/maps/search/etablissement+wellness+Fleuré%2BFrance/,
https://www.google.com/maps/search/etablissement+wellness+Fleurey%2BFrance/,
https://www.google.com/maps/search/etablissement+wellness+Fleurey-lès-Faverney%2BFrance/,
https://www.google.com/maps/search/etablissement+wellness+Fleurey-lès-Lavoncourt%2BFrance/,
https://www.google.com/maps/search/etablissement+wellness+Fleurey-lès-Saint-Loup%2BFrance/,
https://www.google.com/maps/search/etablissement+wellness+Fleurey-sur-Ouche%2BFrance/,
https://www.google.com/maps/search/etablissement+wellness+Fleurie%2BFrance/,
https://www.google.com/maps/search/etablissement+wellness+Fleuriel%2BFrance/,
https://www.google.com/maps/search/etablissement+wellness+Fleurieu-sur-Saône%2BFrance/,
https://www.google.com/maps/search/etablissement+wellness+Fleurieux-sur-l'Arbresle%2BFrance/,
https://www.google.com/maps/search/etablissement+wellness+Fleurigné%2BFrance/,
https://www.google.com/maps/search/etablissement+wellness+Fleurines%2BFrance/,
https://www.google.com/maps/search/etablissement+wellness+Fleurville%2BFrance/,
https://www.google.com/maps/search/etablissement+wellness+Fleury%2BFrance/,
https://www.google.com/maps/search/etablissement+wellness+Fleury%2BFrance/,
https://www.google.com/maps/search/etablissement+wellness+Fleury%2BFrance/,
https://www.google.com/maps/search/etablissement+wellness+Fleury%2BFrance/,
https://www.google.com/maps/search/etablissement+wellness+Fleury%2BFrance/,
https://www.google.com/maps/search/etablissement+wellness+Fleury%2BFrance/,
https://www.google.com/maps/search/etablissement+wellness+Fleury%2BFrance/,
https://www.google.com/maps/search/etablissement+wellness+Fleury-devant-Douaumont%2BFrance/,
https://www.google.com/maps/search/etablissement+wellness+Fleury-en-Bière%2BFrance/,
https://www.google.com/maps/search/etablissement+wellness+Fleury-la-Forêt%2BFrance/,
https://www.google.com/maps/search/etablissement+wellness+Fleury-la-Montagne%2BFrance/,
https://www.google.com/maps/search/etablissement+wellness+Fleury-la-Rivière%2BFrance/,
https://www.google.com/maps/search/etablissement+wellness+Fleury-la-Vallée%2BFrance/,
https://www.google.com/maps/search/etablissement+wellness+Fleury-les-Aubrais%2BFrance/,
https://www.google.com/maps/search/etablissement+wellness+Fleury-Mérogis%2BFrance/,
https://www.google.com/maps/search/etablissement+wellness+Fleury-sur-Andelle%2BFrance/,
https://www.google.com/maps/search/etablissement+wellness+Fleury-sur-Loire%2BFrance/,
https://www.google.com/maps/search/etablissement+wellness+Fleury-sur-Orne%2BFrance/,
https://www.google.com/maps/search/etablissement+wellness+Fléville%2BFrance/,
https://www.google.com/maps/search/etablissement+wellness+Fléville-devant-Nancy%2BFrance/,
https://www.google.com/maps/search/etablissement+wellness+Fléville-Lixières%2BFrance/,
https://www.google.com/maps/search/etablissement+wellness+Flévy%2BFrance/,
https://www.google.com/maps/search/etablissement+wellness+Flexanville%2BFrance/,
https://www.google.com/maps/search/etablissement+wellness+Flexbourg%2BFrance/,
https://www.google.com/maps/search/etablissement+wellness+Fley%2BFrance/,
https://www.google.com/maps/search/etablissement+wellness+Fleys%2BFrance/,
https://www.google.com/maps/search/etablissement+wellness+Flez-Cuzy%2BFrance/,
https://www.google.com/maps/search/etablissement+wellness+Fligny%2BFrance/,
https://www.google.com/maps/search/etablissement+wellness+Flin%2BFrance/,
https://www.google.com/maps/search/etablissement+wellness+Flines-lès-Mortagne%2BFrance/,
https://www.google.com/maps/search/etablissement+wellness+Flines-lez-Raches%2BFrance/,
https://www.google.com/maps/search/etablissement+wellness+Flins-Neuve-Église%2BFrance/,
https://www.google.com/maps/search/etablissement+wellness+Flins-sur-Seine%2BFrance/,
https://www.google.com/maps/search/etablissement+wellness+Flipou%2BFrance/,
https://www.google.com/maps/search/etablissement+wellness+Flirey%2BFrance/,
https://www.google.com/maps/search/etablissement+wellness+Flixecourt%2BFrance/,
https://www.google.com/maps/search/etablissement+wellness+Flize%2BFrance/,
https://www.google.com/maps/search/etablissement+wellness+Flocourt%2BFrance/,
https://www.google.com/maps/search/etablissement+wellness+Flocques%2BFrance/,
https://www.google.com/maps/search/etablissement+wellness+Flogny-la-Chapelle%2BFrance/,
https://www.google.com/maps/search/etablissement+wellness+Floing%2BFrance/,
https://www.google.com/maps/search/etablissement+wellness+Floirac%2BFrance/,
https://www.google.com/maps/search/etablissement+wellness+Floirac%2BFrance/,
https://www.google.com/maps/search/etablissement+wellness+Floirac%2BFrance/,
https://www.google.com/maps/search/etablissement+wellness+Florac Trois Rivières%2BFrance/,
https://www.google.com/maps/search/etablissement+wellness+Florange%2BFrance/,
https://www.google.com/maps/search/etablissement+wellness+Florémont%2BFrance/,
https://www.google.com/maps/search/etablissement+wellness+Florensac%2BFrance/,
https://www.google.com/maps/search/etablissement+wellness+Florent-en-Argonne%2BFrance/,
https://www.google.com/maps/search/etablissement+wellness+Florentin%2BFrance/,
https://www.google.com/maps/search/etablissement+wellness+Florentin-la-Capelle%2BFrance/,
https://www.google.com/maps/search/etablissement+wellness+Floressas%2BFrance/,
https://www.google.com/maps/search/etablissement+wellness+Florimont%2BFrance/,
https://www.google.com/maps/search/etablissement+wellness+Florimont-Gaumier%2BFrance/,
https://www.google.com/maps/search/etablissement+wellness+Floringhem%2BFrance/,
https://www.google.com/maps/search/etablissement+wellness+La Flotte%2BFrance/,
https://www.google.com/maps/search/etablissement+wellness+Flottemanville%2BFrance/,
https://www.google.com/maps/search/etablissement+wellness+Flottemanville-Hague%2BFrance/,
https://www.google.com/maps/search/etablissement+wellness+Floudès%2BFrance/,
https://www.google.com/maps/search/etablissement+wellness+Floure%2BFrance/,
https://www.google.com/maps/search/etablissement+wellness+Flourens%2BFrance/,
https://www.google.com/maps/search/etablissement+wellness+Floursies%2BFrance/,
https://www.google.com/maps/search/etablissement+wellness+Floyon%2BFrance/,
https://www.google.com/maps/search/etablissement+wellness+Flumet%2BFrance/,
https://www.google.com/maps/search/etablissement+wellness+Fluquières%2BFrance/,
https://www.google.com/maps/search/etablissement+wellness+Fluy%2BFrance/,
https://www.google.com/maps/search/etablissement+wellness+Foameix-Ornel%2BFrance/,
https://www.google.com/maps/search/etablissement+wellness+Foce%2BFrance/,
https://www.google.com/maps/search/etablissement+wellness+Focicchia%2BFrance/,
https://www.google.com/maps/search/etablissement+wellness+Foëcy%2BFrance/,
https://www.google.com/maps/search/etablissement+wellness+Le Fœil%2BFrance/,
https://www.google.com/maps/search/etablissement+wellness+Foisches%2BFrance/,
https://www.google.com/maps/search/etablissement+wellness+Foissac%2BFrance/,
https://www.google.com/maps/search/etablissement+wellness+Foissac%2BFrance/,
https://www.google.com/maps/search/etablissement+wellness+Foissiat%2BFrance/,
https://www.google.com/maps/search/etablissement+wellness+Foissy%2BFrance/,
https://www.google.com/maps/search/etablissement+wellness+Foissy-lès-Vézelay%2BFrance/,
https://www.google.com/maps/search/etablissement+wellness+Foissy-sur-Vanne%2BFrance/,
https://www.google.com/maps/search/etablissement+wellness+Foix%2BFrance/,
https://www.google.com/maps/search/etablissement+wellness+Folcarde%2BFrance/,
https://www.google.com/maps/search/etablissement+wellness+Folembray%2BFrance/,
https://www.google.com/maps/search/etablissement+wellness+Folgensbourg%2BFrance/,
https://www.google.com/maps/search/etablissement+wellness+Le Folgoët%2BFrance/,
https://www.google.com/maps/search/etablissement+wellness+La Folie%2BFrance/,
https://www.google.com/maps/search/etablissement+wellness+Folies%2BFrance/,traité (2026-08-22 17:50)
https://www.google.com/maps/search/etablissement+wellness+Folkling%2BFrance/,traité (2026-08-22 17:50)
https://www.google.com/maps/search/etablissement+wellness+Follainville-Dennemont%2BFrance/,traité (2026-08-22 17:50)
https://www.google.com/maps/search/etablissement+wellness+Folles%2BFrance/,traité (2026-08-22 17:51)
https://www.google.com/maps/search/etablissement+wellness+La Folletière-Abenon%2BFrance/,traité (2026-08-22 17:51)
https://www.google.com/maps/search/etablissement+wellness+Folleville%2BFrance/,traité (2026-08-22 17:52)
https://www.google.com/maps/search/etablissement+wellness+Folleville%2BFrance/,traité (2026-08-22 17:52)
https://www.google.com/maps/search/etablissement+wellness+Folligny%2BFrance/,traité (2026-08-22 17:52)
https://www.google.com/maps/search/etablissement+wellness+Folschviller%2BFrance/,traité (2026-08-22 17:53)
https://www.google.com/maps/search/etablissement+wellness+Fomerey%2BFrance/,traité (2026-08-22 17:53)
https://www.google.com/maps/search/etablissement+wellness+Fomperron%2BFrance/,traité (2026-08-22 17:55)
https://www.google.com/maps/search/etablissement+wellness+Fonbeauzard%2BFrance/,traité (2026-08-22 17:55)
https://www.google.com/maps/search/etablissement+wellness+Foncegrive%2BFrance/,traité (2026-08-22 17:55)
https://www.google.com/maps/search/etablissement+wellness+Fonches-Fonchette%2BFrance/,traité (2026-08-22 17:55)
https://www.google.com/maps/search/etablissement+wellness+Foncine-le-Bas%2BFrance/,traité (2026-08-22 17:55)
https://www.google.com/maps/search/etablissement+wellness+Foncine-le-Haut%2BFrance/,traité (2026-08-22 17:55)
https://www.google.com/maps/search/etablissement+wellness+Foncquevillers%2BFrance/,traité (2026-08-22 17:56)
https://www.google.com/maps/search/etablissement+wellness+Fondamente%2BFrance/,traité (2026-08-22 17:56)
https://www.google.com/maps/search/etablissement+wellness+Fondettes%2BFrance/,traité (2026-08-22 17:56)
https://www.google.com/maps/search/etablissement+wellness+Fondremand%2BFrance/,traité (2026-08-22 17:56)
https://www.google.com/maps/search/etablissement+wellness+Fonds-Saint-Denis%2BFrance/,traité (2026-08-22 17:59)
https://www.google.com/maps/search/etablissement+wellness+Fongrave%2BFrance/,échec (2026-08-22 17:59)
https://www.google.com/maps/search/etablissement+wellness+Fongueusemare%2BFrance/,traité (2026-08-22 17:59)
https://www.google.com/maps/search/etablissement+wellness+Fonroque%2BFrance/,traité (2026-08-22 17:59)
https://www.google.com/maps/search/etablissement+wellness+Fons%2BFrance/,traité (2026-08-22 17:59)
https://www.google.com/maps/search/etablissement+wellness+Fons%2BFrance/,traité (2026-08-22 17:59)
https://www.google.com/maps/search/etablissement+wellness+Fons%2BFrance/,traité (2026-08-22 17:59)
https://www.google.com/maps/search/etablissement+wellness+Fons-sur-Lussan%2BFrance/,traité (2026-08-22 17:59)
https://www.google.com/maps/search/etablissement+wellness+Fonsomme%2BFrance/,traité (2026-08-22 17:59)
https://www.google.com/maps/search/etablissement+wellness+Fonsorbes%2BFrance/,traité (2026-08-22 18:00)
https://www.google.com/maps/search/etablissement+wellness+Font-Romeu-Odeillo-Via%2BFrance/,traité (2026-08-22 18:02)
https://www.google.com/maps/search/etablissement+wellness+Fontain%2BFrance/,traité (2026-08-22 18:02)
https://www.google.com/maps/search/etablissement+wellness+Fontaine%2BFrance/,traité (2026-08-22 18:02)
https://www.google.com/maps/search/etablissement+wellness+Fontaine%2BFrance/,traité (2026-08-22 18:02)
https://www.google.com/maps/search/etablissement+wellness+Fontaine%2BFrance/,traité (2026-08-22 18:02)
https://www.google.com/maps/search/etablissement+wellness+Fontaine-au-Bois%2BFrance/,traité (2026-08-22 18:02)
https://www.google.com/maps/search/etablissement+wellness+Fontaine-au-Pire%2BFrance/,traité (2026-08-22 18:03)
https://www.google.com/maps/search/etablissement+wellness+Fontaine-Bellenger%2BFrance/,traité (2026-08-22 18:03)
https://www.google.com/maps/search/etablissement+wellness+Fontaine-Bonneleau%2BFrance/,traité (2026-08-22 18:03)
https://www.google.com/maps/search/etablissement+wellness+Fontaine-Chaalis%2BFrance/,traité (2026-08-22 18:04)
https://www.google.com/maps/search/etablissement+wellness+Fontaine-Chalendray%2BFrance/,traité (2026-08-22 18:06)
https://www.google.com/maps/search/etablissement+wellness+Fontaine-Couverte%2BFrance/,traité (2026-08-22 18:06)
https://www.google.com/maps/search/etablissement+wellness+Fontaine-de-Vaucluse%2BFrance/,traité (2026-08-22 18:06)
https://www.google.com/maps/search/etablissement+wellness+Fontaine-Denis-Nuisy%2BFrance/,traité (2026-08-22 18:06)
https://www.google.com/maps/search/etablissement+wellness+Fontaine-en-Bray%2BFrance/,traité (2026-08-22 18:06)
https://www.google.com/maps/search/etablissement+wellness+Fontaine-en-Dormois%2BFrance/,traité (2026-08-22 18:06)
https://www.google.com/maps/search/etablissement+wellness+Fontaine-Étoupefour%2BFrance/,traité (2026-08-22 18:06)
https://www.google.com/maps/search/etablissement+wellness+Fontaine-Fourches%2BFrance/,traité (2026-08-22 18:07)
https://www.google.com/maps/search/etablissement+wellness+Fontaine-Française%2BFrance/,traité (2026-08-22 18:07)
https://www.google.com/maps/search/etablissement+wellness+Fontaine-Henry%2BFrance/,traité (2026-08-22 18:07)
https://www.google.com/maps/search/etablissement+wellness+Fontaine-l'Abbé%2BFrance/,échec (2026-08-22 18:08)
https://www.google.com/maps/search/etablissement+wellness+Fontaine-l'Étalon%2BFrance/,échec (2026-08-22 18:08)
https://www.google.com/maps/search/etablissement+wellness+Fontaine-la-Gaillarde%2BFrance/,traité (2026-08-22 18:10)
https://www.google.com/maps/search/etablissement+wellness+Fontaine-la-Guyon%2BFrance/,traité (2026-08-22 18:10)
https://www.google.com/maps/search/etablissement+wellness+Fontaine-la-Louvet%2BFrance/,traité (2026-08-22 18:10)
https://www.google.com/maps/search/etablissement+wellness+Fontaine-la-Mallet%2BFrance/,traité (2026-08-22 18:10)
https://www.google.com/maps/search/etablissement+wellness+Fontaine-la-Rivière%2BFrance/,traité (2026-08-22 18:10)
https://www.google.com/maps/search/etablissement+wellness+Fontaine-la-Soret%2BFrance/,traité (2026-08-22 18:10)
https://www.google.com/maps/search/etablissement+wellness+Fontaine-Lavaganne%2BFrance/,traité (2026-08-22 18:10)
https://www.google.com/maps/search/etablissement+wellness+Fontaine-le-Bourg%2BFrance/,traité (2026-08-22 18:11)
https://www.google.com/maps/search/etablissement+wellness+Fontaine-le-Comte%2BFrance/,traité (2026-08-22 18:11)
https://www.google.com/maps/search/etablissement+wellness+Fontaine-le-Dun%2BFrance/,traité (2026-08-22 18:12)
https://www.google.com/maps/search/etablissement+wellness+Fontaine-le-Pin%2BFrance/,traité (2026-08-22 18:12)
https://www.google.com/maps/search/etablissement+wellness+Fontaine-le-Port%2BFrance/,traité (2026-08-22 18:12)
https://www.google.com/maps/search/etablissement+wellness+Fontaine-le-Sec%2BFrance/,traité (2026-08-22 18:13)
https://www.google.com/maps/search/etablissement+wellness+Fontaine-les-Bassets%2BFrance/,traité (2026-08-22 18:15)
https://www.google.com/maps/search/etablissement+wellness+Fontaine-lès-Boulans%2BFrance/,traité (2026-08-22 18:15)
https://www.google.com/maps/search/etablissement+wellness+Fontaine-lès-Cappy%2BFrance/,traité (2026-08-22 18:15)
https://www.google.com/maps/search/etablissement+wellness+Fontaine-lès-Clercs%2BFrance/,traité (2026-08-22 18:15)
https://www.google.com/maps/search/etablissement+wellness+Fontaine-lès-Clerval%2BFrance/,traité (2026-08-22 18:15)
https://www.google.com/maps/search/etablissement+wellness+Fontaine-les-Coteaux%2BFrance/,traité (2026-08-22 18:15)
https://www.google.com/maps/search/etablissement+wellness+Fontaine-lès-Croisilles%2BFrance/,traité (2026-08-22 18:15)
https://www.google.com/maps/search/etablissement+wellness+Fontaine-lès-Dijon%2BFrance/,traité (2026-08-22 18:15)
https://www.google.com/maps/search/etablissement+wellness+Fontaine-les-Grès%2BFrance/,traité (2026-08-22 18:15)
https://www.google.com/maps/search/etablissement+wellness+Fontaine-lès-Hermans%2BFrance/,traité (2026-08-22 18:16)
https://www.google.com/maps/search/etablissement+wellness+Fontaine-lès-Luxeuil%2BFrance/,traité (2026-08-22 18:16)
https://www.google.com/maps/search/etablissement+wellness+Fontaine-les-Ribouts%2BFrance/,traité (2026-08-22 18:16)
https://www.google.com/maps/search/etablissement+wellness+Fontaine-lès-Vervins%2BFrance/,traité (2026-08-22 18:17)
https://www.google.com/maps/search/etablissement+wellness+Fontaine-Mâcon%2BFrance/,traité (2026-08-22 18:19)
https://www.google.com/maps/search/etablissement+wellness+Fontaine-Notre-Dame%2BFrance/,traité (2026-08-22 18:19)
https://www.google.com/maps/search/etablissement+wellness+Fontaine-Notre-Dame%2BFrance/,traité (2026-08-22 18:19)
https://www.google.com/maps/search/etablissement+wellness+Fontaine-Raoul%2BFrance/,traité (2026-08-22 18:19)
https://www.google.com/maps/search/etablissement+wellness+Fontaine-Saint-Lucien%2BFrance/,traité (2026-08-22 18:19)
https://www.google.com/maps/search/etablissement+wellness+La Fontaine-Saint-Martin%2BFrance/,traité (2026-08-22 18:19)
https://www.google.com/maps/search/etablissement+wellness+Fontaine-Simon%2BFrance/,traité (2026-08-22 18:19)
https://www.google.com/maps/search/etablissement+wellness+Fontaine-sous-Jouy%2BFrance/,traité (2026-08-22 18:19)
https://www.google.com/maps/search/etablissement+wellness+Fontaine-sous-Montdidier%2BFrance/,traité (2026-08-22 18:19)
https://www.google.com/maps/search/etablissement+wellness+Fontaine-sous-Préaux%2BFrance/,traité (2026-08-22 18:19)
https://www.google.com/maps/search/etablissement+wellness+Fontaine-sur-Ay%2BFrance/,traité (2026-08-22 18:20)
https://www.google.com/maps/search/etablissement+wellness+Fontaine-sur-Maye%2BFrance/,traité (2026-08-22 18:20)
https://www.google.com/maps/search/etablissement+wellness+Fontaine-sur-Somme%2BFrance/,traité (2026-08-22 18:22)
https://www.google.com/maps/search/etablissement+wellness+Fontaine-Uterte%2BFrance/,traité (2026-08-22 18:22)
https://www.google.com/maps/search/etablissement+wellness+Fontainebleau%2BFrance/,traité (2026-08-22 18:22)
https://www.google.com/maps/search/etablissement+wellness+Fontainebrux%2BFrance/,traité (2026-08-22 18:22)
https://www.google.com/maps/search/etablissement+wellness+Fontaines%2BFrance/,traité (2026-08-22 18:22)
https://www.google.com/maps/search/etablissement+wellness+Fontaines%2BFrance/,traité (2026-08-22 18:22)
https://www.google.com/maps/search/etablissement+wellness+Fontaines-d'Ozillac%2BFrance/,traité (2026-08-22 18:22)
https://www.google.com/maps/search/etablissement+wellness+Fontaines-en-Duesmois%2BFrance/,traité (2026-08-22 18:22)
https://www.google.com/maps/search/etablissement+wellness+Fontaines-en-Sologne%2BFrance/,traité (2026-08-22 18:22)
https://www.google.com/maps/search/etablissement+wellness+Fontaines-les-Sèches%2BFrance/,traité (2026-08-22 18:23)
https://www.google.com/maps/search/etablissement+wellness+Fontaines-Saint-Clair%2BFrance/,traité (2026-08-22 18:23)
https://www.google.com/maps/search/etablissement+wellness+Fontaines-Saint-Martin%2BFrance/,traité (2026-08-22 18:23)
https://www.google.com/maps/search/etablissement+wellness+Fontaines-sur-Marne%2BFrance/,traité (2026-08-22 18:26)
https://www.google.com/maps/search/etablissement+wellness+Fontaines-sur-Saône%2BFrance/,traité (2026-08-22 18:26)
https://www.google.com/maps/search/etablissement+wellness+Fontains%2BFrance/,traité (2026-08-22 18:26)
https://www.google.com/maps/search/etablissement+wellness+Fontan%2BFrance/,traité (2026-08-22 18:26)
https://www.google.com/maps/search/etablissement+wellness+Fontanes%2BFrance/,traité (2026-08-22 18:26)
https://www.google.com/maps/search/etablissement+wellness+Fontanès%2BFrance/,traité (2026-08-22 18:26)
https://www.google.com/maps/search/etablissement+wellness+Fontanès%2BFrance/,traité (2026-08-22 18:26)
https://www.google.com/maps/search/etablissement+wellness+Fontanès%2BFrance/,traité (2026-08-22 18:26)
https://www.google.com/maps/search/etablissement+wellness+Fontanès-de-Sault%2BFrance/,traité (2026-08-22 18:27)
https://www.google.com/maps/search/etablissement+wellness+Fontanges%2BFrance/,traité (2026-08-22 18:27)
https://www.google.com/maps/search/etablissement+wellness+Fontangy%2BFrance/,traité (2026-08-22 18:27)
https://www.google.com/maps/search/etablissement+wellness+Fontanières%2BFrance/,traité (2026-08-22 18:28)
https://www.google.com/maps/search/etablissement+wellness+Fontanil-Cornillon%2BFrance/,traité (2026-08-22 18:28)
https://www.google.com/maps/search/etablissement+wellness+Fontannes%2BFrance/,traité (2026-08-22 18:30)
https://www.google.com/maps/search/etablissement+wellness+Fontans%2BFrance/,traité (2026-08-22 18:30)
https://www.google.com/maps/search/etablissement+wellness+Fontarèches%2BFrance/,traité (2026-08-22 18:30)
https://www.google.com/maps/search/etablissement+wellness+Fontclaireau%2BFrance/,traité (2026-08-22 18:30)
https://www.google.com/maps/search/etablissement+wellness+Fontcouverte%2BFrance/,traité (2026-08-22 18:30)
https://www.google.com/maps/search/etablissement+wellness+Fontcouverte%2BFrance/,traité (2026-08-22 18:30)
https://www.google.com/maps/search/etablissement+wellness+Fontcouverte-la-Toussuire%2BFrance/,traité (2026-08-22 18:30)
https://www.google.com/maps/search/etablissement+wellness+La Fontelaye%2BFrance/,traité (2026-08-22 18:30)
https://www.google.com/maps/search/etablissement+wellness+Fontenai-les-Louvets%2BFrance/,échec (2026-08-22 18:31)
https://www.google.com/maps/search/etablissement+wellness+Fontenai-sur-Orne%2BFrance/,traité (2026-08-22 18:31)
https://www.google.com/maps/search/etablissement+wellness+Fontenailles%2BFrance/,traité (2026-08-22 18:32)
https://www.google.com/maps/search/etablissement+wellness+Fontenailles%2BFrance/,traité (2026-08-22 18:32)
https://www.google.com/maps/search/etablissement+wellness+Fontenay%2BFrance/,traité (2026-08-22 18:34)
https://www.google.com/maps/search/etablissement+wellness+Fontenay%2BFrance/,traité (2026-08-22 18:34)
https://www.google.com/maps/search/etablissement+wellness+Fontenay%2BFrance/,traité (2026-08-22 18:34)
https://www.google.com/maps/search/etablissement+wellness+Fontenay%2BFrance/,traité (2026-08-22 18:34)
https://www.google.com/maps/search/etablissement+wellness+Fontenay-aux-Roses%2BFrance/,traité (2026-08-22 18:34)
https://www.google.com/maps/search/etablissement+wellness+Fontenay-de-Bossery%2BFrance/,traité (2026-08-22 18:34)
https://www.google.com/maps/search/etablissement+wellness+Fontenay-en-Parisis%2BFrance/,traité (2026-08-22 18:34)
https://www.google.com/maps/search/etablissement+wellness+Fontenay-le-Comte%2BFrance/,traité (2026-08-22 18:34)
https://www.google.com/maps/search/etablissement+wellness+Fontenay-le-Fleury%2BFrance/,traité (2026-08-22 18:34)
https://www.google.com/maps/search/etablissement+wellness+Fontenay-le-Marmion%2BFrance/,traité (2026-08-22 18:34)
https://www.google.com/maps/search/etablissement+wellness+Fontenay-le-Pesnel%2BFrance/,traité (2026-08-22 18:35)
https://www.google.com/maps/search/etablissement+wellness+Fontenay-le-Vicomte%2BFrance/,traité (2026-08-22 18:35)
https://www.google.com/maps/search/etablissement+wellness+Fontenay-lès-Briis%2BFrance/,traité (2026-08-22 18:35)
https://www.google.com/maps/search/etablissement+wellness+Fontenay-Mauvoisin%2BFrance/,traité (2026-08-22 18:37)
https://www.google.com/maps/search/etablissement+wellness+Fontenay-près-Chablis%2BFrance/,traité (2026-08-22 18:37)
https://www.google.com/maps/search/etablissement+wellness+Fontenay-près-Vézelay%2BFrance/,traité (2026-08-22 18:37)
https://www.google.com/maps/search/etablissement+wellness+Fontenay-Saint-Père%2BFrance/,traité (2026-08-22 18:37)
https://www.google.com/maps/search/etablissement+wellness+Fontenay-sous-Bois%2BFrance/,traité (2026-08-22 18:37)
https://www.google.com/maps/search/etablissement+wellness+Fontenay-sous-Fouronnes%2BFrance/,traité (2026-08-22 18:38)
https://www.google.com/maps/search/etablissement+wellness+Fontenay-sur-Conie%2BFrance/,traité (2026-08-22 18:38)
https://www.google.com/maps/search/etablissement+wellness+Fontenay-sur-Eure%2BFrance/,traité (2026-08-22 18:38)
https://www.google.com/maps/search/etablissement+wellness+Fontenay-sur-Loing%2BFrance/,traité (2026-08-22 18:38)
https://www.google.com/maps/search/etablissement+wellness+Fontenay-sur-Mer%2BFrance/,traité (2026-08-22 18:39)
https://www.google.com/maps/search/etablissement+wellness+Fontenay-sur-Vègre%2BFrance/,traité (2026-08-22 18:39)
https://www.google.com/maps/search/etablissement+wellness+Fontenay-Torcy%2BFrance/,traité (2026-08-22 18:40)
https://www.google.com/maps/search/etablissement+wellness+Fontenay-Trésigny%2BFrance/,traité (2026-08-22 18:42)
https://www.google.com/maps/search/etablissement+wellness+Fontenelle%2BFrance/,traité (2026-08-22 18:42)
https://www.google.com/maps/search/etablissement+wellness+Fontenelle%2BFrance/,traité (2026-08-22 18:42)
https://www.google.com/maps/search/etablissement+wellness+La Fontenelle%2BFrance/,traité (2026-08-22 18:42)
https://www.google.com/maps/search/etablissement+wellness+La Fontenelle%2BFrance/,traité (2026-08-22 18:42)
https://www.google.com/maps/search/etablissement+wellness+Fontenelle%2BFrance/,traité (2026-08-22 18:42)
https://www.google.com/maps/search/etablissement+wellness+Fontenelle-Montby%2BFrance/,traité (2026-08-22 18:42)
https://www.google.com/maps/search/etablissement+wellness+Les Fontenelles%2BFrance/,traité (2026-08-22 18:42)
https://www.google.com/maps/search/etablissement+wellness+Fontenermont%2BFrance/,traité (2026-08-22 18:42)
https://www.google.com/maps/search/etablissement+wellness+Fontenet%2BFrance/,traité (2026-08-22 18:42)
https://www.google.com/maps/search/etablissement+wellness+Fontenille%2BFrance/,traité (2026-08-22 18:43)
https://www.google.com/maps/search/etablissement+wellness+Fontenille-Saint-Martin-d'Entraigues%2BFrance/,traité (2026-08-22 18:43)
https://www.google.com/maps/search/etablissement+wellness+Fontenilles%2BFrance/,traité (2026-08-22 18:43)
https://www.google.com/maps/search/etablissement+wellness+Fontenois-la-Ville%2BFrance/,traité (2026-08-22 18:45)
https://www.google.com/maps/search/etablissement+wellness+Fontenois-lès-Montbozon%2BFrance/,traité (2026-08-22 18:45)
https://www.google.com/maps/search/etablissement+wellness+Fontenotte%2BFrance/,traité (2026-08-22 18:45)
https://www.google.com/maps/search/etablissement+wellness+Fontenoy%2BFrance/,traité (2026-08-22 18:45)
https://www.google.com/maps/search/etablissement+wellness+Fontenoy%2BFrance/,traité (2026-08-22 18:45)
https://www.google.com/maps/search/etablissement+wellness+Fontenoy-la-Joûte%2BFrance/,traité (2026-08-22 18:46)
https://www.google.com/maps/search/etablissement+wellness+Fontenoy-le-Château%2BFrance/,traité (2026-08-22 18:46)
https://www.google.com/maps/search/etablissement+wellness+Fontenoy-sur-Moselle%2BFrance/,traité (2026-08-22 18:46)
https://www.google.com/maps/search/etablissement+wellness+Fontenu%2BFrance/,traité (2026-08-22 18:47)
https://www.google.com/maps/search/etablissement+wellness+Fonteny%2BFrance/,traité (2026-08-22 18:47)
https://www.google.com/maps/search/etablissement+wellness+Fonters-du-Razès%2BFrance/,traité (2026-08-22 18:47)
https://www.google.com/maps/search/etablissement+wellness+Fontès%2BFrance/,traité (2026-08-22 18:47)
https://www.google.com/maps/search/etablissement+wellness+Fontet%2BFrance/,traité (2026-08-22 18:47)
https://www.google.com/maps/search/etablissement+wellness+Fontette%2BFrance/,traité (2026-08-22 18:49)
https://www.google.com/maps/search/etablissement+wellness+Fontevraud-l'Abbaye%2BFrance/,traité (2026-08-22 18:49)
https://www.google.com/maps/search/etablissement+wellness+Fontgombault%2BFrance/,traité (2026-08-22 18:49)
https://www.google.com/maps/search/etablissement+wellness+Fontguenand%2BFrance/,traité (2026-08-22 18:49)
https://www.google.com/maps/search/etablissement+wellness+Fontienne%2BFrance/,traité (2026-08-22 18:49)
https://www.google.com/maps/search/etablissement+wellness+Fontiers-Cabardès%2BFrance/,traité (2026-08-22 18:49)
https://www.google.com/maps/search/etablissement+wellness+Fontiès-d'Aude%2BFrance/,traité (2026-08-22 18:50)
https://www.google.com/maps/search/etablissement+wellness+Fontjoncouse%2BFrance/,traité (2026-08-22 18:50)
https://www.google.com/maps/search/etablissement+wellness+Fontoy%2BFrance/,traité (2026-08-22 18:50)
https://www.google.com/maps/search/etablissement+wellness+Fontpédrouse%2BFrance/,traité (2026-08-22 18:50)
https://www.google.com/maps/search/etablissement+wellness+Fontrabiouse%2BFrance/,traité (2026-08-22 18:51)
https://www.google.com/maps/search/etablissement+wellness+Fontrailles%2BFrance/,traité (2026-08-22 18:51)
https://www.google.com/maps/search/etablissement+wellness+Fontrieu%2BFrance/,traité (2026-08-22 18:53)
https://www.google.com/maps/search/etablissement+wellness+Fontvannes%2BFrance/,traité (2026-08-22 18:53)
https://www.google.com/maps/search/etablissement+wellness+Fontvieille%2BFrance/,traité (2026-08-22 18:53)
https://www.google.com/maps/search/etablissement+wellness+Forbach%2BFrance/,traité (2026-08-22 18:53)
https://www.google.com/maps/search/etablissement+wellness+Forcalqueiret%2BFrance/,traité (2026-08-22 18:53)
https://www.google.com/maps/search/etablissement+wellness+Forcalquier%2BFrance/,traité (2026-08-22 18:53)
https://www.google.com/maps/search/etablissement+wellness+La Force%2BFrance/,traité (2026-08-22 18:53)
https://www.google.com/maps/search/etablissement+wellness+La Force%2BFrance/,traité (2026-08-22 18:53)
https://www.google.com/maps/search/etablissement+wellness+Forcé%2BFrance/,traité (2026-08-22 18:53)
https://www.google.com/maps/search/etablissement+wellness+Forcelles-Saint-Gorgon%2BFrance/,traité (2026-08-22 18:53)
https://www.google.com/maps/search/etablissement+wellness+Forcelles-sous-Gugney%2BFrance/,traité (2026-08-22 18:54)
https://www.google.com/maps/search/etablissement+wellness+Forceville%2BFrance/,traité (2026-08-22 18:54)
https://www.google.com/maps/search/etablissement+wellness+Forceville-en-Vimeu%2BFrance/,traité (2026-08-22 18:56)
https://www.google.com/maps/search/etablissement+wellness+Forcey%2BFrance/,traité (2026-08-22 18:56)
https://www.google.com/maps/search/etablissement+wellness+Forciolo%2BFrance/,traité (2026-08-22 18:56)
https://www.google.com/maps/search/etablissement+wellness+La Forclaz%2BFrance/,traité (2026-08-22 18:56)
https://www.google.com/maps/search/etablissement+wellness+Forest-en-Cambrésis%2BFrance/,traité (2026-08-22 18:56)
https://www.google.com/maps/search/etablissement+wellness+Forest-l'Abbaye%2BFrance/,traité (2026-08-22 18:56)
https://www.google.com/maps/search/etablissement+wellness+La Forest-Landerneau%2BFrance/,traité (2026-08-22 18:56)
https://www.google.com/maps/search/etablissement+wellness+Forest-Montiers%2BFrance/,traité (2026-08-22 18:56)
https://www.google.com/maps/search/etablissement+wellness+Forest-Saint-Julien%2BFrance/,traité (2026-08-22 18:57)
https://www.google.com/maps/search/etablissement+wellness+Forest-sur-Marque%2BFrance/,traité (2026-08-22 18:57)
https://www.google.com/maps/search/etablissement+wellness+Foreste%2BFrance/,traité (2026-08-22 18:58)
https://www.google.com/maps/search/etablissement+wellness+La Forestière%2BFrance/,traité (2026-08-22 18:58)
https://www.google.com/maps/search/etablissement+wellness+La Forêt-de-Tessé%2BFrance/,traité (2026-08-22 19:00)
https://www.google.com/maps/search/etablissement+wellness+La Forêt-du-Parc%2BFrance/,traité (2026-08-22 19:00)
https://www.google.com/maps/search/etablissement+wellness+La Forêt-du-Temple%2BFrance/,traité (2026-08-22 19:00)
https://www.google.com/maps/search/etablissement+wellness+La Forêt-Fouesnant%2BFrance/,traité (2026-08-22 19:00)
https://www.google.com/maps/search/etablissement+wellness+La Forêt-le-Roi%2BFrance/,traité (2026-08-22 19:00)
https://www.google.com/maps/search/etablissement+wellness+La Forêt-Sainte-Croix%2BFrance/,traité (2026-08-22 19:00)
https://www.google.com/maps/search/etablissement+wellness+La Forêt-sur-Sèvre%2BFrance/,traité (2026-08-22 19:00)
https://www.google.com/maps/search/etablissement+wellness+Forfry%2BFrance/,traité (2026-08-22 19:00)
https://www.google.com/maps/search/etablissement+wellness+La Forge%2BFrance/,traité (2026-08-22 19:00)
https://www.google.com/maps/search/etablissement+wellness+Forges%2BFrance/,traité (2026-08-22 19:02)
https://www.google.com/maps/search/etablissement+wellness+Forges%2BFrance/,traité (2026-08-22 19:02)
https://www.google.com/maps/search/etablissement+wellness+Les Forges%2BFrance/,traité (2026-08-22 19:04)
https://www.google.com/maps/search/etablissement+wellness+Forges%2BFrance/,traité (2026-08-22 19:02)
https://www.google.com/maps/search/etablissement+wellness+Les Forges%2BFrance/,traité (2026-08-22 19:04)
https://www.google.com/maps/search/etablissement+wellness+Les Forges%2BFrance/,traité (2026-08-22 19:04)
https://www.google.com/maps/search/etablissement+wellness+Forgès%2BFrance/,traité (2026-08-22 19:04)
https://www.google.com/maps/search/etablissement+wellness+Forges-la-Forêt%2BFrance/,traité (2026-08-22 19:04)
https://www.google.com/maps/search/etablissement+wellness+Forges-les-Bains%2BFrance/,traité (2026-08-22 19:04)
https://www.google.com/maps/search/etablissement+wellness+Forges-les-Eaux%2BFrance/,traité (2026-08-22 19:04)
https://www.google.com/maps/search/etablissement+wellness+Forges-sur-Meuse%2BFrance/,traité (2026-08-22 19:04)
https://www.google.com/maps/search/etablissement+wellness+Forgues%2BFrance/,traité (2026-08-22 19:04)
https://www.google.com/maps/search/etablissement+wellness+La Forie%2BFrance/,traité (2026-08-22 19:04)
https://www.google.com/maps/search/etablissement+wellness+Forléans%2BFrance/,traité (2026-08-22 19:05)
https://www.google.com/maps/search/etablissement+wellness+Formentin%2BFrance/,traité (2026-08-22 19:05)
https://www.google.com/maps/search/etablissement+wellness+Formerie%2BFrance/,traité (2026-08-22 19:05)
https://www.google.com/maps/search/etablissement+wellness+Formigny La Bataille%2BFrance/,traité (2026-08-22 19:05)
https://www.google.com/maps/search/etablissement+wellness+Formiguères%2BFrance/,traité (2026-08-22 19:08)
https://www.google.com/maps/search/etablissement+wellness+Fornex%2BFrance/,traité (2026-08-22 19:08)
https://www.google.com/maps/search/etablissement+wellness+Fors%2BFrance/,traité (2026-08-22 19:08)
https://www.google.com/maps/search/etablissement+wellness+Forstfeld%2BFrance/,traité (2026-08-22 19:08)
https://www.google.com/maps/search/etablissement+wellness+Forstheim%2BFrance/,traité (2026-08-22 19:08)
https://www.google.com/maps/search/etablissement+wellness+Fort-de-France%2BFrance/,traité (2026-08-22 19:08)
https://www.google.com/maps/search/etablissement+wellness+Fort-du-Plasne%2BFrance/,traité (2026-08-22 19:08)
https://www.google.com/maps/search/etablissement+wellness+Fort-Louis%2BFrance/,échec (2026-08-22 19:08)
https://www.google.com/maps/search/etablissement+wellness+Fort-Mahon-Plage%2BFrance/,traité (2026-08-22 19:08)
https://www.google.com/maps/search/etablissement+wellness+Fort-Moville%2BFrance/,traité (2026-08-22 19:08)
https://www.google.com/maps/search/etablissement+wellness+Fortan%2BFrance/,traité (2026-08-22 19:08)
https://www.google.com/maps/search/etablissement+wellness+Fortel-en-Artois%2BFrance/,traité (2026-08-22 19:09)
https://www.google.com/maps/search/etablissement+wellness+La Forteresse%2BFrance/,traité (2026-08-22 19:09)
https://www.google.com/maps/search/etablissement+wellness+Fortschwihr%2BFrance/,traité (2026-08-22 19:11)
https://www.google.com/maps/search/etablissement+wellness+Fos%2BFrance/,traité (2026-08-22 19:11)
https://www.google.com/maps/search/etablissement+wellness+Fos%2BFrance/,traité (2026-08-22 19:11)
https://www.google.com/maps/search/etablissement+wellness+Fos-sur-Mer%2BFrance/,traité (2026-08-22 19:11)
https://www.google.com/maps/search/etablissement+wellness+Le Fossat%2BFrance/,traité (2026-08-22 19:11)
https://www.google.com/maps/search/etablissement+wellness+Fosse%2BFrance/,traité (2026-08-22 19:11)
https://www.google.com/maps/search/etablissement+wellness+Fossé%2BFrance/,traité (2026-08-22 19:11)
https://www.google.com/maps/search/etablissement+wellness+Fossé%2BFrance/,traité (2026-08-22 19:11)
https://www.google.com/maps/search/etablissement+wellness+La Fosse-Corduan%2BFrance/,traité (2026-08-22 19:12)
https://www.google.com/maps/search/etablissement+wellness+Fossemagne%2BFrance/,traité (2026-08-22 19:12)
https://www.google.com/maps/search/etablissement+wellness+Fossemanant%2BFrance/,traité (2026-08-22 19:12)
https://www.google.com/maps/search/etablissement+wellness+Les Fosses%2BFrance/,traité (2026-08-22 19:12)
https://www.google.com/maps/search/etablissement+wellness+Fosses%2BFrance/,traité (2026-08-22 19:15)
https://www.google.com/maps/search/etablissement+wellness+Fossès-et-Baleyssac%2BFrance/,traité (2026-08-22 19:15)
https://www.google.com/maps/search/etablissement+wellness+Fosseux%2BFrance/,traité (2026-08-22 19:15)
https://www.google.com/maps/search/etablissement+wellness+Fossieux%2BFrance/,traité (2026-08-22 19:15)
https://www.google.com/maps/search/etablissement+wellness+Fossoy%2BFrance/,traité (2026-08-22 19:15)
https://www.google.com/maps/search/etablissement+wellness+Foucarmont%2BFrance/,traité (2026-08-22 19:15)
https://www.google.com/maps/search/etablissement+wellness+Foucart%2BFrance/,traité (2026-08-22 19:15)
https://www.google.com/maps/search/etablissement+wellness+Foucaucourt-en-Santerre%2BFrance/,traité (2026-08-22 19:15)
https://www.google.com/maps/search/etablissement+wellness+Foucaucourt-Hors-Nesle%2BFrance/,traité (2026-08-22 19:15)
https://www.google.com/maps/search/etablissement+wellness+Foucaucourt-sur-Thabas%2BFrance/,traité (2026-08-22 19:16)
https://www.google.com/maps/search/etablissement+wellness+Fouchécourt%2BFrance/,traité (2026-08-22 19:16)
https://www.google.com/maps/search/etablissement+wellness+Fouchécourt%2BFrance/,traité (2026-08-22 19:16)
https://www.google.com/maps/search/etablissement+wellness+Foucherans%2BFrance/,traité (2026-08-22 19:19)
https://www.google.com/maps/search/etablissement+wellness+Foucherans%2BFrance/,traité (2026-08-22 19:19)
https://www.google.com/maps/search/etablissement+wellness+Fouchères%2BFrance/,traité (2026-08-22 19:19)
https://www.google.com/maps/search/etablissement+wellness+Fouchères%2BFrance/,traité (2026-08-22 19:19)
https://www.google.com/maps/search/etablissement+wellness+Fouchères-aux-Bois%2BFrance/,traité (2026-08-22 19:19)
https://www.google.com/maps/search/etablissement+wellness+Foucherolles%2BFrance/,traité (2026-08-22 19:19)
https://www.google.com/maps/search/etablissement+wellness+Fouchy%2BFrance/,traité (2026-08-22 19:19)
https://www.google.com/maps/search/etablissement+wellness+Foucrainville%2BFrance/,traité (2026-08-22 19:19)
https://www.google.com/maps/search/etablissement+wellness+Fouday%2BFrance/,traité (2026-08-22 19:19)
https://www.google.com/maps/search/etablissement+wellness+Fouencamps%2BFrance/,traité (2026-08-22 19:19)
https://www.google.com/maps/search/etablissement+wellness+Fouesnant%2BFrance/,
https://www.google.com/maps/search/etablissement+wellness+Foufflin-Ricametz%2BFrance/,
https://www.google.com/maps/search/etablissement+wellness+Foug%2BFrance/,
https://www.google.com/maps/search/etablissement+wellness+Fougaron%2BFrance/,
https://www.google.com/maps/search/etablissement+wellness+Fougax-et-Barrineuf%2BFrance/,
https://www.google.com/maps/search/etablissement+wellness+Fougeré%2BFrance/,
https://www.google.com/maps/search/etablissement+wellness+Fougères%2BFrance/,
https://www.google.com/maps/search/etablissement+wellness+Fougères-sur-Bièvre%2BFrance/,
https://www.google.com/maps/search/etablissement+wellness+Les Fougerêts%2BFrance/,
https://www.google.com/maps/search/etablissement+wellness+Fougerolles%2BFrance/,
https://www.google.com/maps/search/etablissement+wellness+Fougerolles%2BFrance/,
https://www.google.com/maps/search/etablissement+wellness+Fougerolles-du-Plessis%2BFrance/,
https://www.google.com/maps/search/etablissement+wellness+Fougueyrolles%2BFrance/,
https://www.google.com/maps/search/etablissement+wellness+La Fouillade%2BFrance/,
https://www.google.com/maps/search/etablissement+wellness+Fouilleuse%2BFrance/,
https://www.google.com/maps/search/etablissement+wellness+Fouillouse%2BFrance/,
https://www.google.com/maps/search/etablissement+wellness+La Fouillouse%2BFrance/,
https://www.google.com/maps/search/etablissement+wellness+Le Fouilloux%2BFrance/,
https://www.google.com/maps/search/etablissement+wellness+Fouilloy%2BFrance/,
https://www.google.com/maps/search/etablissement+wellness+Fouilloy%2BFrance/,
https://www.google.com/maps/search/etablissement+wellness+Fouju%2BFrance/,
https://www.google.com/maps/search/etablissement+wellness+Foulain%2BFrance/,
https://www.google.com/maps/search/etablissement+wellness+Foulangues%2BFrance/,
https://www.google.com/maps/search/etablissement+wellness+Foulayronnes%2BFrance/,
https://www.google.com/maps/search/etablissement+wellness+Foulbec%2BFrance/,
https://www.google.com/maps/search/etablissement+wellness+Foulcrey%2BFrance/,
https://www.google.com/maps/search/etablissement+wellness+Fouleix%2BFrance/,
https://www.google.com/maps/search/etablissement+wellness+Foulenay%2BFrance/,
https://www.google.com/maps/search/etablissement+wellness+Fouligny%2BFrance/,
https://www.google.com/maps/search/etablissement+wellness+Foulognes%2BFrance/,
https://www.google.com/maps/search/etablissement+wellness+Fouquebrune%2BFrance/,
https://www.google.com/maps/search/etablissement+wellness+Fouquenies%2BFrance/,
https://www.google.com/maps/search/etablissement+wellness+Fouquereuil%2BFrance/,
https://www.google.com/maps/search/etablissement+wellness+Fouquerolles%2BFrance/,
https://www.google.com/maps/search/etablissement+wellness+Fouquescourt%2BFrance/,
https://www.google.com/maps/search/etablissement+wellness+Fouqueure%2BFrance/,
https://www.google.com/maps/search/etablissement+wellness+Fouqueville%2BFrance/,
https://www.google.com/maps/search/etablissement+wellness+Fouquières-lès-Béthune%2BFrance/,
https://www.google.com/maps/search/etablissement+wellness+Fouquières-lès-Lens%2BFrance/,
https://www.google.com/maps/search/etablissement+wellness+Four%2BFrance/,
https://www.google.com/maps/search/etablissement+wellness+Fouras%2BFrance/,
https://www.google.com/maps/search/etablissement+wellness+Fourbanne%2BFrance/,
https://www.google.com/maps/search/etablissement+wellness+Fourcatier-et-Maison-Neuve%2BFrance/,
https://www.google.com/maps/search/etablissement+wellness+Fourcès%2BFrance/,
https://www.google.com/maps/search/etablissement+wellness+Fourchambault%2BFrance/,
https://www.google.com/maps/search/etablissement+wellness+Fourches%2BFrance/,
https://www.google.com/maps/search/etablissement+wellness+Fourcigny%2BFrance/,
https://www.google.com/maps/search/etablissement+wellness+Fourdrain%2BFrance/,traité (2026-08-22 20:51)
https://www.google.com/maps/search/etablissement+wellness+Fourdrinoy%2BFrance/,traité (2026-08-22 20:52)
https://www.google.com/maps/search/etablissement+wellness+Fourg%2BFrance/,traité (2026-08-22 20:53)
https://www.google.com/maps/search/etablissement+wellness+Les Fourgs%2BFrance/,traité (2026-08-22 20:53)
https://www.google.com/maps/search/etablissement+wellness+Fourilles%2BFrance/,traité (2026-08-22 20:56)
https://www.google.com/maps/search/etablissement+wellness+Fourmagnac%2BFrance/,traité (2026-08-22 20:56)
https://www.google.com/maps/search/etablissement+wellness+Fourmetot%2BFrance/,traité (2026-08-22 20:56)
https://www.google.com/maps/search/etablissement+wellness+Fourmies%2BFrance/,traité (2026-08-22 20:57)
https://www.google.com/maps/search/etablissement+wellness+Fournaudin%2BFrance/,traité (2026-08-22 20:58)
https://www.google.com/maps/search/etablissement+wellness+Fourneaux%2BFrance/,traité (2026-08-22 21:00)
https://www.google.com/maps/search/etablissement+wellness+Fourneaux%2BFrance/,traité (2026-08-22 21:00)
https://www.google.com/maps/search/etablissement+wellness+Fourneaux%2BFrance/,traité (2026-08-22 21:00)
https://www.google.com/maps/search/etablissement+wellness+Fourneaux-le-Val%2BFrance/,traité (2026-08-22 21:00)
https://www.google.com/maps/search/etablissement+wellness+Fournels%2BFrance/,traité (2026-08-22 21:02)
https://www.google.com/maps/search/etablissement+wellness+Fournès%2BFrance/,traité (2026-08-22 21:04)
https://www.google.com/maps/search/etablissement+wellness+Fournes-Cabardès%2BFrance/,traité (2026-08-22 21:04)
https://www.google.com/maps/search/etablissement+wellness+Fournes-en-Weppes%2BFrance/,traité (2026-08-22 21:04)
https://www.google.com/maps/search/etablissement+wellness+Le Fournet%2BFrance/,traité (2026-08-22 21:05)
https://www.google.com/maps/search/etablissement+wellness+Fournet-Blancheroche%2BFrance/,traité (2026-08-22 21:08)
https://www.google.com/maps/search/etablissement+wellness+Fournets-Luisans%2BFrance/,traité (2026-08-22 21:08)
https://www.google.com/maps/search/etablissement+wellness+Fourneville%2BFrance/,traité (2026-08-22 21:08)
https://www.google.com/maps/search/etablissement+wellness+Fournival%2BFrance/,traité (2026-08-22 21:08)
https://www.google.com/maps/search/etablissement+wellness+Fournols%2BFrance/,traité (2026-08-22 21:09)
https://www.google.com/maps/search/etablissement+wellness+Fouronnes%2BFrance/,traité (2026-08-22 21:11)
https://www.google.com/maps/search/etablissement+wellness+Fourques%2BFrance/,traité (2026-08-22 21:11)
https://www.google.com/maps/search/etablissement+wellness+Fourques%2BFrance/,traité (2026-08-22 21:11)
https://www.google.com/maps/search/etablissement+wellness+Fourques-sur-Garonne%2BFrance/,traité (2026-08-22 21:12)
https://www.google.com/maps/search/etablissement+wellness+Fourqueux%2BFrance/,traité (2026-08-22 21:13)
https://www.google.com/maps/search/etablissement+wellness+Fourquevaux%2BFrance/,traité (2026-08-22 21:15)
https://www.google.com/maps/search/etablissement+wellness+Fours%2BFrance/,traité (2026-08-22 21:15)
https://www.google.com/maps/search/etablissement+wellness+Fours%2BFrance/,traité (2026-08-22 21:15)
https://www.google.com/maps/search/etablissement+wellness+Fourtou%2BFrance/,traité (2026-08-22 21:16)
https://www.google.com/maps/search/etablissement+wellness+Foussais-Payré%2BFrance/,traité (2026-08-22 21:19)
https://www.google.com/maps/search/etablissement+wellness+Foussemagne%2BFrance/,traité (2026-08-22 21:19)
https://www.google.com/maps/search/etablissement+wellness+Le Fousseret%2BFrance/,traité (2026-08-22 21:19)
https://www.google.com/maps/search/etablissement+wellness+Foussignac%2BFrance/,traité (2026-08-22 21:20)
https://www.google.com/maps/search/etablissement+wellness+Fouvent-Saint-Andoche%2BFrance/,traité (2026-08-22 21:20)
https://www.google.com/maps/search/etablissement+wellness+Fouzilhon%2BFrance/,traité (2026-08-22 21:23)
https://www.google.com/maps/search/etablissement+wellness+Foville%2BFrance/,traité (2026-08-22 21:23)
https://www.google.com/maps/search/etablissement+wellness+Fox-Amphoux%2BFrance/,traité (2026-08-22 21:23)
https://www.google.com/maps/search/etablissement+wellness+La Foye-Monjault%2BFrance/,traité (2026-08-22 21:23)
https://www.google.com/maps/search/etablissement+wellness+Fozières%2BFrance/,traité (2026-08-22 21:24)
https://www.google.com/maps/search/etablissement+wellness+Fozzano%2BFrance/,traité (2026-08-22 21:26)
https://www.google.com/maps/search/etablissement+wellness+Fragnes-La Loyère%2BFrance/,traité (2026-08-22 21:26)
https://www.google.com/maps/search/etablissement+wellness+Frahier-et-Chatebier%2BFrance/,traité (2026-08-22 21:27)
https://www.google.com/maps/search/etablissement+wellness+Fraignot-et-Vesvrotte%2BFrance/,traité (2026-08-22 21:28)
https://www.google.com/maps/search/etablissement+wellness+Fraillicourt%2BFrance/,traité (2026-08-22 21:31)
https://www.google.com/maps/search/etablissement+wellness+Fraimbois%2BFrance/,traité (2026-08-22 21:31)
https://www.google.com/maps/search/etablissement+wellness+Frain%2BFrance/,traité (2026-08-22 21:31)
https://www.google.com/maps/search/etablissement+wellness+Frais%2BFrance/,traité (2026-08-22 21:31)
https://www.google.com/maps/search/etablissement+wellness+Fraisans%2BFrance/,traité (2026-08-22 21:32)
https://www.google.com/maps/search/etablissement+wellness+Fraisnes-en-Saintois%2BFrance/,traité (2026-08-22 21:35)
https://www.google.com/maps/search/etablissement+wellness+Fraisse%2BFrance/,traité (2026-08-22 21:35)
https://www.google.com/maps/search/etablissement+wellness+Fraisse-Cabardès%2BFrance/,traité (2026-08-22 21:35)
https://www.google.com/maps/search/etablissement+wellness+Fraissé-des-Corbières%2BFrance/,traité (2026-08-22 21:36)
https://www.google.com/maps/search/etablissement+wellness+Fraisse-sur-Agout%2BFrance/,traité (2026-08-22 21:36)
https://www.google.com/maps/search/etablissement+wellness+Fraisses%2BFrance/,traité (2026-08-22 21:39)
https://www.google.com/maps/search/etablissement+wellness+Fraissines%2BFrance/,traité (2026-08-22 21:39)
https://www.google.com/maps/search/etablissement+wellness+Fraissinet-de-Fourques%2BFrance/,traité (2026-08-22 21:39)
https://www.google.com/maps/search/etablissement+wellness+Fraize%2BFrance/,traité (2026-08-22 21:40)
https://www.google.com/maps/search/etablissement+wellness+Fralignes%2BFrance/,traité (2026-08-22 21:41)
https://www.google.com/maps/search/etablissement+wellness+La Framboisière%2BFrance/,traité (2026-08-22 21:44)
https://www.google.com/maps/search/etablissement+wellness+Frambouhans%2BFrance/,traité (2026-08-22 21:44)
https://www.google.com/maps/search/etablissement+wellness+Framecourt%2BFrance/,traité (2026-08-22 21:44)
https://www.google.com/maps/search/etablissement+wellness+Framerville-Rainecourt%2BFrance/,traité (2026-08-22 21:45)
https://www.google.com/maps/search/etablissement+wellness+Framicourt%2BFrance/,traité (2026-08-22 21:47)
https://www.google.com/maps/search/etablissement+wellness+Framont%2BFrance/,traité (2026-08-22 21:47)
https://www.google.com/maps/search/etablissement+wellness+Frampas%2BFrance/,traité (2026-08-22 21:47)
https://www.google.com/maps/search/etablissement+wellness+Francalmont%2BFrance/,traité (2026-08-22 21:48)
https://www.google.com/maps/search/etablissement+wellness+Francaltroff%2BFrance/,traité (2026-08-22 21:49)
https://www.google.com/maps/search/etablissement+wellness+Francarville%2BFrance/,traité (2026-08-22 21:52)
https://www.google.com/maps/search/etablissement+wellness+Francastel%2BFrance/,traité (2026-08-22 21:52)
https://www.google.com/maps/search/etablissement+wellness+Françay%2BFrance/,traité (2026-08-22 21:52)
https://www.google.com/maps/search/etablissement+wellness+Francazal%2BFrance/,traité (2026-08-22 21:53)
https://www.google.com/maps/search/etablissement+wellness+Francescas%2BFrance/,traité (2026-08-22 21:53)
https://www.google.com/maps/search/etablissement+wellness+Francheleins%2BFrance/,traité (2026-08-22 21:55)
https://www.google.com/maps/search/etablissement+wellness+Franchesse%2BFrance/,traité (2026-08-22 21:55)
https://www.google.com/maps/search/etablissement+wellness+Francheval%2BFrance/,traité (2026-08-22 21:55)
https://www.google.com/maps/search/etablissement+wellness+Franchevelle%2BFrance/,traité (2026-08-22 21:56)
https://www.google.com/maps/search/etablissement+wellness+La Francheville%2BFrance/,traité (2026-08-22 21:58)
https://www.google.com/maps/search/etablissement+wellness+Francheville%2BFrance/,traité (2026-08-22 22:02)
https://www.google.com/maps/search/etablissement+wellness+Francheville%2BFrance/,traité (2026-08-22 22:02)
https://www.google.com/maps/search/etablissement+wellness+Francheville%2BFrance/,traité (2026-08-22 22:02)
https://www.google.com/maps/search/etablissement+wellness+Francheville%2BFrance/,traité (2026-08-22 22:02)
https://www.google.com/maps/search/etablissement+wellness+Francheville%2BFrance/,traité (2026-08-22 22:02)
https://www.google.com/maps/search/etablissement+wellness+Francheville%2BFrance/,traité (2026-08-22 22:02)
https://www.google.com/maps/search/etablissement+wellness+Francheville%2BFrance/,traité (2026-08-22 22:02)
https://www.google.com/maps/search/etablissement+wellness+Francières%2BFrance/,traité (2026-08-22 22:04)
https://www.google.com/maps/search/etablissement+wellness+Francières%2BFrance/,traité (2026-08-22 22:04)
https://www.google.com/maps/search/etablissement+wellness+Francillon%2BFrance/,traité (2026-08-22 22:06)
https://www.google.com/maps/search/etablissement+wellness+Francillon-sur-Roubion%2BFrance/,traité (2026-08-22 22:06)
https://www.google.com/maps/search/etablissement+wellness+Francilly-Selency%2BFrance/,traité (2026-08-22 22:06)
https://www.google.com/maps/search/etablissement+wellness+Francin%2BFrance/,traité (2026-08-22 22:07)
https://www.google.com/maps/search/etablissement+wellness+Franclens%2BFrance/,traité (2026-08-22 22:10)
https://www.google.com/maps/search/etablissement+wellness+François%2BFrance/,traité (2026-08-22 22:10)
https://www.google.com/maps/search/etablissement+wellness+Le François%2BFrance/,traité (2026-08-22 22:10)
https://www.google.com/maps/search/etablissement+wellness+Francon%2BFrance/,traité (2026-08-22 22:10)
https://www.google.com/maps/search/etablissement+wellness+Franconville%2BFrance/,traité (2026-08-22 22:13)
https://www.google.com/maps/search/etablissement+wellness+Franconville%2BFrance/,traité (2026-08-22 22:13)
https://www.google.com/maps/search/etablissement+wellness+Francoulès%2BFrance/,traité (2026-08-22 22:13)
https://www.google.com/maps/search/etablissement+wellness+Francourt%2BFrance/,traité (2026-08-22 22:13)
https://www.google.com/maps/search/etablissement+wellness+Francourville%2BFrance/,traité (2026-08-22 22:13)
https://www.google.com/maps/search/etablissement+wellness+Francs%2BFrance/,traité (2026-08-22 22:14)
https://www.google.com/maps/search/etablissement+wellness+Francueil%2BFrance/,traité (2026-08-22 22:17)
https://www.google.com/maps/search/etablissement+wellness+Franey%2BFrance/,traité (2026-08-22 22:17)
https://www.google.com/maps/search/etablissement+wellness+Frangy%2BFrance/,traité (2026-08-22 22:17)
https://www.google.com/maps/search/etablissement+wellness+Frangy-en-Bresse%2BFrance/,traité (2026-08-22 22:17)
https://www.google.com/maps/search/etablissement+wellness+Franken%2BFrance/,traité (2026-08-22 22:18)
https://www.google.com/maps/search/etablissement+wellness+Franleu%2BFrance/,traité (2026-08-22 22:20)
https://www.google.com/maps/search/etablissement+wellness+Franois%2BFrance/,traité (2026-08-22 22:20)
https://www.google.com/maps/search/etablissement+wellness+Franquevielle%2BFrance/,traité (2026-08-22 22:20)
https://www.google.com/maps/search/etablissement+wellness+Franqueville%2BFrance/,
https://www.google.com/maps/search/etablissement+wellness+Franqueville%2BFrance/,
https://www.google.com/maps/search/etablissement+wellness+Franqueville%2BFrance/,
https://www.google.com/maps/search/etablissement+wellness+Franqueville-Saint-Pierre%2BFrance/,
https://www.google.com/maps/search/etablissement+wellness+Frans%2BFrance/,
https://www.google.com/maps/search/etablissement+wellness+Fransart%2BFrance/,
https://www.google.com/maps/search/etablissement+wellness+Fransèches%2BFrance/,
https://www.google.com/maps/search/etablissement+wellness+Fransu%2BFrance/,
https://www.google.com/maps/search/etablissement+wellness+Fransures%2BFrance/,
https://www.google.com/maps/search/etablissement+wellness+Franvillers%2BFrance/,
https://www.google.com/maps/search/etablissement+wellness+Franxault%2BFrance/,
https://www.google.com/maps/search/etablissement+wellness+Frapelle%2BFrance/,
https://www.google.com/maps/search/etablissement+wellness+Fraquelfing%2BFrance/,traité (2026-08-22 19:20)
https://www.google.com/maps/search/etablissement+wellness+Fraroz%2BFrance/,traité (2026-08-22 19:20)
https://www.google.com/maps/search/etablissement+wellness+Frasnay-Reugny%2BFrance/,traité (2026-08-22 19:21)
https://www.google.com/maps/search/etablissement+wellness+Frasne%2BFrance/,traité (2026-08-22 19:21)
https://www.google.com/maps/search/etablissement+wellness+Frasne-le-Château%2BFrance/,traité (2026-08-22 19:21)
https://www.google.com/maps/search/etablissement+wellness+Frasne-les-Meulières%2BFrance/,traité (2026-08-22 19:21)
https://www.google.com/maps/search/etablissement+wellness+La Frasnée%2BFrance/,traité (2026-08-22 19:22)
https://www.google.com/maps/search/etablissement+wellness+Le Frasnois%2BFrance/,traité (2026-08-22 19:22)
https://www.google.com/maps/search/etablissement+wellness+Frasnoy%2BFrance/,traité (2026-08-22 19:22)
https://www.google.com/maps/search/etablissement+wellness+Frasseto%2BFrance/,traité (2026-08-22 19:22)
https://www.google.com/maps/search/etablissement+wellness+Frauenberg%2BFrance/,traité (2026-08-22 19:22)
https://www.google.com/maps/search/etablissement+wellness+Frausseilles%2BFrance/,traité (2026-08-22 19:23)
https://www.google.com/maps/search/etablissement+wellness+Fravaux%2BFrance/,traité (2026-08-22 19:23)
https://www.google.com/maps/search/etablissement+wellness+Le Fraysse%2BFrance/,traité (2026-08-22 19:23)
https://www.google.com/maps/search/etablissement+wellness+Frayssinet%2BFrance/,traité (2026-08-22 19:23)
https://www.google.com/maps/search/etablissement+wellness+Frayssinet-le-Gélat%2BFrance/,traité (2026-08-22 19:23)
https://www.google.com/maps/search/etablissement+wellness+Frayssinhes%2BFrance/,traité (2026-08-22 19:23)
https://www.google.com/maps/search/etablissement+wellness+Frazé%2BFrance/,traité (2026-08-22 19:25)
https://www.google.com/maps/search/etablissement+wellness+Fréauville%2BFrance/,traité (2026-08-22 19:25)
https://www.google.com/maps/search/etablissement+wellness+Frebécourt%2BFrance/,traité (2026-08-22 19:25)
https://www.google.com/maps/search/etablissement+wellness+Frébuans%2BFrance/,traité (2026-08-22 19:25)
https://www.google.com/maps/search/etablissement+wellness+Le Frêche%2BFrance/,traité (2026-08-22 19:25)
https://www.google.com/maps/search/etablissement+wellness+Fréchède%2BFrance/,traité (2026-08-22 19:25)
https://www.google.com/maps/search/etablissement+wellness+Fréchencourt%2BFrance/,traité (2026-08-22 19:25)
https://www.google.com/maps/search/etablissement+wellness+Fréchendets%2BFrance/,traité (2026-08-22 19:26)
https://www.google.com/maps/search/etablissement+wellness+Le Fréchet%2BFrance/,traité (2026-08-22 19:26)
https://www.google.com/maps/search/etablissement+wellness+Fréchet-Aure%2BFrance/,traité (2026-08-22 19:26)
https://www.google.com/maps/search/etablissement+wellness+Fréchou%2BFrance/,traité (2026-08-22 19:26)
https://www.google.com/maps/search/etablissement+wellness+Fréchou-Fréchet%2BFrance/,traité (2026-08-22 19:27)
https://www.google.com/maps/search/etablissement+wellness+Frécourt%2BFrance/,traité (2026-08-22 19:27)
https://www.google.com/maps/search/etablissement+wellness+Frédéric-Fontaine%2BFrance/,traité (2026-08-22 19:27)
https://www.google.com/maps/search/etablissement+wellness+La Frédière%2BFrance/,traité (2026-08-22 19:27)
https://www.google.com/maps/search/etablissement+wellness+Frédille%2BFrance/,traité (2026-08-22 19:28)
https://www.google.com/maps/search/etablissement+wellness+Frégimont%2BFrance/,traité (2026-08-22 19:30)
https://www.google.com/maps/search/etablissement+wellness+Frégouville%2BFrance/,traité (2026-08-22 19:30)
https://www.google.com/maps/search/etablissement+wellness+Fréhel%2BFrance/,traité (2026-08-22 19:30)
https://www.google.com/maps/search/etablissement+wellness+Freigné%2BFrance/,traité (2026-08-22 19:30)
https://www.google.com/maps/search/etablissement+wellness+Freissinières%2BFrance/,traité (2026-08-22 19:30)
https://www.google.com/maps/search/etablissement+wellness+La Freissinouse%2BFrance/,traité (2026-08-22 19:30)
https://www.google.com/maps/search/etablissement+wellness+Freistroff%2BFrance/,traité (2026-08-22 19:30)
https://www.google.com/maps/search/etablissement+wellness+Freix-Anglards%2BFrance/,traité (2026-08-22 19:30)
https://www.google.com/maps/search/etablissement+wellness+Fréjairolles%2BFrance/,traité (2026-08-22 19:30)
https://www.google.com/maps/search/etablissement+wellness+Fréjeville%2BFrance/,traité (2026-08-22 19:30)
https://www.google.com/maps/search/etablissement+wellness+Fréjus%2BFrance/,traité (2026-08-22 19:30)
https://www.google.com/maps/search/etablissement+wellness+Fréland%2BFrance/,traité (2026-08-22 19:30)
https://www.google.com/maps/search/etablissement+wellness+Frelinghien%2BFrance/,traité (2026-08-22 19:30)
https://www.google.com/maps/search/etablissement+wellness+Frémainville%2BFrance/,traité (2026-08-22 19:30)
https://www.google.com/maps/search/etablissement+wellness+Frémécourt%2BFrance/,échec (2026-08-22 19:31)
https://www.google.com/maps/search/etablissement+wellness+Fréménil%2BFrance/,échec (2026-08-22 19:31)
https://www.google.com/maps/search/etablissement+wellness+Frémeréville-sous-les-Côtes%2BFrance/,traité (2026-08-22 19:31)
https://www.google.com/maps/search/etablissement+wellness+Frémery%2BFrance/,traité (2026-08-22 19:33)
https://www.google.com/maps/search/etablissement+wellness+Frémestroff%2BFrance/,traité (2026-08-22 19:33)
https://www.google.com/maps/search/etablissement+wellness+Frémicourt%2BFrance/,traité (2026-08-22 19:33)
https://www.google.com/maps/search/etablissement+wellness+Fremifontaine%2BFrance/,traité (2026-08-22 19:33)
https://www.google.com/maps/search/etablissement+wellness+Frémontiers%2BFrance/,traité (2026-08-22 19:33)
https://www.google.com/maps/search/etablissement+wellness+Frémonville%2BFrance/,traité (2026-08-22 19:33)
https://www.google.com/maps/search/etablissement+wellness+La Frénaye%2BFrance/,traité (2026-08-22 19:33)
https://www.google.com/maps/search/etablissement+wellness+Frencq%2BFrance/,traité (2026-08-22 19:33)
https://www.google.com/maps/search/etablissement+wellness+Frenelle-la-Grande%2BFrance/,traité (2026-08-22 19:33)
https://www.google.com/maps/search/etablissement+wellness+Frenelle-la-Petite%2BFrance/,traité (2026-08-22 19:33)
https://www.google.com/maps/search/etablissement+wellness+Freneuse%2BFrance/,traité (2026-08-22 19:33)
https://www.google.com/maps/search/etablissement+wellness+Freneuse%2BFrance/,traité (2026-08-22 19:33)
https://www.google.com/maps/search/etablissement+wellness+Freneuse-sur-Risle%2BFrance/,traité (2026-08-22 19:34)
https://www.google.com/maps/search/etablissement+wellness+Freney%2BFrance/,traité (2026-08-22 19:34)
https://www.google.com/maps/search/etablissement+wellness+Le Freney-d'Oisans%2BFrance/,traité (2026-08-22 19:34)
https://www.google.com/maps/search/etablissement+wellness+Fréniches%2BFrance/,traité (2026-08-22 19:35)
https://www.google.com/maps/search/etablissement+wellness+Frénois%2BFrance/,traité (2026-08-22 19:37)
https://www.google.com/maps/search/etablissement+wellness+Frénois%2BFrance/,traité (2026-08-22 19:37)
https://www.google.com/maps/search/etablissement+wellness+Frénouville%2BFrance/,traité (2026-08-22 19:37)
https://www.google.com/maps/search/etablissement+wellness+Frépillon%2BFrance/,traité (2026-08-22 19:37)
https://www.google.com/maps/search/etablissement+wellness+Fresles%2BFrance/,traité (2026-08-22 19:37)
https://www.google.com/maps/search/etablissement+wellness+La Fresnaie-Fayel%2BFrance/,traité (2026-08-22 19:37)
https://www.google.com/maps/search/etablissement+wellness+La Fresnais%2BFrance/,traité (2026-08-22 19:37)
https://www.google.com/maps/search/etablissement+wellness+Fresnay%2BFrance/,traité (2026-08-22 19:37)
https://www.google.com/maps/search/etablissement+wellness+Fresnay-l'Évêque%2BFrance/,traité (2026-08-22 19:37)
https://www.google.com/maps/search/etablissement+wellness+Fresnay-le-Comte%2BFrance/,traité (2026-08-22 19:37)
https://www.google.com/maps/search/etablissement+wellness+Fresnay-le-Gilmert%2BFrance/,traité (2026-08-22 19:37)
https://www.google.com/maps/search/etablissement+wellness+Fresnay-le-Long%2BFrance/,traité (2026-08-22 19:37)
https://www.google.com/maps/search/etablissement+wellness+Fresnay-le-Samson%2BFrance/,traité (2026-08-22 19:38)
https://www.google.com/maps/search/etablissement+wellness+Fresnay-sur-Sarthe%2BFrance/,traité (2026-08-22 19:38)
https://www.google.com/maps/search/etablissement+wellness+Le Fresne%2BFrance/,traité (2026-08-22 19:38)
https://www.google.com/maps/search/etablissement+wellness+Le Fresne%2BFrance/,traité (2026-08-22 19:38)
https://www.google.com/maps/search/etablissement+wellness+Le Fresne-Camilly%2BFrance/,traité (2026-08-22 19:41)
https://www.google.com/maps/search/etablissement+wellness+Fresne-Cauverville%2BFrance/,traité (2026-08-22 19:41)
https://www.google.com/maps/search/etablissement+wellness+Fresne-l'Archevêque%2BFrance/,traité (2026-08-22 19:41)
https://www.google.com/maps/search/etablissement+wellness+Fresné-la-Mère%2BFrance/,traité (2026-08-22 19:41)
https://www.google.com/maps/search/etablissement+wellness+Fresne-le-Plan%2BFrance/,traité (2026-08-22 19:41)
https://www.google.com/maps/search/etablissement+wellness+Fresne-Léguillon%2BFrance/,traité (2026-08-22 19:41)
https://www.google.com/maps/search/etablissement+wellness+Fresne-lès-Reims%2BFrance/,traité (2026-08-22 19:41)
https://www.google.com/maps/search/etablissement+wellness+Le Fresne-Poret%2BFrance/,traité (2026-08-22 19:41)
https://www.google.com/maps/search/etablissement+wellness+Fresne-Saint-Mamès%2BFrance/,traité (2026-08-22 19:41)
https://www.google.com/maps/search/etablissement+wellness+Fresneaux-Montchevreuil%2BFrance/,traité (2026-08-22 19:41)
https://www.google.com/maps/search/etablissement+wellness+Fresnes%2BFrance/,traité (2026-08-22 19:41)
https://www.google.com/maps/search/etablissement+wellness+Fresnes%2BFrance/,traité (2026-08-22 19:41)
https://www.google.com/maps/search/etablissement+wellness+Fresnes%2BFrance/,traité (2026-08-22 19:41)
https://www.google.com/maps/search/etablissement+wellness+Fresnes%2BFrance/,traité (2026-08-22 19:41)
https://www.google.com/maps/search/etablissement+wellness+Fresnes-au-Mont%2BFrance/,traité (2026-08-22 19:41)
https://www.google.com/maps/search/etablissement+wellness+Fresnes-en-Saulnois%2BFrance/,traité (2026-08-22 19:41)
https://www.google.com/maps/search/etablissement+wellness+Fresnes-en-Tardenois%2BFrance/,traité (2026-08-22 19:42)
https://www.google.com/maps/search/etablissement+wellness+Fresnes-en-Woëvre%2BFrance/,traité (2026-08-22 19:42)
https://www.google.com/maps/search/etablissement+wellness+Fresnes-lès-Montauban%2BFrance/,traité (2026-08-22 19:44)
https://www.google.com/maps/search/etablissement+wellness+Fresnes-Mazancourt%2BFrance/,traité (2026-08-22 19:44)
https://www.google.com/maps/search/etablissement+wellness+Fresnes-sous-Coucy%2BFrance/,traité (2026-08-22 19:44)
https://www.google.com/maps/search/etablissement+wellness+Fresnes-sur-Apance%2BFrance/,traité (2026-08-22 19:44)
https://www.google.com/maps/search/etablissement+wellness+Fresnes-sur-Escaut%2BFrance/,traité (2026-08-22 19:44)
https://www.google.com/maps/search/etablissement+wellness+Fresnes-sur-Marne%2BFrance/,traité (2026-08-22 19:44)
https://www.google.com/maps/search/etablissement+wellness+Fresnes-Tilloloy%2BFrance/,traité (2026-08-22 19:44)
https://www.google.com/maps/search/etablissement+wellness+Fresneville%2BFrance/,traité (2026-08-22 19:44)
https://www.google.com/maps/search/etablissement+wellness+Fresney%2BFrance/,traité (2026-08-22 19:44)
https://www.google.com/maps/search/etablissement+wellness+Fresney-le-Puceux%2BFrance/,traité (2026-08-22 19:44)
https://www.google.com/maps/search/etablissement+wellness+Fresney-le-Vieux%2BFrance/,traité (2026-08-22 19:44)
https://www.google.com/maps/search/etablissement+wellness+Fresnicourt-le-Dolmen%2BFrance/,échec (2026-08-22 19:45)
https://www.google.com/maps/search/etablissement+wellness+Fresnières%2BFrance/,traité (2026-08-22 19:45)
https://www.google.com/maps/search/etablissement+wellness+Fresnois-la-Montagne%2BFrance/,traité (2026-08-22 19:45)
https://www.google.com/maps/search/etablissement+wellness+Fresnoy%2BFrance/,traité (2026-08-22 19:46)
https://www.google.com/maps/search/etablissement+wellness+Fresnoy-Andainville%2BFrance/,traité (2026-08-22 19:46)
https://www.google.com/maps/search/etablissement+wellness+Fresnoy-au-Val%2BFrance/,traité (2026-08-22 19:46)
https://www.google.com/maps/search/etablissement+wellness+Fresnoy-en-Chaussée%2BFrance/,traité (2026-08-22 19:48)
https://www.google.com/maps/search/etablissement+wellness+Fresnoy-en-Gohelle%2BFrance/,traité (2026-08-22 19:48)
https://www.google.com/maps/search/etablissement+wellness+Fresnoy-en-Thelle%2BFrance/,traité (2026-08-22 19:48)
https://www.google.com/maps/search/etablissement+wellness+Fresnoy-Folny%2BFrance/,traité (2026-08-22 19:48)
https://www.google.com/maps/search/etablissement+wellness+Fresnoy-la-Rivière%2BFrance/,traité (2026-08-22 19:48)
https://www.google.com/maps/search/etablissement+wellness+Fresnoy-le-Château%2BFrance/,traité (2026-08-22 19:48)
https://www.google.com/maps/search/etablissement+wellness+Fresnoy-le-Grand%2BFrance/,traité (2026-08-22 19:48)
https://www.google.com/maps/search/etablissement+wellness+Fresnoy-le-Luat%2BFrance/,traité (2026-08-22 19:48)
https://www.google.com/maps/search/etablissement+wellness+Fresnoy-lès-Roye%2BFrance/,traité (2026-08-22 19:48)
https://www.google.com/maps/search/etablissement+wellness+Frespech%2BFrance/,traité (2026-08-22 19:49)
https://www.google.com/maps/search/etablissement+wellness+Fresquiennes%2BFrance/,traité (2026-08-22 19:49)
https://www.google.com/maps/search/etablissement+wellness+Fressac%2BFrance/,traité (2026-08-22 19:49)
https://www.google.com/maps/search/etablissement+wellness+Fressain%2BFrance/,traité (2026-08-22 19:49)
https://www.google.com/maps/search/etablissement+wellness+Fressancourt%2BFrance/,traité (2026-08-22 19:50)
https://www.google.com/maps/search/etablissement+wellness+Fresse%2BFrance/,traité (2026-08-22 19:50)
https://www.google.com/maps/search/etablissement+wellness+Fresse-sur-Moselle%2BFrance/,traité (2026-08-22 19:50)
https://www.google.com/maps/search/etablissement+wellness+Fresselines%2BFrance/,traité (2026-08-22 19:50)
https://www.google.com/maps/search/etablissement+wellness+Fressenneville%2BFrance/,traité (2026-08-22 19:52)
https://www.google.com/maps/search/etablissement+wellness+Fressies%2BFrance/,traité (2026-08-22 19:52)
https://www.google.com/maps/search/etablissement+wellness+Fressin%2BFrance/,traité (2026-08-22 19:52)
https://www.google.com/maps/search/etablissement+wellness+Fressines%2BFrance/,traité (2026-08-22 19:52)
https://www.google.com/maps/search/etablissement+wellness+Le Frestoy-Vaux%2BFrance/,traité (2026-08-22 19:52)
https://www.google.com/maps/search/etablissement+wellness+Fresville%2BFrance/,traité (2026-08-22 19:52)
https://www.google.com/maps/search/etablissement+wellness+Fréterive%2BFrance/,traité (2026-08-22 19:52)
https://www.google.com/maps/search/etablissement+wellness+Fréteval%2BFrance/,traité (2026-08-22 19:52)
https://www.google.com/maps/search/etablissement+wellness+Fréthun%2BFrance/,traité (2026-08-22 19:52)
https://www.google.com/maps/search/etablissement+wellness+Fretigney-et-Velloreille%2BFrance/,traité (2026-08-22 19:52)
https://www.google.com/maps/search/etablissement+wellness+Frétigny%2BFrance/,traité (2026-08-22 19:53)
https://www.google.com/maps/search/etablissement+wellness+Fretin%2BFrance/,traité (2026-08-22 19:53)
https://www.google.com/maps/search/etablissement+wellness+Frétoy%2BFrance/,traité (2026-08-22 19:53)
https://www.google.com/maps/search/etablissement+wellness+Frétoy-le-Château%2BFrance/,traité (2026-08-22 19:54)
https://www.google.com/maps/search/etablissement+wellness+La Frette%2BFrance/,traité (2026-08-22 19:54)
https://www.google.com/maps/search/etablissement+wellness+La Frette%2BFrance/,traité (2026-08-22 19:54)
https://www.google.com/maps/search/etablissement+wellness+La Frette-sur-Seine%2BFrance/,traité (2026-08-22 19:56)
https://www.google.com/maps/search/etablissement+wellness+Frettecuisse%2BFrance/,traité (2026-08-22 19:56)
https://www.google.com/maps/search/etablissement+wellness+Frettemeule%2BFrance/,traité (2026-08-22 19:56)
https://www.google.com/maps/search/etablissement+wellness+Fretterans%2BFrance/,traité (2026-08-22 19:56)
https://www.google.com/maps/search/etablissement+wellness+Le Fréty%2BFrance/,traité (2026-08-22 19:56)
https://www.google.com/maps/search/etablissement+wellness+Freulleville%2BFrance/,traité (2026-08-22 19:56)
https://www.google.com/maps/search/etablissement+wellness+Frévent%2BFrance/,traité (2026-08-22 19:56)
https://www.google.com/maps/search/etablissement+wellness+Fréville%2BFrance/,traité (2026-08-22 19:56)
https://www.google.com/maps/search/etablissement+wellness+Fréville-du-Gâtinais%2BFrance/,traité (2026-08-22 19:56)
https://www.google.com/maps/search/etablissement+wellness+Frévillers%2BFrance/,échec (2026-08-22 19:56)
https://www.google.com/maps/search/etablissement+wellness+Frévin-Capelle%2BFrance/,traité (2026-08-22 19:56)
https://www.google.com/maps/search/etablissement+wellness+Freybouse%2BFrance/,traité (2026-08-22 19:57)
https://www.google.com/maps/search/etablissement+wellness+Freycenet-la-Cuche%2BFrance/,traité (2026-08-22 19:57)
https://www.google.com/maps/search/etablissement+wellness+Freycenet-la-Tour%2BFrance/,traité (2026-08-22 19:57)
https://www.google.com/maps/search/etablissement+wellness+Freychenet%2BFrance/,traité (2026-08-22 19:58)
https://www.google.com/maps/search/etablissement+wellness+Freyming-Merlebach%2BFrance/,traité (2026-08-22 19:58)
https://www.google.com/maps/search/etablissement+wellness+Freyssenet%2BFrance/,traité (2026-08-22 19:58)
https://www.google.com/maps/search/etablissement+wellness+Friaize%2BFrance/,traité (2026-08-22 20:00)
https://www.google.com/maps/search/etablissement+wellness+Friaucourt%2BFrance/,traité (2026-08-22 20:00)
https://www.google.com/maps/search/etablissement+wellness+Friauville%2BFrance/,traité (2026-08-22 20:00)
https://www.google.com/maps/search/etablissement+wellness+Fribourg%2BFrance/,traité (2026-08-22 20:00)
https://www.google.com/maps/search/etablissement+wellness+Fricamps%2BFrance/,traité (2026-08-22 20:00)
https://www.google.com/maps/search/etablissement+wellness+Frichemesnil%2BFrance/,traité (2026-08-22 20:00)
https://www.google.com/maps/search/etablissement+wellness+Fricourt%2BFrance/,traité (2026-08-22 20:00)
https://www.google.com/maps/search/etablissement+wellness+Fridefont%2BFrance/,traité (2026-08-22 20:00)
https://www.google.com/maps/search/etablissement+wellness+Friedolsheim%2BFrance/,traité (2026-08-22 20:00)
https://www.google.com/maps/search/etablissement+wellness+Frières-Faillouël%2BFrance/,traité (2026-08-22 20:00)
https://www.google.com/maps/search/etablissement+wellness+Friesen%2BFrance/,traité (2026-08-22 20:01)
https://www.google.com/maps/search/etablissement+wellness+Friesenheim%2BFrance/,traité (2026-08-22 20:01)
https://www.google.com/maps/search/etablissement+wellness+Frignicourt%2BFrance/,traité (2026-08-22 20:01)
https://www.google.com/maps/search/etablissement+wellness+Frise%2BFrance/,traité (2026-08-22 20:01)
https://www.google.com/maps/search/etablissement+wellness+Friville-Escarbotin%2BFrance/,traité (2026-08-22 20:01)
https://www.google.com/maps/search/etablissement+wellness+Frizon%2BFrance/,traité (2026-08-22 20:02)
https://www.google.com/maps/search/etablissement+wellness+Froberville%2BFrance/,traité (2026-08-22 20:04)
https://www.google.com/maps/search/etablissement+wellness+Frocourt%2BFrance/,traité (2026-08-22 20:04)
https://www.google.com/maps/search/etablissement+wellness+Frœningen%2BFrance/,traité (2026-08-22 20:04)
https://www.google.com/maps/search/etablissement+wellness+Frœschwiller%2BFrance/,traité (2026-08-22 20:04)
https://www.google.com/maps/search/etablissement+wellness+Froges%2BFrance/,traité (2026-08-22 20:04)
https://www.google.com/maps/search/etablissement+wellness+Frohen-sur-Authie%2BFrance/,traité (2026-08-22 20:04)
https://www.google.com/maps/search/etablissement+wellness+Frohmuhl%2BFrance/,traité (2026-08-22 20:04)
https://www.google.com/maps/search/etablissement+wellness+Froideconche%2BFrance/,échec (2026-08-22 20:04)
https://www.google.com/maps/search/etablissement+wellness+Froidefontaine%2BFrance/,traité (2026-08-22 20:04)
https://www.google.com/maps/search/etablissement+wellness+Froidestrées%2BFrance/,traité (2026-08-22 20:04)
https://www.google.com/maps/search/etablissement+wellness+Froideterre%2BFrance/,traité (2026-08-22 20:04)
https://www.google.com/maps/search/etablissement+wellness+Froidevaux%2BFrance/,traité (2026-08-22 20:04)
https://www.google.com/maps/search/etablissement+wellness+Froidfond%2BFrance/,traité (2026-08-22 20:04)
https://www.google.com/maps/search/etablissement+wellness+Froidmont-Cohartille%2BFrance/,traité (2026-08-22 20:05)
https://www.google.com/maps/search/etablissement+wellness+Froidos%2BFrance/,traité (2026-08-22 20:05)
https://www.google.com/maps/search/etablissement+wellness+Froissy%2BFrance/,traité (2026-08-22 20:05)
https://www.google.com/maps/search/etablissement+wellness+Frolois%2BFrance/,traité (2026-08-22 20:05)
https://www.google.com/maps/search/etablissement+wellness+Frôlois%2BFrance/,traité (2026-08-22 20:07)
https://www.google.com/maps/search/etablissement+wellness+Fromelennes%2BFrance/,traité (2026-08-22 20:07)
https://www.google.com/maps/search/etablissement+wellness+Fromelles%2BFrance/,traité (2026-08-22 20:07)
https://www.google.com/maps/search/etablissement+wellness+Fromental%2BFrance/,traité (2026-08-22 20:07)
https://www.google.com/maps/search/etablissement+wellness+Fromentières%2BFrance/,traité (2026-08-22 20:07)
https://www.google.com/maps/search/etablissement+wellness+Fromentières%2BFrance/,traité (2026-08-22 20:07)
https://www.google.com/maps/search/etablissement+wellness+Fromeréville-les-Vallons%2BFrance/,traité (2026-08-22 20:07)
https://www.google.com/maps/search/etablissement+wellness+Fromezey%2BFrance/,traité (2026-08-22 20:08)
https://www.google.com/maps/search/etablissement+wellness+Fromont%2BFrance/,traité (2026-08-22 20:08)
https://www.google.com/maps/search/etablissement+wellness+Fromy%2BFrance/,traité (2026-08-22 20:08)
https://www.google.com/maps/search/etablissement+wellness+Froncles%2BFrance/,traité (2026-08-22 20:08)
https://www.google.com/maps/search/etablissement+wellness+Fronsac%2BFrance/,traité (2026-08-22 20:08)
https://www.google.com/maps/search/etablissement+wellness+Fronsac%2BFrance/,traité (2026-08-22 20:08)
https://www.google.com/maps/search/etablissement+wellness+Frontenac%2BFrance/,traité (2026-08-22 20:09)
https://www.google.com/maps/search/etablissement+wellness+Frontenac%2BFrance/,traité (2026-08-22 20:09)
https://www.google.com/maps/search/etablissement+wellness+Frontenard%2BFrance/,traité (2026-08-22 20:09)
https://www.google.com/maps/search/etablissement+wellness+Frontenas%2BFrance/,traité (2026-08-22 20:09)
https://www.google.com/maps/search/etablissement+wellness+Frontenaud%2BFrance/,traité (2026-08-22 20:11)
https://www.google.com/maps/search/etablissement+wellness+Frontenay%2BFrance/,traité (2026-08-22 20:11)
https://www.google.com/maps/search/etablissement+wellness+Frontenay-Rohan-Rohan%2BFrance/,traité (2026-08-22 20:11)
https://www.google.com/maps/search/etablissement+wellness+Frontenex%2BFrance/,traité (2026-08-22 20:11)
https://www.google.com/maps/search/etablissement+wellness+Frontignan%2BFrance/,traité (2026-08-22 20:11)
https://www.google.com/maps/search/etablissement+wellness+Frontignan-de-Comminges%2BFrance/,traité (2026-08-22 20:11)
https://www.google.com/maps/search/etablissement+wellness+Frontignan-Savès%2BFrance/,traité (2026-08-22 20:11)
https://www.google.com/maps/search/etablissement+wellness+Fronton%2BFrance/,traité (2026-08-22 20:11)
https://www.google.com/maps/search/etablissement+wellness+Frontonas%2BFrance/,traité (2026-08-22 20:11)
https://www.google.com/maps/search/etablissement+wellness+Fronville%2BFrance/,traité (2026-08-22 20:12)
https://www.google.com/maps/search/etablissement+wellness+Frossay%2BFrance/,traité (2026-08-22 20:12)
https://www.google.com/maps/search/etablissement+wellness+Frotey-lès-Lure%2BFrance/,échec (2026-08-22 20:12)
https://www.google.com/maps/search/etablissement+wellness+Frotey-lès-Vesoul%2BFrance/,traité (2026-08-22 20:12)
https://www.google.com/maps/search/etablissement+wellness+Frouard%2BFrance/,traité (2026-08-22 20:13)
https://www.google.com/maps/search/etablissement+wellness+Frouville%2BFrance/,traité (2026-08-22 20:13)
https://www.google.com/maps/search/etablissement+wellness+Frouzins%2BFrance/,traité (2026-08-22 20:13)
https://www.google.com/maps/search/etablissement+wellness+Froville%2BFrance/,traité (2026-08-22 20:16)
https://www.google.com/maps/search/etablissement+wellness+Froyelles%2BFrance/,traité (2026-08-22 20:16)
https://www.google.com/maps/search/etablissement+wellness+Frozes%2BFrance/,traité (2026-08-22 20:16)
https://www.google.com/maps/search/etablissement+wellness+Frucourt%2BFrance/,traité (2026-08-22 20:16)
https://www.google.com/maps/search/etablissement+wellness+Frugerès-les-Mines%2BFrance/,traité (2026-08-22 20:16)
https://www.google.com/maps/search/etablissement+wellness+Fruges%2BFrance/,traité (2026-08-22 20:16)
https://www.google.com/maps/search/etablissement+wellness+Frugières-le-Pin%2BFrance/,traité (2026-08-22 20:16)
https://www.google.com/maps/search/etablissement+wellness+Fruncé%2BFrance/,traité (2026-08-22 20:16)
https://www.google.com/maps/search/etablissement+wellness+Fry%2BFrance/,traité (2026-08-22 20:16)
https://www.google.com/maps/search/etablissement+wellness+Fuans%2BFrance/,traité (2026-08-22 20:16)
https://www.google.com/maps/search/etablissement+wellness+Fublaines%2BFrance/,traité (2026-08-22 20:16)
https://www.google.com/maps/search/etablissement+wellness+Le Fugeret%2BFrance/,traité (2026-08-22 20:16)
https://www.google.com/maps/search/etablissement+wellness+Fuilla%2BFrance/,traité (2026-08-22 20:16)
https://www.google.com/maps/search/etablissement+wellness+Fuissé%2BFrance/,traité (2026-08-22 20:16)
https://www.google.com/maps/search/etablissement+wellness+Fuligny%2BFrance/,traité (2026-08-22 20:17)
https://www.google.com/maps/search/etablissement+wellness+Fulleren%2BFrance/,traité (2026-08-22 20:17)
https://www.google.com/maps/search/etablissement+wellness+Fultot%2BFrance/,traité (2026-08-22 20:17)
https://www.google.com/maps/search/etablissement+wellness+Fulvy%2BFrance/,traité (2026-08-22 20:19)
https://www.google.com/maps/search/etablissement+wellness+Fumay%2BFrance/,traité (2026-08-22 20:19)
https://www.google.com/maps/search/etablissement+wellness+Fumel%2BFrance/,traité (2026-08-22 20:19)
https://www.google.com/maps/search/etablissement+wellness+Fumichon%2BFrance/,traité (2026-08-22 20:19)
https://www.google.com/maps/search/etablissement+wellness+Furchhausen%2BFrance/,traité (2026-08-22 20:19)
https://www.google.com/maps/search/etablissement+wellness+Furdenheim%2BFrance/,traité (2026-08-22 20:19)
https://www.google.com/maps/search/etablissement+wellness+Furiani%2BFrance/,traité (2026-08-22 20:19)
https://www.google.com/maps/search/etablissement+wellness+Furmeyer%2BFrance/,traité (2026-08-22 20:19)
https://www.google.com/maps/search/etablissement+wellness+Fursac%2BFrance/,traité (2026-08-22 20:19)
https://www.google.com/maps/search/etablissement+wellness+Fussey%2BFrance/,traité (2026-08-22 20:20)
https://www.google.com/maps/search/etablissement+wellness+Fussy%2BFrance/,traité (2026-08-22 20:20)
https://www.google.com/maps/search/etablissement+wellness+Fustérouau%2BFrance/,traité (2026-08-22 20:20)
https://www.google.com/maps/search/etablissement+wellness+Fustignac%2BFrance/,traité (2026-08-22 20:21)
https://www.google.com/maps/search/etablissement+wellness+Futeau%2BFrance/,traité (2026-08-22 20:21)
https://www.google.com/maps/search/etablissement+wellness+Fuveau%2BFrance/,traité (2026-08-22 20:21)
https://www.google.com/maps/search/etablissement+wellness+Fyé%2BFrance/,traité (2026-08-22 20:21)
https://www.google.com/maps/search/etablissement+wellness+Gaas%2BFrance/,traité (2026-08-22 20:24)
https://www.google.com/maps/search/etablissement+wellness+Gabarnac%2BFrance/,traité (2026-08-22 20:24)
https://www.google.com/maps/search/etablissement+wellness+Gabarret%2BFrance/,traité (2026-08-22 20:24)
https://www.google.com/maps/search/etablissement+wellness+Gabaston%2BFrance/,traité (2026-08-22 20:24)
https://www.google.com/maps/search/etablissement+wellness+Gabat%2BFrance/,traité (2026-08-22 20:24)
https://www.google.com/maps/search/etablissement+wellness+Gabian%2BFrance/,traité (2026-08-22 20:24)
https://www.google.com/maps/search/etablissement+wellness+Gabillou%2BFrance/,traité (2026-08-22 20:24)
https://www.google.com/maps/search/etablissement+wellness+Gabre%2BFrance/,traité (2026-08-22 20:24)
https://www.google.com/maps/search/etablissement+wellness+Gabriac%2BFrance/,traité (2026-08-22 20:24)
https://www.google.com/maps/search/etablissement+wellness+Gabriac%2BFrance/,traité (2026-08-22 20:24)
https://www.google.com/maps/search/etablissement+wellness+Gabrias%2BFrance/,traité (2026-08-22 20:24)
https://www.google.com/maps/search/etablissement+wellness+Gacé%2BFrance/,traité (2026-08-22 20:24)
https://www.google.com/maps/search/etablissement+wellness+La Gacilly%2BFrance/,traité (2026-08-22 20:24)
https://www.google.com/maps/search/etablissement+wellness+Gâcogne%2BFrance/,traité (2026-08-22 20:24)
https://www.google.com/maps/search/etablissement+wellness+Gadancourt%2BFrance/,traité (2026-08-22 20:24)
https://www.google.com/maps/search/etablissement+wellness+Gadencourt%2BFrance/,traité (2026-08-22 20:24)
https://www.google.com/maps/search/etablissement+wellness+Gaël%2BFrance/,traité (2026-08-22 20:24)
https://www.google.com/maps/search/etablissement+wellness+Gageac-et-Rouillac%2BFrance/,traité (2026-08-22 20:26)
https://www.google.com/maps/search/etablissement+wellness+Gagnac-sur-Cère%2BFrance/,traité (2026-08-22 20:26)
https://www.google.com/maps/search/etablissement+wellness+Gagnac-sur-Garonne%2BFrance/,traité (2026-08-22 20:26)
https://www.google.com/maps/search/etablissement+wellness+Gagnières%2BFrance/,traité (2026-08-22 20:27)
https://www.google.com/maps/search/etablissement+wellness+Gagny%2BFrance/,traité (2026-08-22 20:27)
https://www.google.com/maps/search/etablissement+wellness+Gahard%2BFrance/,traité (2026-08-22 20:27)
https://www.google.com/maps/search/etablissement+wellness+Gailhan%2BFrance/,traité (2026-08-22 20:27)
https://www.google.com/maps/search/etablissement+wellness+Gaillac%2BFrance/,traité (2026-08-22 20:27)
https://www.google.com/maps/search/etablissement+wellness+Gaillac-d'Aveyron%2BFrance/,traité (2026-08-22 20:27)
https://www.google.com/maps/search/etablissement+wellness+Gaillac-Toulza%2BFrance/,traité (2026-08-22 20:27)
https://www.google.com/maps/search/etablissement+wellness+Gaillagos%2BFrance/,traité (2026-08-22 20:27)
https://www.google.com/maps/search/etablissement+wellness+Gaillan-en-Médoc%2BFrance/,traité (2026-08-22 20:27)
https://www.google.com/maps/search/etablissement+wellness+Gaillard%2BFrance/,traité (2026-08-22 20:27)
https://www.google.com/maps/search/etablissement+wellness+Gaillardbois-Cressenville%2BFrance/,traité (2026-08-22 20:27)
https://www.google.com/maps/search/etablissement+wellness+La Gaillarde%2BFrance/,traité (2026-08-22 20:27)
https://www.google.com/maps/search/etablissement+wellness+Gaillefontaine%2BFrance/,traité (2026-08-22 20:28)
https://www.google.com/maps/search/etablissement+wellness+Gaillères%2BFrance/,traité (2026-08-22 20:28)
https://www.google.com/maps/search/etablissement+wellness+Gaillon%2BFrance/,traité (2026-08-22 20:30)
https://www.google.com/maps/search/etablissement+wellness+Gaillon-sur-Montcient%2BFrance/,traité (2026-08-22 20:30)
https://www.google.com/maps/search/etablissement+wellness+Gainneville%2BFrance/,traité (2026-08-22 20:30)
https://www.google.com/maps/search/etablissement+wellness+Gaja-et-Villedieu%2BFrance/,traité (2026-08-22 20:30)
https://www.google.com/maps/search/etablissement+wellness+Gaja-la-Selve%2BFrance/,traité (2026-08-22 20:30)
https://www.google.com/maps/search/etablissement+wellness+Gajac%2BFrance/,traité (2026-08-22 20:30)
https://www.google.com/maps/search/etablissement+wellness+Gajan%2BFrance/,traité (2026-08-22 20:30)
https://www.google.com/maps/search/etablissement+wellness+Gajan%2BFrance/,traité (2026-08-22 20:30)
https://www.google.com/maps/search/etablissement+wellness+Gajoubert%2BFrance/,traité (2026-08-22 20:30)
https://www.google.com/maps/search/etablissement+wellness+Galametz%2BFrance/,traité (2026-08-22 20:30)
https://www.google.com/maps/search/etablissement+wellness+Galan%2BFrance/,traité (2026-08-22 20:31)
https://www.google.com/maps/search/etablissement+wellness+Galapian%2BFrance/,échec (2026-08-22 20:31)
https://www.google.com/maps/search/etablissement+wellness+Galargues%2BFrance/,traité (2026-08-22 20:32)
https://www.google.com/maps/search/etablissement+wellness+Galéria%2BFrance/,traité (2026-08-22 20:32)
https://www.google.com/maps/search/etablissement+wellness+Galey%2BFrance/,traité (2026-08-22 20:34)
https://www.google.com/maps/search/etablissement+wellness+Galez%2BFrance/,traité (2026-08-22 20:34)
https://www.google.com/maps/search/etablissement+wellness+Galfingue%2BFrance/,traité (2026-08-22 20:34)
https://www.google.com/maps/search/etablissement+wellness+Galgan%2BFrance/,traité (2026-08-22 20:34)
https://www.google.com/maps/search/etablissement+wellness+Galgon%2BFrance/,traité (2026-08-22 20:34)
https://www.google.com/maps/search/etablissement+wellness+Galiax%2BFrance/,traité (2026-08-22 20:34)
https://www.google.com/maps/search/etablissement+wellness+Galié%2BFrance/,traité (2026-08-22 20:34)
https://www.google.com/maps/search/etablissement+wellness+Galinagues%2BFrance/,traité (2026-08-22 20:34)
https://www.google.com/maps/search/etablissement+wellness+Gallardon%2BFrance/,traité (2026-08-22 20:35)
https://www.google.com/maps/search/etablissement+wellness+Gallargues-le-Montueux%2BFrance/,traité (2026-08-22 20:35)
https://www.google.com/maps/search/etablissement+wellness+Le Gallet%2BFrance/,traité (2026-08-22 20:35)
https://www.google.com/maps/search/etablissement+wellness+Galluis%2BFrance/,traité (2026-08-22 20:35)
https://www.google.com/maps/search/etablissement+wellness+Gamaches%2BFrance/,traité (2026-08-22 20:38)
https://www.google.com/maps/search/etablissement+wellness+Gamaches-en-Vexin%2BFrance/,traité (2026-08-22 20:38)
https://www.google.com/maps/search/etablissement+wellness+Gamarde-les-Bains%2BFrance/,traité (2026-08-22 20:38)
https://www.google.com/maps/search/etablissement+wellness+Gamarthe%2BFrance/,traité (2026-08-22 20:38)
https://www.google.com/maps/search/etablissement+wellness+Gambais%2BFrance/,traité (2026-08-22 20:38)
https://www.google.com/maps/search/etablissement+wellness+Gambaiseuil%2BFrance/,traité (2026-08-22 20:38)
https://www.google.com/maps/search/etablissement+wellness+Gambsheim%2BFrance/,traité (2026-08-22 20:38)
https://www.google.com/maps/search/etablissement+wellness+Gan%2BFrance/,traité (2026-08-22 20:38)
https://www.google.com/maps/search/etablissement+wellness+Ganac%2BFrance/,traité (2026-08-22 20:38)
https://www.google.com/maps/search/etablissement+wellness+Ganagobie%2BFrance/,traité (2026-08-22 20:39)
https://www.google.com/maps/search/etablissement+wellness+Gancourt-Saint-Étienne%2BFrance/,traité (2026-08-22 20:39)
https://www.google.com/maps/search/etablissement+wellness+Gandelain%2BFrance/,traité (2026-08-22 20:40)
https://www.google.com/maps/search/etablissement+wellness+Gandelu%2BFrance/,traité (2026-08-22 20:40)
https://www.google.com/maps/search/etablissement+wellness+Gandrange%2BFrance/,traité (2026-08-22 20:42)
https://www.google.com/maps/search/etablissement+wellness+Ganges%2BFrance/,traité (2026-08-22 20:42)
https://www.google.com/maps/search/etablissement+wellness+Gannat%2BFrance/,traité (2026-08-22 20:42)
https://www.google.com/maps/search/etablissement+wellness+Gannay-sur-Loire%2BFrance/,traité (2026-08-22 20:42)
https://www.google.com/maps/search/etablissement+wellness+Gannes%2BFrance/,traité (2026-08-22 20:42)
https://www.google.com/maps/search/etablissement+wellness+Gans%2BFrance/,traité (2026-08-22 20:42)
https://www.google.com/maps/search/etablissement+wellness+Ganties%2BFrance/,traité (2026-08-22 20:42)
https://www.google.com/maps/search/etablissement+wellness+Ganzeville%2BFrance/,traité (2026-08-22 20:43)
https://www.google.com/maps/search/etablissement+wellness+Gap%2BFrance/,traité (2026-08-22 20:43)
https://www.google.com/maps/search/etablissement+wellness+Gapennes%2BFrance/,traité (2026-08-22 20:43)
https://www.google.com/maps/search/etablissement+wellness+Gâprée%2BFrance/,traité (2026-08-22 20:43)
https://www.google.com/maps/search/etablissement+wellness+Garac%2BFrance/,traité (2026-08-22 20:43)
https://www.google.com/maps/search/etablissement+wellness+Garancières%2BFrance/,traité (2026-08-22 20:43)
https://www.google.com/maps/search/etablissement+wellness+Garancières-en-Beauce%2BFrance/,traité (2026-08-22 20:45)
https://www.google.com/maps/search/etablissement+wellness+Garancières-en-Drouais%2BFrance/,traité (2026-08-22 20:45)
https://www.google.com/maps/search/etablissement+wellness+Garanou%2BFrance/,traité (2026-08-22 20:45)
https://www.google.com/maps/search/etablissement+wellness+Garat%2BFrance/,traité (2026-08-22 20:45)
https://www.google.com/maps/search/etablissement+wellness+Garcelles-Secqueville%2BFrance/,traité (2026-08-22 20:45)
https://www.google.com/maps/search/etablissement+wellness+Garches%2BFrance/,traité (2026-08-22 20:45)
https://www.google.com/maps/search/etablissement+wellness+Garchizy%2BFrance/,traité (2026-08-22 20:46)
https://www.google.com/maps/search/etablissement+wellness+Garchy%2BFrance/,traité (2026-08-22 20:46)
https://www.google.com/maps/search/etablissement+wellness+Gardanne%2BFrance/,traité (2026-08-22 20:46)
https://www.google.com/maps/search/etablissement+wellness+La Garde%2BFrance/,traité (2026-08-22 20:47)
https://www.google.com/maps/search/etablissement+wellness+La Garde%2BFrance/,traité (2026-08-22 20:47)
https://www.google.com/maps/search/etablissement+wellness+La Garde%2BFrance/,traité (2026-08-22 20:47)
https://www.google.com/maps/search/etablissement+wellness+La Garde-Adhémar%2BFrance/,traité (2026-08-22 20:49)
https://www.google.com/maps/search/etablissement+wellness+Garde-Colombe%2BFrance/,traité (2026-08-22 20:49)
https://www.google.com/maps/search/etablissement+wellness+La Garde-Freinet%2BFrance/,traité (2026-08-22 20:49)
https://www.google.com/maps/search/etablissement+wellness+Gardefort%2BFrance/,traité (2026-08-22 20:49)
https://www.google.com/maps/search/etablissement+wellness+Gardegan-et-Tourtirac%2BFrance/,traité (2026-08-22 20:49)
https://www.google.com/maps/search/etablissement+wellness+Gardères%2BFrance/,traité (2026-08-22 20:49)
https://www.google.com/maps/search/etablissement+wellness+Gardes-le-Pontaroux%2BFrance/,traité (2026-08-22 20:49)
https://www.google.com/maps/search/etablissement+wellness+Gardie%2BFrance/,traité (2026-08-22 20:49)
https://www.google.com/maps/search/etablissement+wellness+Gardonne%2BFrance/,traité (2026-08-22 20:50)
https://www.google.com/maps/search/etablissement+wellness+Gardouch%2BFrance/,
https://www.google.com/maps/search/etablissement+wellness+Garein%2BFrance/,
https://www.google.com/maps/search/etablissement+wellness+La Garenne-Colombes%2BFrance/,
https://www.google.com/maps/search/etablissement+wellness+Les Garennes sur Loire%2BFrance/,
https://www.google.com/maps/search/etablissement+wellness+Garennes-sur-Eure%2BFrance/,
https://www.google.com/maps/search/etablissement+wellness+Garentreville%2BFrance/,
https://www.google.com/maps/search/etablissement+wellness+Garéoult%2BFrance/,
https://www.google.com/maps/search/etablissement+wellness+Garganvillar%2BFrance/,
https://www.google.com/maps/search/etablissement+wellness+Gargas%2BFrance/,
https://www.google.com/maps/search/etablissement+wellness+Gargas%2BFrance/,
https://www.google.com/maps/search/etablissement+wellness+Gargenville%2BFrance/,
https://www.google.com/maps/search/etablissement+wellness+Garges-lès-Gonesse%2BFrance/,
https://www.google.com/maps/search/etablissement+wellness+Gargilesse-Dampierre%2BFrance/,
https://www.google.com/maps/search/etablissement+wellness+Garidech%2BFrance/,
https://www.google.com/maps/search/etablissement+wellness+Gariès%2BFrance/,
https://www.google.com/maps/search/etablissement+wellness+Garigny%2BFrance/,
https://www.google.com/maps/search/etablissement+wellness+Garin%2BFrance/,
https://www.google.com/maps/search/etablissement+wellness+Garindein%2BFrance/,
https://www.google.com/maps/search/etablissement+wellness+Garlan%2BFrance/,
https://www.google.com/maps/search/etablissement+wellness+Garlède-Mondebat%2BFrance/,
https://www.google.com/maps/search/etablissement+wellness+Garlin%2BFrance/,
https://www.google.com/maps/search/etablissement+wellness+Le Garn%2BFrance/,
https://www.google.com/maps/search/etablissement+wellness+La Garnache%2BFrance/,
https://www.google.com/maps/search/etablissement+wellness+Garnat-sur-Engièvre%2BFrance/,
https://www.google.com/maps/search/etablissement+wellness+Garnay%2BFrance/,
https://www.google.com/maps/search/etablissement+wellness+Garnerans%2BFrance/,
https://www.google.com/maps/search/etablissement+wellness+Garons%2BFrance/,
https://www.google.com/maps/search/etablissement+wellness+Garos%2BFrance/,
https://www.google.com/maps/search/etablissement+wellness+Garravet%2BFrance/,
https://www.google.com/maps/search/etablissement+wellness+Garrebourg%2BFrance/,
https://www.google.com/maps/search/etablissement+wellness+Garrevaques%2BFrance/,
https://www.google.com/maps/search/etablissement+wellness+Garrey%2BFrance/,
https://www.google.com/maps/search/etablissement+wellness+Le Garric%2BFrance/,
https://www.google.com/maps/search/etablissement+wellness+Garrigues%2BFrance/,
https://www.google.com/maps/search/etablissement+wellness+Garrigues%2BFrance/,
https://www.google.com/maps/search/etablissement+wellness+Garrigues-Sainte-Eulalie%2BFrance/,
https://www.google.com/maps/search/etablissement+wellness+Garris%2BFrance/,
https://www.google.com/maps/search/etablissement+wellness+Garrosse%2BFrance/,
https://www.google.com/maps/search/etablissement+wellness+Gars%2BFrance/,
https://www.google.com/maps/search/etablissement+wellness+Gartempe%2BFrance/,
https://www.google.com/maps/search/etablissement+wellness+Gas%2BFrance/,
https://www.google.com/maps/search/etablissement+wellness+Gasny%2BFrance/,
https://www.google.com/maps/search/etablissement+wellness+Gasques%2BFrance/,
https://www.google.com/maps/search/etablissement+wellness+Gassin%2BFrance/,
https://www.google.com/maps/search/etablissement+wellness+Le Gast%2BFrance/,
https://www.google.com/maps/search/etablissement+wellness+Gastes%2BFrance/,
https://www.google.com/maps/search/etablissement+wellness+Gastines%2BFrance/,
https://www.google.com/maps/search/etablissement+wellness+Gastins%2BFrance/,
https://www.google.com/maps/search/etablissement+wellness+Gasville-Oisème%2BFrance/,
https://www.google.com/maps/search/etablissement+wellness+Gatey%2BFrance/,
https://www.google.com/maps/search/etablissement+wellness+Gathemo%2BFrance/,
https://www.google.com/maps/search/etablissement+wellness+Gatteville-le-Phare%2BFrance/,
https://www.google.com/maps/search/etablissement+wellness+Gattières%2BFrance/,
https://www.google.com/maps/search/etablissement+wellness+Gatuzières%2BFrance/,
https://www.google.com/maps/search/etablissement+wellness+Gaubertin%2BFrance/,
https://www.google.com/maps/search/etablissement+wellness+La Gaubretière%2BFrance/,
https://www.google.com/maps/search/etablissement+wellness+Gauchin-Légal%2BFrance/,
https://www.google.com/maps/search/etablissement+wellness+Gauchin-Verloingt%2BFrance/,
https://www.google.com/maps/search/etablissement+wellness+Gauchy%2BFrance/,
https://www.google.com/maps/search/etablissement+wellness+Gauciel%2BFrance/,
https://www.google.com/maps/search/etablissement+wellness+La Gaudaine%2BFrance/,
https://www.google.com/maps/search/etablissement+wellness+La Gaude%2BFrance/,
https://www.google.com/maps/search/etablissement+wellness+Gaudechart%2BFrance/,
https://www.google.com/maps/search/etablissement+wellness+Gaudent%2BFrance/,
https://www.google.com/maps/search/etablissement+wellness+Gaudiempré%2BFrance/,
https://www.google.com/maps/search/etablissement+wellness+Gaudiès%2BFrance/,
https://www.google.com/maps/search/etablissement+wellness+Gaudonville%2BFrance/,
https://www.google.com/maps/search/etablissement+wellness+Gaudreville-la-Rivière%2BFrance/,
https://www.google.com/maps/search/etablissement+wellness+Gaugeac%2BFrance/,
https://www.google.com/maps/search/etablissement+wellness+Gaujac%2BFrance/,
https://www.google.com/maps/search/etablissement+wellness+Gaujac%2BFrance/,
https://www.google.com/maps/search/etablissement+wellness+Gaujac%2BFrance/,
https://www.google.com/maps/search/etablissement+wellness+Gaujacq%2BFrance/,
https://www.google.com/maps/search/etablissement+wellness+Gaujan%2BFrance/,
https://www.google.com/maps/search/etablissement+wellness+Le Gault-du-Perche%2BFrance/,
https://www.google.com/maps/search/etablissement+wellness+Le Gault-Saint-Denis%2BFrance/,
https://www.google.com/maps/search/etablissement+wellness+Le Gault-Soigny%2BFrance/,
https://www.google.com/maps/search/etablissement+wellness+Gauré%2BFrance/,
https://www.google.com/maps/search/etablissement+wellness+Gauriac%2BFrance/,
https://www.google.com/maps/search/etablissement+wellness+Gauriaguet%2BFrance/,
https://www.google.com/maps/search/etablissement+wellness+Gaussan%2BFrance/,
https://www.google.com/maps/search/etablissement+wellness+Gausson%2BFrance/,
https://www.google.com/maps/search/etablissement+wellness+Gauville%2BFrance/,
https://www.google.com/maps/search/etablissement+wellness+Gauville-la-Campagne%2BFrance/,
https://www.google.com/maps/search/etablissement+wellness+Gavarnie-Gèdre%2BFrance/,
https://www.google.com/maps/search/etablissement+wellness+Gavarret-sur-Aulouste%2BFrance/,
https://www.google.com/maps/search/etablissement+wellness+Gavaudun%2BFrance/,
https://www.google.com/maps/search/etablissement+wellness+Gavignano%2BFrance/,
https://www.google.com/maps/search/etablissement+wellness+Gavisse%2BFrance/,
https://www.google.com/maps/search/etablissement+wellness+Gavray%2BFrance/,
https://www.google.com/maps/search/etablissement+wellness+Le Gâvre%2BFrance/,
https://www.google.com/maps/search/etablissement+wellness+Gavrelle%2BFrance/,
https://www.google.com/maps/search/etablissement+wellness+Gâvres%2BFrance/,
https://www.google.com/maps/search/etablissement+wellness+Gavrus%2BFrance/,
https://www.google.com/maps/search/etablissement+wellness+Gayan%2BFrance/,
https://www.google.com/maps/search/etablissement+wellness+Gaye%2BFrance/,
https://www.google.com/maps/search/etablissement+wellness+Gayon%2BFrance/,
https://www.google.com/maps/search/etablissement+wellness+Gazaupouy%2BFrance/,
https://www.google.com/maps/search/etablissement+wellness+Gazave%2BFrance/,
https://www.google.com/maps/search/etablissement+wellness+Gazax-et-Baccarisse%2BFrance/,
https://www.google.com/maps/search/etablissement+wellness+Gazeran%2BFrance/,
https://www.google.com/maps/search/etablissement+wellness+Gazost%2BFrance/,
https://www.google.com/maps/search/etablissement+wellness+Geaune%2BFrance/,
https://www.google.com/maps/search/etablissement+wellness+Geay%2BFrance/,
https://www.google.com/maps/search/etablissement+wellness+Geay%2BFrance/,
https://www.google.com/maps/search/etablissement+wellness+Gée-Rivière%2BFrance/,
https://www.google.com/maps/search/etablissement+wellness+Geffosses%2BFrance/,
https://www.google.com/maps/search/etablissement+wellness+Géfosse-Fontenay%2BFrance/,
https://www.google.com/maps/search/etablissement+wellness+Gehée%2BFrance/,
https://www.google.com/maps/search/etablissement+wellness+Geishouse%2BFrance/,
https://www.google.com/maps/search/etablissement+wellness+Geispitzen%2BFrance/,
https://www.google.com/maps/search/etablissement+wellness+Geispolsheim%2BFrance/,
https://www.google.com/maps/search/etablissement+wellness+Geiswasser%2BFrance/,
https://www.google.com/maps/search/etablissement+wellness+Geiswiller-Zœbersdorf%2BFrance/,
https://www.google.com/maps/search/etablissement+wellness+Gélacourt%2BFrance/,
https://www.google.com/maps/search/etablissement+wellness+Gélannes%2BFrance/,
https://www.google.com/maps/search/etablissement+wellness+Gélaucourt%2BFrance/,
https://www.google.com/maps/search/etablissement+wellness+Gellainville%2BFrance/,
https://www.google.com/maps/search/etablissement+wellness+Gellenoncourt%2BFrance/,
https://www.google.com/maps/search/etablissement+wellness+Gelles%2BFrance/,
https://www.google.com/maps/search/etablissement+wellness+Gellin%2BFrance/,
https://www.google.com/maps/search/etablissement+wellness+Gelos%2BFrance/,
https://www.google.com/maps/search/etablissement+wellness+Geloux%2BFrance/,
https://www.google.com/maps/search/etablissement+wellness+Gelucourt%2BFrance/,
https://www.google.com/maps/search/etablissement+wellness+Gelvécourt-et-Adompt%2BFrance/,
https://www.google.com/maps/search/etablissement+wellness+Gemaingoutte%2BFrance/,
https://www.google.com/maps/search/etablissement+wellness+Gembrie%2BFrance/,
https://www.google.com/maps/search/etablissement+wellness+Gemeaux%2BFrance/,
https://www.google.com/maps/search/etablissement+wellness+Gémenos%2BFrance/,
https://www.google.com/maps/search/etablissement+wellness+Gémigny%2BFrance/,
https://www.google.com/maps/search/etablissement+wellness+Gémil%2BFrance/,
https://www.google.com/maps/search/etablissement+wellness+Gemmelaincourt%2BFrance/,
https://www.google.com/maps/search/etablissement+wellness+Gémonval%2BFrance/,
https://www.google.com/maps/search/etablissement+wellness+Gémonville%2BFrance/,
https://www.google.com/maps/search/etablissement+wellness+Gémozac%2BFrance/,
https://www.google.com/maps/search/etablissement+wellness+Genac-Bignac%2BFrance/,
https://www.google.com/maps/search/etablissement+wellness+Genainville%2BFrance/,
https://www.google.com/maps/search/etablissement+wellness+Genas%2BFrance/,
https://www.google.com/maps/search/etablissement+wellness+Génat%2BFrance/,
https://www.google.com/maps/search/etablissement+wellness+Genay%2BFrance/,
https://www.google.com/maps/search/etablissement+wellness+Genay%2BFrance/,
https://www.google.com/maps/search/etablissement+wellness+Gençay%2BFrance/,
https://www.google.com/maps/search/etablissement+wellness+Gendreville%2BFrance/,
https://www.google.com/maps/search/etablissement+wellness+Gendrey%2BFrance/,
https://www.google.com/maps/search/etablissement+wellness+Génébrières%2BFrance/,
https://www.google.com/maps/search/etablissement+wellness+Genech%2BFrance/,
https://www.google.com/maps/search/etablissement+wellness+Génelard%2BFrance/,
https://www.google.com/maps/search/etablissement+wellness+Générac%2BFrance/,
https://www.google.com/maps/search/etablissement+wellness+Générac%2BFrance/,
https://www.google.com/maps/search/etablissement+wellness+Générargues%2BFrance/,
https://www.google.com/maps/search/etablissement+wellness+Générest%2BFrance/,
https://www.google.com/maps/search/etablissement+wellness+Generville%2BFrance/,
https://www.google.com/maps/search/etablissement+wellness+Le Genest-Saint-Isle%2BFrance/,
https://www.google.com/maps/search/etablissement+wellness+Genestelle%2BFrance/,
https://www.google.com/maps/search/etablissement+wellness+Geneston%2BFrance/,
https://www.google.com/maps/search/etablissement+wellness+La Genête%2BFrance/,
https://www.google.com/maps/search/etablissement+wellness+La Genétouze%2BFrance/,
https://www.google.com/maps/search/etablissement+wellness+La Genétouze%2BFrance/,
https://www.google.com/maps/search/etablissement+wellness+Genêts%2BFrance/,
https://www.google.com/maps/search/etablissement+wellness+Les Genettes%2BFrance/,
https://www.google.com/maps/search/etablissement+wellness+Geneuille%2BFrance/,
https://www.google.com/maps/search/etablissement+wellness+La Genevraie%2BFrance/,
https://www.google.com/maps/search/etablissement+wellness+La Genevraye%2BFrance/,
https://www.google.com/maps/search/etablissement+wellness+Genevreuille%2BFrance/,
https://www.google.com/maps/search/etablissement+wellness+Genevrey%2BFrance/,
https://www.google.com/maps/search/etablissement+wellness+Genevrières%2BFrance/,
https://www.google.com/maps/search/etablissement+wellness+La Genevroye%2BFrance/,
https://www.google.com/maps/search/etablissement+wellness+Geney%2BFrance/,
https://www.google.com/maps/search/etablissement+wellness+La Geneytouse%2BFrance/,
https://www.google.com/maps/search/etablissement+wellness+Génicourt%2BFrance/,
https://www.google.com/maps/search/etablissement+wellness+Génicourt-sur-Meuse%2BFrance/,
https://www.google.com/maps/search/etablissement+wellness+Genilac%2BFrance/,
https://www.google.com/maps/search/etablissement+wellness+Genillé%2BFrance/,
https://www.google.com/maps/search/etablissement+wellness+Génis%2BFrance/,
https://www.google.com/maps/search/etablissement+wellness+Génissac%2BFrance/,
https://www.google.com/maps/search/etablissement+wellness+Génissieux%2BFrance/,
https://www.google.com/maps/search/etablissement+wellness+Genlis%2BFrance/,
https://www.google.com/maps/search/etablissement+wellness+Gennes%2BFrance/,
https://www.google.com/maps/search/etablissement+wellness+Gennes%2BFrance/,
https://www.google.com/maps/search/etablissement+wellness+Gennes-Ivergny%2BFrance/,
https://www.google.com/maps/search/etablissement+wellness+Gennes-sur-Glaize%2BFrance/,
https://www.google.com/maps/search/etablissement+wellness+Gennes-sur-Seiche%2BFrance/,
https://www.google.com/maps/search/etablissement+wellness+Gennes-Val-de-Loire%2BFrance/,
https://www.google.com/maps/search/etablissement+wellness+Genneteil%2BFrance/,
https://www.google.com/maps/search/etablissement+wellness+Gennetines%2BFrance/,
https://www.google.com/maps/search/etablissement+wellness+Genneton%2BFrance/,
https://www.google.com/maps/search/etablissement+wellness+Genneville%2BFrance/,
https://www.google.com/maps/search/etablissement+wellness+Gennevilliers%2BFrance/,
https://www.google.com/maps/search/etablissement+wellness+Genod%2BFrance/,
https://www.google.com/maps/search/etablissement+wellness+Génolhac%2BFrance/,
https://www.google.com/maps/search/etablissement+wellness+Génos%2BFrance/,
https://www.google.com/maps/search/etablissement+wellness+Génos%2BFrance/,
https://www.google.com/maps/search/etablissement+wellness+Genouillac%2BFrance/,
https://www.google.com/maps/search/etablissement+wellness+Genouillac%2BFrance/,
https://www.google.com/maps/search/etablissement+wellness+Genouillé%2BFrance/,
https://www.google.com/maps/search/etablissement+wellness+Genouillé%2BFrance/,
https://www.google.com/maps/search/etablissement+wellness+Genouilleux%2BFrance/,
https://www.google.com/maps/search/etablissement+wellness+Genouilly%2BFrance/,
https://www.google.com/maps/search/etablissement+wellness+Genouilly%2BFrance/,
https://www.google.com/maps/search/etablissement+wellness+Gensac%2BFrance/,
https://www.google.com/maps/search/etablissement+wellness+Gensac%2BFrance/,
https://www.google.com/maps/search/etablissement+wellness+Gensac%2BFrance/,
https://www.google.com/maps/search/etablissement+wellness+Gensac-de-Boulogne%2BFrance/,
https://www.google.com/maps/search/etablissement+wellness+Gensac-la-Pallue%2BFrance/,
https://www.google.com/maps/search/etablissement+wellness+Gensac-sur-Garonne%2BFrance/,
https://www.google.com/maps/search/etablissement+wellness+Genté%2BFrance/,
https://www.google.com/maps/search/etablissement+wellness+Gentelles%2BFrance/,
https://www.google.com/maps/search/etablissement+wellness+Gentilly%2BFrance/,
https://www.google.com/maps/search/etablissement+wellness+Gentioux-Pigerolles%2BFrance/,
https://www.google.com/maps/search/etablissement+wellness+Genvry%2BFrance/,
https://www.google.com/maps/search/etablissement+wellness+Georfans%2BFrance/,
https://www.google.com/maps/search/etablissement+wellness+Géovreisset%2BFrance/,
https://www.google.com/maps/search/etablissement+wellness+Ger%2BFrance/,
https://www.google.com/maps/search/etablissement+wellness+Ger%2BFrance/,
https://www.google.com/maps/search/etablissement+wellness+Ger%2BFrance/,
https://www.google.com/maps/search/etablissement+wellness+Geraise%2BFrance/,
https://www.google.com/maps/search/etablissement+wellness+Gérardmer%2BFrance/,
https://www.google.com/maps/search/etablissement+wellness+Géraudot%2BFrance/,
https://www.google.com/maps/search/etablissement+wellness+Gerbaix%2BFrance/,
https://www.google.com/maps/search/etablissement+wellness+Gerbamont%2BFrance/,
https://www.google.com/maps/search/etablissement+wellness+Gerbécourt%2BFrance/,
https://www.google.com/maps/search/etablissement+wellness+Gerbécourt-et-Haplemont%2BFrance/,
https://www.google.com/maps/search/etablissement+wellness+Gerbépal%2BFrance/,
https://www.google.com/maps/search/etablissement+wellness+Gerberoy%2BFrance/,
https://www.google.com/maps/search/etablissement+wellness+Gerbéviller%2BFrance/,
https://www.google.com/maps/search/etablissement+wellness+Gercourt-et-Drillancourt%2BFrance/,
https://www.google.com/maps/search/etablissement+wellness+Gercy%2BFrance/,
https://www.google.com/maps/search/etablissement+wellness+Gerde%2BFrance/,
https://www.google.com/maps/search/etablissement+wellness+Gerderest%2BFrance/,
https://www.google.com/maps/search/etablissement+wellness+Gère-Bélesten%2BFrance/,
https://www.google.com/maps/search/etablissement+wellness+Gergny%2BFrance/,
https://www.google.com/maps/search/etablissement+wellness+Gergueil%2BFrance/,
https://www.google.com/maps/search/etablissement+wellness+Gergy%2BFrance/,
https://www.google.com/maps/search/etablissement+wellness+Gerland%2BFrance/,
https://www.google.com/maps/search/etablissement+wellness+Germ%2BFrance/,
https://www.google.com/maps/search/etablissement+wellness+Germagnat%2BFrance/,
https://www.google.com/maps/search/etablissement+wellness+Germagny%2BFrance/,
https://www.google.com/maps/search/etablissement+wellness+Germaine%2BFrance/,
https://www.google.com/maps/search/etablissement+wellness+Germaine%2BFrance/,
https://www.google.com/maps/search/etablissement+wellness+Germaines%2BFrance/,
https://www.google.com/maps/search/etablissement+wellness+Germainville%2BFrance/,
https://www.google.com/maps/search/etablissement+wellness+Germainvilliers%2BFrance/,
https://www.google.com/maps/search/etablissement+wellness+Germay%2BFrance/,
https://www.google.com/maps/search/etablissement+wellness+Germéfontaine%2BFrance/,
https://www.google.com/maps/search/etablissement+wellness+Germenay%2BFrance/,
https://www.google.com/maps/search/etablissement+wellness+Germignac%2BFrance/,
https://www.google.com/maps/search/etablissement+wellness+Germigney%2BFrance/,
https://www.google.com/maps/search/etablissement+wellness+Germigney%2BFrance/,
https://www.google.com/maps/search/etablissement+wellness+Germigny%2BFrance/,
https://www.google.com/maps/search/etablissement+wellness+Germigny%2BFrance/,
https://www.google.com/maps/search/etablissement+wellness+Germigny-des-Prés%2BFrance/,
https://www.google.com/maps/search/etablissement+wellness+Germigny-l'Évêque%2BFrance/,
https://www.google.com/maps/search/etablissement+wellness+Germigny-l'Exempt%2BFrance/,
https://www.google.com/maps/search/etablissement+wellness+Germigny-sous-Coulombs%2BFrance/,
https://www.google.com/maps/search/etablissement+wellness+Germigny-sur-Loire%2BFrance/,
https://www.google.com/maps/search/etablissement+wellness+Germinon%2BFrance/,
https://www.google.com/maps/search/etablissement+wellness+Germiny%2BFrance/,
https://www.google.com/maps/search/etablissement+wellness+Germisay%2BFrance/,
https://www.google.com/maps/search/etablissement+wellness+Germolles-sur-Grosne%2BFrance/,
https://www.google.com/maps/search/etablissement+wellness+Germond-Rouvre%2BFrance/,
https://www.google.com/maps/search/etablissement+wellness+Germondans%2BFrance/,
https://www.google.com/maps/search/etablissement+wellness+Germont%2BFrance/,
https://www.google.com/maps/search/etablissement+wellness+Germonville%2BFrance/,
https://www.google.com/maps/search/etablissement+wellness+Germs-sur-l'Oussouet%2BFrance/,
https://www.google.com/maps/search/etablissement+wellness+Gernelle%2BFrance/,
https://www.google.com/maps/search/etablissement+wellness+Gernicourt%2BFrance/,
https://www.google.com/maps/search/etablissement+wellness+Géronce%2BFrance/,
https://www.google.com/maps/search/etablissement+wellness+Gerponville%2BFrance/,
https://www.google.com/maps/search/etablissement+wellness+Gerrots%2BFrance/,
https://www.google.com/maps/search/etablissement+wellness+Gerstheim%2BFrance/,
https://www.google.com/maps/search/etablissement+wellness+Gertwiller%2BFrance/,
https://www.google.com/maps/search/etablissement+wellness+Geruge%2BFrance/,
https://www.google.com/maps/search/etablissement+wellness+Gervans%2BFrance/,
https://www.google.com/maps/search/etablissement+wellness+Gerville%2BFrance/,
https://www.google.com/maps/search/etablissement+wellness+Géry%2BFrance/,
https://www.google.com/maps/search/etablissement+wellness+Gerzat%2BFrance/,
https://www.google.com/maps/search/etablissement+wellness+Gesnes%2BFrance/,
https://www.google.com/maps/search/etablissement+wellness+Gesnes-en-Argonne%2BFrance/,
https://www.google.com/maps/search/etablissement+wellness+Gesnes-le-Gandelin%2BFrance/,
https://www.google.com/maps/search/etablissement+wellness+Gespunsart%2BFrance/,
https://www.google.com/maps/search/etablissement+wellness+Gestas%2BFrance/,
https://www.google.com/maps/search/etablissement+wellness+Gestel%2BFrance/,
https://www.google.com/maps/search/etablissement+wellness+Gestiès%2BFrance/,
https://www.google.com/maps/search/etablissement+wellness+Gesvres%2BFrance/,
https://www.google.com/maps/search/etablissement+wellness+Gesvres-le-Chapitre%2BFrance/,
https://www.google.com/maps/search/etablissement+wellness+Gétigné%2BFrance/,traité (2026-08-22 20:51)
https://www.google.com/maps/search/etablissement+wellness+Les Gets%2BFrance/,traité (2026-08-22 20:52)
https://www.google.com/maps/search/etablissement+wellness+Geu%2BFrance/,traité (2026-08-22 20:53)
https://www.google.com/maps/search/etablissement+wellness+Geudertheim%2BFrance/,traité (2026-08-22 20:53)
https://www.google.com/maps/search/etablissement+wellness+Géus-d'Arzacq%2BFrance/,traité (2026-08-22 20:54)
https://www.google.com/maps/search/etablissement+wellness+Geüs-d'Oloron%2BFrance/,traité (2026-08-22 20:56)
https://www.google.com/maps/search/etablissement+wellness+Gévezé%2BFrance/,traité (2026-08-22 20:56)
https://www.google.com/maps/search/etablissement+wellness+Gevigney-et-Mercey%2BFrance/,traité (2026-08-22 20:57)
https://www.google.com/maps/search/etablissement+wellness+Geville%2BFrance/,traité (2026-08-22 20:58)
https://www.google.com/maps/search/etablissement+wellness+Gevingey%2BFrance/,traité (2026-08-22 21:00)
https://www.google.com/maps/search/etablissement+wellness+Gevresin%2BFrance/,traité (2026-08-22 21:00)
https://www.google.com/maps/search/etablissement+wellness+Gevrey-Chambertin%2BFrance/,traité (2026-08-22 21:00)
https://www.google.com/maps/search/etablissement+wellness+Gevrolles%2BFrance/,traité (2026-08-22 21:01)
https://www.google.com/maps/search/etablissement+wellness+Gevry%2BFrance/,traité (2026-08-22 21:02)
https://www.google.com/maps/search/etablissement+wellness+Gex%2BFrance/,traité (2026-08-22 21:04)
https://www.google.com/maps/search/etablissement+wellness+Geyssans%2BFrance/,traité (2026-08-22 21:04)
https://www.google.com/maps/search/etablissement+wellness+Gez%2BFrance/,traité (2026-08-22 21:04)
https://www.google.com/maps/search/etablissement+wellness+Gez-ez-Angles%2BFrance/,traité (2026-08-22 21:05)
https://www.google.com/maps/search/etablissement+wellness+Gézaincourt%2BFrance/,traité (2026-08-22 21:08)
https://www.google.com/maps/search/etablissement+wellness+Gézier-et-Fontenelay%2BFrance/,traité (2026-08-22 21:08)
https://www.google.com/maps/search/etablissement+wellness+Gézoncourt%2BFrance/,traité (2026-08-22 21:08)
https://www.google.com/maps/search/etablissement+wellness+Ghisonaccia%2BFrance/,traité (2026-08-22 21:08)
https://www.google.com/maps/search/etablissement+wellness+Ghisoni%2BFrance/,traité (2026-08-22 21:09)
https://www.google.com/maps/search/etablissement+wellness+Ghissignies%2BFrance/,traité (2026-08-22 21:11)
https://www.google.com/maps/search/etablissement+wellness+Ghyvelde%2BFrance/,traité (2026-08-22 21:11)
https://www.google.com/maps/search/etablissement+wellness+Giat%2BFrance/,traité (2026-08-22 21:11)
https://www.google.com/maps/search/etablissement+wellness+Gibeaumeix%2BFrance/,traité (2026-08-22 21:12)
https://www.google.com/maps/search/etablissement+wellness+Gibel%2BFrance/,traité (2026-08-22 21:13)
https://www.google.com/maps/search/etablissement+wellness+Gibercourt%2BFrance/,traité (2026-08-22 21:15)
https://www.google.com/maps/search/etablissement+wellness+Giberville%2BFrance/,traité (2026-08-22 21:15)
https://www.google.com/maps/search/etablissement+wellness+Gibles%2BFrance/,traité (2026-08-22 21:15)
https://www.google.com/maps/search/etablissement+wellness+Gibourne%2BFrance/,traité (2026-08-22 21:16)
https://www.google.com/maps/search/etablissement+wellness+Gibret%2BFrance/,traité (2026-08-22 21:19)
https://www.google.com/maps/search/etablissement+wellness+Le Gicq%2BFrance/,traité (2026-08-22 21:19)
https://www.google.com/maps/search/etablissement+wellness+Gidy%2BFrance/,traité (2026-08-22 21:19)
https://www.google.com/maps/search/etablissement+wellness+Giel-Courteilles%2BFrance/,traité (2026-08-22 21:20)
https://www.google.com/maps/search/etablissement+wellness+Gien%2BFrance/,traité (2026-08-22 21:20)
https://www.google.com/maps/search/etablissement+wellness+Gien-sur-Cure%2BFrance/,traité (2026-08-22 21:23)
https://www.google.com/maps/search/etablissement+wellness+Gières%2BFrance/,traité (2026-08-22 21:23)
https://www.google.com/maps/search/etablissement+wellness+La Giettaz%2BFrance/,traité (2026-08-22 21:23)
https://www.google.com/maps/search/etablissement+wellness+Gièvres%2BFrance/,traité (2026-08-22 21:23)
https://www.google.com/maps/search/etablissement+wellness+Giey-sur-Aujon%2BFrance/,traité (2026-08-22 21:24)
https://www.google.com/maps/search/etablissement+wellness+Giez%2BFrance/,traité (2026-08-22 21:26)
https://www.google.com/maps/search/etablissement+wellness+Gif-sur-Yvette%2BFrance/,traité (2026-08-22 21:26)
https://www.google.com/maps/search/etablissement+wellness+Giffaumont-Champaubert%2BFrance/,traité (2026-08-22 21:27)
https://www.google.com/maps/search/etablissement+wellness+Gigean%2BFrance/,traité (2026-08-22 21:28)
https://www.google.com/maps/search/etablissement+wellness+Gignac%2BFrance/,traité (2026-08-22 21:31)
https://www.google.com/maps/search/etablissement+wellness+Gignac%2BFrance/,traité (2026-08-22 21:31)
https://www.google.com/maps/search/etablissement+wellness+Gignac%2BFrance/,traité (2026-08-22 21:31)
https://www.google.com/maps/search/etablissement+wellness+Gignac-la-Nerthe%2BFrance/,traité (2026-08-22 21:31)
https://www.google.com/maps/search/etablissement+wellness+Gignat%2BFrance/,traité (2026-08-22 21:32)
https://www.google.com/maps/search/etablissement+wellness+Gignéville%2BFrance/,traité (2026-08-22 21:35)
https://www.google.com/maps/search/etablissement+wellness+Gigney%2BFrance/,traité (2026-08-22 21:35)
https://www.google.com/maps/search/etablissement+wellness+Gigny%2BFrance/,traité (2026-08-22 21:36)
https://www.google.com/maps/search/etablissement+wellness+Gigny%2BFrance/,traité (2026-08-22 21:36)
https://www.google.com/maps/search/etablissement+wellness+Gigny-Bussy%2BFrance/,traité (2026-08-22 21:37)
https://www.google.com/maps/search/etablissement+wellness+Gigny-sur-Saône%2BFrance/,traité (2026-08-22 21:39)
https://www.google.com/maps/search/etablissement+wellness+Gigondas%2BFrance/,traité (2026-08-22 21:39)
https://www.google.com/maps/search/etablissement+wellness+Gigors%2BFrance/,traité (2026-08-22 21:39)
https://www.google.com/maps/search/etablissement+wellness+Gigors-et-Lozeron%2BFrance/,traité (2026-08-22 21:41)
https://www.google.com/maps/search/etablissement+wellness+Gigouzac%2BFrance/,traité (2026-08-22 21:42)
https://www.google.com/maps/search/etablissement+wellness+Gijounet%2BFrance/,traité (2026-08-22 21:44)
https://www.google.com/maps/search/etablissement+wellness+Gildwiller%2BFrance/,traité (2026-08-22 21:44)
https://www.google.com/maps/search/etablissement+wellness+Gilette%2BFrance/,traité (2026-08-22 21:44)
https://www.google.com/maps/search/etablissement+wellness+Gilhac-et-Bruzac%2BFrance/,traité (2026-08-22 21:45)
https://www.google.com/maps/search/etablissement+wellness+Gilhoc-sur-Ormèze%2BFrance/,traité (2026-08-22 21:47)
https://www.google.com/maps/search/etablissement+wellness+Gillancourt%2BFrance/,traité (2026-08-22 21:47)
https://www.google.com/maps/search/etablissement+wellness+Gillaumé%2BFrance/,traité (2026-08-22 21:47)
https://www.google.com/maps/search/etablissement+wellness+Gilles%2BFrance/,traité (2026-08-22 21:48)
https://www.google.com/maps/search/etablissement+wellness+Gilley%2BFrance/,traité (2026-08-22 21:52)
https://www.google.com/maps/search/etablissement+wellness+Gilley%2BFrance/,traité (2026-08-22 21:52)
https://www.google.com/maps/search/etablissement+wellness+Gillois%2BFrance/,traité (2026-08-22 21:52)
https://www.google.com/maps/search/etablissement+wellness+Gillonnay%2BFrance/,traité (2026-08-22 21:52)
https://www.google.com/maps/search/etablissement+wellness+Gilly-lès-Cîteaux%2BFrance/,traité (2026-08-22 21:53)
https://www.google.com/maps/search/etablissement+wellness+Gilly-sur-Isère%2BFrance/,traité (2026-08-22 21:53)
https://www.google.com/maps/search/etablissement+wellness+Gilly-sur-Loire%2BFrance/,traité (2026-08-22 21:55)
https://www.google.com/maps/search/etablissement+wellness+Gilocourt%2BFrance/,traité (2026-08-22 21:55)
https://www.google.com/maps/search/etablissement+wellness+Gimat%2BFrance/,traité (2026-08-22 21:55)
https://www.google.com/maps/search/etablissement+wellness+Gimbrède%2BFrance/,traité (2026-08-22 21:56)
https://www.google.com/maps/search/etablissement+wellness+Gimeaux%2BFrance/,traité (2026-08-22 21:58)
https://www.google.com/maps/search/etablissement+wellness+Gimécourt%2BFrance/,traité (2026-08-22 21:59)
https://www.google.com/maps/search/etablissement+wellness+Gimel-les-Cascades%2BFrance/,traité (2026-08-22 21:59)
https://www.google.com/maps/search/etablissement+wellness+Gimeux%2BFrance/,traité (2026-08-22 21:59)
https://www.google.com/maps/search/etablissement+wellness+La Gimond%2BFrance/,traité (2026-08-22 22:00)
https://www.google.com/maps/search/etablissement+wellness+Gimont%2BFrance/,traité (2026-08-22 22:02)
https://www.google.com/maps/search/etablissement+wellness+Gimouille%2BFrance/,traité (2026-08-22 22:02)
https://www.google.com/maps/search/etablissement+wellness+Ginai%2BFrance/,traité (2026-08-22 22:03)
https://www.google.com/maps/search/etablissement+wellness+Ginals%2BFrance/,traité (2026-08-22 22:03)
https://www.google.com/maps/search/etablissement+wellness+Ginasservis%2BFrance/,traité (2026-08-22 22:04)
https://www.google.com/maps/search/etablissement+wellness+Ginchy%2BFrance/,traité (2026-08-22 22:06)
https://www.google.com/maps/search/etablissement+wellness+Gincla%2BFrance/,traité (2026-08-22 22:06)
https://www.google.com/maps/search/etablissement+wellness+Gincrey%2BFrance/,traité (2026-08-22 22:06)
https://www.google.com/maps/search/etablissement+wellness+Gindou%2BFrance/,traité (2026-08-22 22:07)
https://www.google.com/maps/search/etablissement+wellness+Ginestas%2BFrance/,traité (2026-08-22 22:08)
https://www.google.com/maps/search/etablissement+wellness+Ginestet%2BFrance/,traité (2026-08-22 22:10)
https://www.google.com/maps/search/etablissement+wellness+Ginoles%2BFrance/,traité (2026-08-22 22:10)
https://www.google.com/maps/search/etablissement+wellness+Ginouillac%2BFrance/,traité (2026-08-22 22:10)
https://www.google.com/maps/search/etablissement+wellness+Gintrac%2BFrance/,traité (2026-08-22 22:11)
https://www.google.com/maps/search/etablissement+wellness+Giocatojo%2BFrance/,traité (2026-08-22 22:13)
https://www.google.com/maps/search/etablissement+wellness+Gionges%2BFrance/,traité (2026-08-22 22:13)
https://www.google.com/maps/search/etablissement+wellness+Giou-de-Mamou%2BFrance/,traité (2026-08-22 22:13)
https://www.google.com/maps/search/etablissement+wellness+Gioux%2BFrance/,traité (2026-08-22 22:13)
https://www.google.com/maps/search/etablissement+wellness+Gipcy%2BFrance/,traité (2026-08-22 22:14)
https://www.google.com/maps/search/etablissement+wellness+Girac%2BFrance/,traité (2026-08-22 22:17)
https://www.google.com/maps/search/etablissement+wellness+Girancourt%2BFrance/,traité (2026-08-22 22:17)
https://www.google.com/maps/search/etablissement+wellness+Giraumont%2BFrance/,traité (2026-08-22 22:17)
https://www.google.com/maps/search/etablissement+wellness+Giraumont%2BFrance/,traité (2026-08-22 22:17)
https://www.google.com/maps/search/etablissement+wellness+Girauvoisin%2BFrance/,traité (2026-08-22 22:20)
https://www.google.com/maps/search/etablissement+wellness+Gircourt-lès-Viéville%2BFrance/,traité (2026-08-22 22:20)
https://www.google.com/maps/search/etablissement+wellness+Girecourt-sur-Durbion%2BFrance/,traité (2026-08-22 22:20)
https://www.google.com/maps/search/etablissement+wellness+Girefontaine%2BFrance/,traité (2026-08-22 22:20)
https://www.google.com/maps/search/etablissement+wellness+Giremoutiers%2BFrance/,
https://www.google.com/maps/search/etablissement+wellness+Girgols%2BFrance/,
https://www.google.com/maps/search/etablissement+wellness+Giriviller%2BFrance/,
https://www.google.com/maps/search/etablissement+wellness+Girmont-Val-d'Ajol%2BFrance/,
https://www.google.com/maps/search/etablissement+wellness+Girolles%2BFrance/,
https://www.google.com/maps/search/etablissement+wellness+Girolles%2BFrance/,
https://www.google.com/maps/search/etablissement+wellness+Giromagny%2BFrance/,
https://www.google.com/maps/search/etablissement+wellness+Giron%2BFrance/,
https://www.google.com/maps/search/etablissement+wellness+Gironcourt-sur-Vraine%2BFrance/,
https://www.google.com/maps/search/etablissement+wellness+Gironde-sur-Dropt%2BFrance/,
https://www.google.com/maps/search/etablissement+wellness+Girondelle%2BFrance/,
https://www.google.com/maps/search/etablissement+wellness+Gironville%2BFrance/,
https://www.google.com/maps/search/etablissement+wellness+Gironville-sur-Essonne%2BFrance/,
https://www.google.com/maps/search/etablissement+wellness+Le Girouard%2BFrance/,
https://www.google.com/maps/search/etablissement+wellness+Giroussens%2BFrance/,
https://www.google.com/maps/search/etablissement+wellness+Giroux%2BFrance/,
https://www.google.com/maps/search/etablissement+wellness+Giry%2BFrance/,
https://www.google.com/maps/search/etablissement+wellness+Giscaro%2BFrance/,
https://www.google.com/maps/search/etablissement+wellness+Giscos%2BFrance/,
https://www.google.com/maps/search/etablissement+wellness+Gisors%2BFrance/,
https://www.google.com/maps/search/etablissement+wellness+Gissac%2BFrance/,
https://www.google.com/maps/search/etablissement+wellness+Gissey-le-Vieil%2BFrance/,
https://www.google.com/maps/search/etablissement+wellness+Gissey-sous-Flavigny%2BFrance/,
https://www.google.com/maps/search/etablissement+wellness+Gissey-sur-Ouche%2BFrance/,
https://www.google.com/maps/search/etablissement+wellness+Gisy-les-Nobles%2BFrance/,
https://www.google.com/maps/search/etablissement+wellness+Giuncaggio%2BFrance/,traité (2026-08-22 16:20)
https://www.google.com/maps/search/etablissement+wellness+Giuncheto%2BFrance/,traité (2026-08-22 16:20)
https://www.google.com/maps/search/etablissement+wellness+Givardon%2BFrance/,traité (2026-08-22 16:20)
https://www.google.com/maps/search/etablissement+wellness+Givenchy-en-Gohelle%2BFrance/,traité (2026-08-22 16:21)
https://www.google.com/maps/search/etablissement+wellness+Givenchy-le-Noble%2BFrance/,traité (2026-08-22 16:21)
https://www.google.com/maps/search/etablissement+wellness+Givenchy-lès-la-Bassée%2BFrance/,traité (2026-08-22 16:22)
https://www.google.com/maps/search/etablissement+wellness+Giverny%2BFrance/,traité (2026-08-22 16:22)
https://www.google.com/maps/search/etablissement+wellness+Giverville%2BFrance/,traité (2026-08-22 16:22)
https://www.google.com/maps/search/etablissement+wellness+Givet%2BFrance/,traité (2026-08-22 16:23)
https://www.google.com/maps/search/etablissement+wellness+Givonne%2BFrance/,traité (2026-08-22 16:25)
https://www.google.com/maps/search/etablissement+wellness+Givors%2BFrance/,traité (2026-08-22 16:25)
https://www.google.com/maps/search/etablissement+wellness+Givraines%2BFrance/,traité (2026-08-22 16:25)
https://www.google.com/maps/search/etablissement+wellness+Givrand%2BFrance/,traité (2026-08-22 16:25)
https://www.google.com/maps/search/etablissement+wellness+Givrauval%2BFrance/,traité (2026-08-22 16:25)
https://www.google.com/maps/search/etablissement+wellness+Le Givre%2BFrance/,traité (2026-08-22 16:25)
https://www.google.com/maps/search/etablissement+wellness+Givrezac%2BFrance/,traité (2026-08-22 16:26)
https://www.google.com/maps/search/etablissement+wellness+Givron%2BFrance/,traité (2026-08-22 16:26)
https://www.google.com/maps/search/etablissement+wellness+Givry%2BFrance/,traité (2026-08-22 16:26)
https://www.google.com/maps/search/etablissement+wellness+Givry%2BFrance/,traité (2026-08-22 16:26)
https://www.google.com/maps/search/etablissement+wellness+Givry%2BFrance/,traité (2026-08-22 16:26)
https://www.google.com/maps/search/etablissement+wellness+Givry-en-Argonne%2BFrance/,traité (2026-08-22 16:28)
https://www.google.com/maps/search/etablissement+wellness+Givry-lès-Loisy%2BFrance/,traité (2026-08-22 16:28)
https://www.google.com/maps/search/etablissement+wellness+Givrycourt%2BFrance/,traité (2026-08-22 16:28)
https://www.google.com/maps/search/etablissement+wellness+Gizaucourt%2BFrance/,traité (2026-08-22 16:28)
https://www.google.com/maps/search/etablissement+wellness+Gizay%2BFrance/,traité (2026-08-22 16:28)
https://www.google.com/maps/search/etablissement+wellness+Gizeux%2BFrance/,traité (2026-08-22 16:29)
https://www.google.com/maps/search/etablissement+wellness+Gizia%2BFrance/,traité (2026-08-22 16:29)
https://www.google.com/maps/search/etablissement+wellness+Gizy%2BFrance/,traité (2026-08-22 16:29)
https://www.google.com/maps/search/etablissement+wellness+Glageon%2BFrance/,traité (2026-08-22 16:30)
https://www.google.com/maps/search/etablissement+wellness+Glaignes%2BFrance/,échec (2026-08-22 16:32)
https://www.google.com/maps/search/etablissement+wellness+Glaine-Montaigut%2BFrance/,traité (2026-08-22 16:32)
https://www.google.com/maps/search/etablissement+wellness+Glaire%2BFrance/,traité (2026-08-22 16:32)
https://www.google.com/maps/search/etablissement+wellness+Le Glaizil%2BFrance/,traité (2026-08-22 16:32)
https://www.google.com/maps/search/etablissement+wellness+Glamondans%2BFrance/,traité (2026-08-22 16:32)
https://www.google.com/maps/search/etablissement+wellness+Gland%2BFrance/,traité (2026-08-22 16:33)
https://www.google.com/maps/search/etablissement+wellness+Gland%2BFrance/,traité (2026-08-22 16:33)
https://www.google.com/maps/search/etablissement+wellness+Glandage%2BFrance/,traité (2026-08-22 16:33)
https://www.google.com/maps/search/etablissement+wellness+Glandon%2BFrance/,traité (2026-08-22 16:34)
https://www.google.com/maps/search/etablissement+wellness+Glanes%2BFrance/,traité (2026-08-22 16:34)
https://www.google.com/maps/search/etablissement+wellness+Glanges%2BFrance/,traité (2026-08-22 16:34)
https://www.google.com/maps/search/etablissement+wellness+Glannes%2BFrance/,traité (2026-08-22 16:36)
https://www.google.com/maps/search/etablissement+wellness+Glanon%2BFrance/,traité (2026-08-22 16:36)
https://www.google.com/maps/search/etablissement+wellness+Glanville%2BFrance/,traité (2026-08-22 16:36)
https://www.google.com/maps/search/etablissement+wellness+Glatens%2BFrance/,traité (2026-08-22 16:36)
https://www.google.com/maps/search/etablissement+wellness+Glatigny%2BFrance/,traité (2026-08-22 16:37)
https://www.google.com/maps/search/etablissement+wellness+Glatigny%2BFrance/,traité (2026-08-22 16:37)
https://www.google.com/maps/search/etablissement+wellness+Glay%2BFrance/,traité (2026-08-22 16:37)
https://www.google.com/maps/search/etablissement+wellness+Gleizé%2BFrance/,traité (2026-08-22 16:37)
https://www.google.com/maps/search/etablissement+wellness+Glénac%2BFrance/,traité (2026-08-22 16:38)
https://www.google.com/maps/search/etablissement+wellness+Glénat%2BFrance/,traité (2026-08-22 16:40)
https://www.google.com/maps/search/etablissement+wellness+Glénay%2BFrance/,traité (2026-08-22 16:40)
https://www.google.com/maps/search/etablissement+wellness+Glénic%2BFrance/,traité (2026-08-22 16:40)
https://www.google.com/maps/search/etablissement+wellness+Glénouze%2BFrance/,traité (2026-08-22 16:40)
https://www.google.com/maps/search/etablissement+wellness+Glère%2BFrance/,échec (2026-08-22 16:40)
https://www.google.com/maps/search/etablissement+wellness+Glisolles%2BFrance/,traité (2026-08-22 16:40)
https://www.google.com/maps/search/etablissement+wellness+Glisy%2BFrance/,traité (2026-08-22 16:40)
https://www.google.com/maps/search/etablissement+wellness+Glomel%2BFrance/,traité (2026-08-22 16:40)
https://www.google.com/maps/search/etablissement+wellness+Glonville%2BFrance/,traité (2026-08-22 16:41)
https://www.google.com/maps/search/etablissement+wellness+Glorianes%2BFrance/,traité (2026-08-22 16:41)
https://www.google.com/maps/search/etablissement+wellness+Glos%2BFrance/,traité (2026-08-22 16:42)
https://www.google.com/maps/search/etablissement+wellness+Glos-sur-Risle%2BFrance/,traité (2026-08-22 16:44)
https://www.google.com/maps/search/etablissement+wellness+Gluiras%2BFrance/,traité (2026-08-22 16:44)
https://www.google.com/maps/search/etablissement+wellness+Glun%2BFrance/,traité (2026-08-22 16:44)
https://www.google.com/maps/search/etablissement+wellness+Glux-en-Glenne%2BFrance/,traité (2026-08-22 16:44)
https://www.google.com/maps/search/etablissement+wellness+Goas%2BFrance/,traité (2026-08-22 16:44)
https://www.google.com/maps/search/etablissement+wellness+La Godefroy%2BFrance/,traité (2026-08-22 16:44)
https://www.google.com/maps/search/etablissement+wellness+Godenvillers%2BFrance/,traité (2026-08-22 16:45)
https://www.google.com/maps/search/etablissement+wellness+Goderville%2BFrance/,traité (2026-08-22 16:45)
https://www.google.com/maps/search/etablissement+wellness+Godewaersvelde%2BFrance/,traité (2026-08-22 16:45)
https://www.google.com/maps/search/etablissement+wellness+Godisson%2BFrance/,traité (2026-08-22 16:46)
https://www.google.com/maps/search/etablissement+wellness+La Godivelle%2BFrance/,traité (2026-08-22 16:48)
https://www.google.com/maps/search/etablissement+wellness+Godoncourt%2BFrance/,traité (2026-08-22 16:48)
https://www.google.com/maps/search/etablissement+wellness+Gœrlingen%2BFrance/,traité (2026-08-22 16:48)
https://www.google.com/maps/search/etablissement+wellness+Gœrsdorf%2BFrance/,traité (2026-08-22 16:48)
https://www.google.com/maps/search/etablissement+wellness+Goès%2BFrance/,traité (2026-08-22 16:48)
https://www.google.com/maps/search/etablissement+wellness+Goetzenbruck%2BFrance/,traité (2026-08-22 16:48)
https://www.google.com/maps/search/etablissement+wellness+Gœulzin%2BFrance/,traité (2026-08-22 16:49)
https://www.google.com/maps/search/etablissement+wellness+Gogney%2BFrance/,traité (2026-08-22 16:49)
https://www.google.com/maps/search/etablissement+wellness+Gognies-Chaussée%2BFrance/,traité (2026-08-22 16:49)
https://www.google.com/maps/search/etablissement+wellness+La Gohannière%2BFrance/,traité (2026-08-22 16:50)
https://www.google.com/maps/search/etablissement+wellness+Gohory%2BFrance/,traité (2026-08-22 16:52)
https://www.google.com/maps/search/etablissement+wellness+Goin%2BFrance/,échec (2026-08-22 16:52)
https://www.google.com/maps/search/etablissement+wellness+Goincourt%2BFrance/,traité (2026-08-22 16:52)
https://www.google.com/maps/search/etablissement+wellness+Golancourt%2BFrance/,échec (2026-08-22 16:52)
https://www.google.com/maps/search/etablissement+wellness+Golbey%2BFrance/,traité (2026-08-22 16:52)
https://www.google.com/maps/search/etablissement+wellness+Goldbach-Altenbach%2BFrance/,traité (2026-08-22 16:52)
https://www.google.com/maps/search/etablissement+wellness+Golfech%2BFrance/,traité (2026-08-22 16:53)
https://www.google.com/maps/search/etablissement+wellness+Golinhac%2BFrance/,traité (2026-08-22 16:53)
https://www.google.com/maps/search/etablissement+wellness+Golleville%2BFrance/,traité (2026-08-22 16:54)
https://www.google.com/maps/search/etablissement+wellness+Gombergean%2BFrance/,traité (2026-08-22 16:54)
https://www.google.com/maps/search/etablissement+wellness+Gomelange%2BFrance/,traité (2026-08-22 16:56)
https://www.google.com/maps/search/etablissement+wellness+Gomené%2BFrance/,traité (2026-08-22 16:56)
https://www.google.com/maps/search/etablissement+wellness+Gomer%2BFrance/,traité (2026-08-22 16:56)
https://www.google.com/maps/search/etablissement+wellness+Gometz-la-Ville%2BFrance/,traité (2026-08-22 16:56)
https://www.google.com/maps/search/etablissement+wellness+Gometz-le-Châtel%2BFrance/,traité (2026-08-22 16:56)
https://www.google.com/maps/search/etablissement+wellness+Gomiécourt%2BFrance/,traité (2026-08-22 16:56)
https://www.google.com/maps/search/etablissement+wellness+Gommecourt%2BFrance/,traité (2026-08-22 16:57)
https://www.google.com/maps/search/etablissement+wellness+Gommecourt%2BFrance/,traité (2026-08-22 16:57)
https://www.google.com/maps/search/etablissement+wellness+Gommegnies%2BFrance/,traité (2026-08-22 16:57)
https://www.google.com/maps/search/etablissement+wellness+Gommenec'h%2BFrance/,traité (2026-08-22 16:57)
https://www.google.com/maps/search/etablissement+wellness+Gommersdorf%2BFrance/,traité (2026-08-22 16:59)
https://www.google.com/maps/search/etablissement+wellness+Gommerville%2BFrance/,traité (2026-08-22 16:59)
https://www.google.com/maps/search/etablissement+wellness+Gommerville%2BFrance/,traité (2026-08-22 16:59)
https://www.google.com/maps/search/etablissement+wellness+Gomméville%2BFrance/,traité (2026-08-22 16:59)
https://www.google.com/maps/search/etablissement+wellness+Gomont%2BFrance/,traité (2026-08-22 16:59)
https://www.google.com/maps/search/etablissement+wellness+Goncelin%2BFrance/,traité (2026-08-22 17:00)
https://www.google.com/maps/search/etablissement+wellness+Goncourt%2BFrance/,échec (2026-08-22 17:00)
https://www.google.com/maps/search/etablissement+wellness+Gond-Pontouvre%2BFrance/,traité (2026-08-22 17:00)
https://www.google.com/maps/search/etablissement+wellness+Gondecourt%2BFrance/,traité (2026-08-22 17:01)
https://www.google.com/maps/search/etablissement+wellness+Gondenans-les-Moulins%2BFrance/,traité (2026-08-22 17:02)
https://www.google.com/maps/search/etablissement+wellness+Gondenans-Montby%2BFrance/,traité (2026-08-22 17:04)
https://www.google.com/maps/search/etablissement+wellness+Gondeville%2BFrance/,traité (2026-08-22 17:04)
https://www.google.com/maps/search/etablissement+wellness+Gondrecourt-Aix%2BFrance/,traité (2026-08-22 17:04)
https://www.google.com/maps/search/etablissement+wellness+Gondrecourt-le-Château%2BFrance/,traité (2026-08-22 17:04)
https://www.google.com/maps/search/etablissement+wellness+Gondreville%2BFrance/,traité (2026-08-22 17:04)
https://www.google.com/maps/search/etablissement+wellness+Gondreville%2BFrance/,traité (2026-08-22 17:04)
https://www.google.com/maps/search/etablissement+wellness+Gondreville%2BFrance/,traité (2026-08-22 17:04)
https://www.google.com/maps/search/etablissement+wellness+Gondrexange%2BFrance/,traité (2026-08-22 17:04)
https://www.google.com/maps/search/etablissement+wellness+Gondrexon%2BFrance/,traité (2026-08-22 17:05)
https://www.google.com/maps/search/etablissement+wellness+Gondrin%2BFrance/,traité (2026-08-22 17:05)
https://www.google.com/maps/search/etablissement+wellness+Les Gonds%2BFrance/,traité (2026-08-22 17:07)
https://www.google.com/maps/search/etablissement+wellness+Gonesse%2BFrance/,traité (2026-08-22 17:07)
https://www.google.com/maps/search/etablissement+wellness+Gonez%2BFrance/,traité (2026-08-22 17:07)
https://www.google.com/maps/search/etablissement+wellness+Gonfaron%2BFrance/,traité (2026-08-22 17:07)
https://www.google.com/maps/search/etablissement+wellness+Gonfreville%2BFrance/,traité (2026-08-22 17:07)
https://www.google.com/maps/search/etablissement+wellness+Gonfreville-Caillot%2BFrance/,traité (2026-08-22 17:07)
https://www.google.com/maps/search/etablissement+wellness+Gonfreville-l'Orcher%2BFrance/,traité (2026-08-22 17:07)
https://www.google.com/maps/search/etablissement+wellness+La Gonfrière%2BFrance/,traité (2026-08-22 17:07)
https://www.google.com/maps/search/etablissement+wellness+Gonnehem%2BFrance/,traité (2026-08-22 17:08)
https://www.google.com/maps/search/etablissement+wellness+Gonnelieu%2BFrance/,traité (2026-08-22 17:08)
https://www.google.com/maps/search/etablissement+wellness+Gonnetot%2BFrance/,traité (2026-08-22 17:11)
https://www.google.com/maps/search/etablissement+wellness+Gonneville-en-Auge%2BFrance/,traité (2026-08-22 17:11)
https://www.google.com/maps/search/etablissement+wellness+Gonneville-la-Mallet%2BFrance/,traité (2026-08-22 17:11)
https://www.google.com/maps/search/etablissement+wellness+Gonneville-Le Theil%2BFrance/,traité (2026-08-22 17:11)
https://www.google.com/maps/search/etablissement+wellness+Gonneville-sur-Honfleur%2BFrance/,traité (2026-08-22 17:11)
https://www.google.com/maps/search/etablissement+wellness+Gonneville-sur-Mer%2BFrance/,traité (2026-08-22 17:11)
https://www.google.com/maps/search/etablissement+wellness+Gonneville-sur-Scie%2BFrance/,traité (2026-08-22 17:11)
https://www.google.com/maps/search/etablissement+wellness+Gonsans%2BFrance/,traité (2026-08-22 17:12)
https://www.google.com/maps/search/etablissement+wellness+Gontaud-de-Nogaret%2BFrance/,traité (2026-08-22 17:12)
https://www.google.com/maps/search/etablissement+wellness+La Gonterie-Boulouneix%2BFrance/,traité (2026-08-22 17:15)
https://www.google.com/maps/search/etablissement+wellness+Gonzeville%2BFrance/,traité (2026-08-22 17:15)
https://www.google.com/maps/search/etablissement+wellness+Goos%2BFrance/,traité (2026-08-22 17:15)
https://www.google.com/maps/search/etablissement+wellness+Gorbio%2BFrance/,traité (2026-08-22 17:15)
https://www.google.com/maps/search/etablissement+wellness+Gorcy%2BFrance/,traité (2026-08-22 17:15)
https://www.google.com/maps/search/etablissement+wellness+Gordes%2BFrance/,traité (2026-08-22 17:15)
https://www.google.com/maps/search/etablissement+wellness+Gorenflos%2BFrance/,traité (2026-08-22 17:15)
https://www.google.com/maps/search/etablissement+wellness+Gorges%2BFrance/,traité (2026-08-22 17:15)
https://www.google.com/maps/search/etablissement+wellness+Gorges%2BFrance/,traité (2026-08-22 17:15)
https://www.google.com/maps/search/etablissement+wellness+Gorges%2BFrance/,traité (2026-08-22 17:15)
https://www.google.com/maps/search/etablissement+wellness+Gorges du Tarn Causses%2BFrance/,traité (2026-08-22 17:15)
https://www.google.com/maps/search/etablissement+wellness+La Gorgue%2BFrance/,traité (2026-08-22 17:17)
https://www.google.com/maps/search/etablissement+wellness+Gorhey%2BFrance/,traité (2026-08-22 17:17)
https://www.google.com/maps/search/etablissement+wellness+Gornac%2BFrance/,traité (2026-08-22 17:17)
https://www.google.com/maps/search/etablissement+wellness+Gorniès%2BFrance/,traité (2026-08-22 17:17)
https://www.google.com/maps/search/etablissement+wellness+Gorre%2BFrance/,traité (2026-08-22 17:17)
https://www.google.com/maps/search/etablissement+wellness+Gorrevod%2BFrance/,traité (2026-08-22 17:17)
https://www.google.com/maps/search/etablissement+wellness+Gorron%2BFrance/,traité (2026-08-22 17:17)
https://www.google.com/maps/search/etablissement+wellness+Gorses%2BFrance/,traité (2026-08-22 17:18)
https://www.google.com/maps/search/etablissement+wellness+Gorze%2BFrance/,traité (2026-08-22 17:18)
https://www.google.com/maps/search/etablissement+wellness+Le Gosier%2BFrance/,traité (2026-08-22 17:19)
https://www.google.com/maps/search/etablissement+wellness+Gosnay%2BFrance/,traité (2026-08-22 17:21)
https://www.google.com/maps/search/etablissement+wellness+Gosné%2BFrance/,traité (2026-08-22 17:21)
https://www.google.com/maps/search/etablissement+wellness+Gosselming%2BFrance/,traité (2026-08-22 17:21)
https://www.google.com/maps/search/etablissement+wellness+Gotein-Libarrenx%2BFrance/,traité (2026-08-22 17:21)
https://www.google.com/maps/search/etablissement+wellness+Gottenhouse%2BFrance/,traité (2026-08-22 17:21)
https://www.google.com/maps/search/etablissement+wellness+Gottesheim%2BFrance/,traité (2026-08-22 17:21)
https://www.google.com/maps/search/etablissement+wellness+Gouaix%2BFrance/,traité (2026-08-22 17:21)
https://www.google.com/maps/search/etablissement+wellness+Goualade%2BFrance/,traité (2026-08-22 17:22)
https://www.google.com/maps/search/etablissement+wellness+Gouarec%2BFrance/,traité (2026-08-22 17:22)
https://www.google.com/maps/search/etablissement+wellness+Gouaux%2BFrance/,traité (2026-08-22 17:23)
https://www.google.com/maps/search/etablissement+wellness+Gouaux-de-Larboust%2BFrance/,traité (2026-08-22 17:25)
https://www.google.com/maps/search/etablissement+wellness+Gouaux-de-Luchon%2BFrance/,traité (2026-08-22 17:25)
https://www.google.com/maps/search/etablissement+wellness+Goudargues%2BFrance/,traité (2026-08-22 17:25)
https://www.google.com/maps/search/etablissement+wellness+Goudelancourt-lès-Berrieux%2BFrance/,traité (2026-08-22 17:25)
https://www.google.com/maps/search/etablissement+wellness+Goudelancourt-lès-Pierrepont%2BFrance/,traité (2026-08-22 17:25)
https://www.google.com/maps/search/etablissement+wellness+Goudelin%2BFrance/,traité (2026-08-22 17:25)
https://www.google.com/maps/search/etablissement+wellness+Goudet%2BFrance/,traité (2026-08-22 17:25)
https://www.google.com/maps/search/etablissement+wellness+Goudex%2BFrance/,traité (2026-08-22 17:25)
https://www.google.com/maps/search/etablissement+wellness+Goudon%2BFrance/,traité (2026-08-22 17:26)
https://www.google.com/maps/search/etablissement+wellness+Goudourville%2BFrance/,traité (2026-08-22 17:26)
https://www.google.com/maps/search/etablissement+wellness+Gouesnach%2BFrance/,traité (2026-08-22 17:28)
https://www.google.com/maps/search/etablissement+wellness+La Gouesnière%2BFrance/,traité (2026-08-22 17:28)
https://www.google.com/maps/search/etablissement+wellness+Gouesnou%2BFrance/,traité (2026-08-22 17:28)
https://www.google.com/maps/search/etablissement+wellness+Gouex%2BFrance/,traité (2026-08-22 17:28)
https://www.google.com/maps/search/etablissement+wellness+Gouézec%2BFrance/,traité (2026-08-22 17:28)
https://www.google.com/maps/search/etablissement+wellness+Gouffern en Auge%2BFrance/,traité (2026-08-22 17:29)
https://www.google.com/maps/search/etablissement+wellness+Gougenheim%2BFrance/,traité (2026-08-22 17:29)
https://www.google.com/maps/search/etablissement+wellness+Gouhelans%2BFrance/,traité (2026-08-22 17:30)
https://www.google.com/maps/search/etablissement+wellness+Gouhenans%2BFrance/,traité (2026-08-22 17:30)
https://www.google.com/maps/search/etablissement+wellness+Gouillons%2BFrance/,traité (2026-08-22 17:31)
https://www.google.com/maps/search/etablissement+wellness+Gouise%2BFrance/,traité (2026-08-22 17:33)
https://www.google.com/maps/search/etablissement+wellness+Goujounac%2BFrance/,traité (2026-08-22 17:33)
https://www.google.com/maps/search/etablissement+wellness+La Goulafrière%2BFrance/,traité (2026-08-22 17:33)
https://www.google.com/maps/search/etablissement+wellness+Goulien%2BFrance/,traité (2026-08-22 17:33)
https://www.google.com/maps/search/etablissement+wellness+Goulier%2BFrance/,traité (2026-08-22 17:33)
https://www.google.com/maps/search/etablissement+wellness+Goulles%2BFrance/,traité (2026-08-22 17:33)
https://www.google.com/maps/search/etablissement+wellness+Les Goulles%2BFrance/,traité (2026-08-22 17:33)
https://www.google.com/maps/search/etablissement+wellness+Gouloux%2BFrance/,traité (2026-08-22 17:34)
https://www.google.com/maps/search/etablissement+wellness+Goult%2BFrance/,traité (2026-08-22 17:34)
https://www.google.com/maps/search/etablissement+wellness+Goulven%2BFrance/,traité (2026-08-22 17:34)
https://www.google.com/maps/search/etablissement+wellness+Goumois%2BFrance/,traité (2026-08-22 17:37)
https://www.google.com/maps/search/etablissement+wellness+Goupil-Othon%2BFrance/,traité (2026-08-22 17:37)
https://www.google.com/maps/search/etablissement+wellness+Goupillières%2BFrance/,traité (2026-08-22 17:37)
https://www.google.com/maps/search/etablissement+wellness+Goupillières%2BFrance/,traité (2026-08-22 17:37)
https://www.google.com/maps/search/etablissement+wellness+Goupillières%2BFrance/,traité (2026-08-22 17:37)
https://www.google.com/maps/search/etablissement+wellness+Gouraincourt%2BFrance/,traité (2026-08-22 17:37)
https://www.google.com/maps/search/etablissement+wellness+Gourbera%2BFrance/,traité (2026-08-22 17:38)
https://www.google.com/maps/search/etablissement+wellness+Gourbeyre%2BFrance/,traité (2026-08-22 17:38)
https://www.google.com/maps/search/etablissement+wellness+Gourbit%2BFrance/,traité (2026-08-22 17:39)
https://www.google.com/maps/search/etablissement+wellness+Gourchelles%2BFrance/,échec (2026-08-22 17:39)
https://www.google.com/maps/search/etablissement+wellness+Gourdan-Polignan%2BFrance/,traité (2026-08-22 17:41)
https://www.google.com/maps/search/etablissement+wellness+Gourdièges%2BFrance/,traité (2026-08-22 17:41)
https://www.google.com/maps/search/etablissement+wellness+Gourdon%2BFrance/,traité (2026-08-22 17:42)
https://www.google.com/maps/search/etablissement+wellness+Gourdon%2BFrance/,traité (2026-08-22 17:42)
https://www.google.com/maps/search/etablissement+wellness+Gourdon%2BFrance/,traité (2026-08-22 17:42)
https://www.google.com/maps/search/etablissement+wellness+Gourdon%2BFrance/,traité (2026-08-22 17:42)
https://www.google.com/maps/search/etablissement+wellness+Gourdon-Murat%2BFrance/,traité (2026-08-22 17:42)
https://www.google.com/maps/search/etablissement+wellness+Gourgançon%2BFrance/,traité (2026-08-22 17:42)
https://www.google.com/maps/search/etablissement+wellness+Gourgé%2BFrance/,traité (2026-08-22 17:43)
https://www.google.com/maps/search/etablissement+wellness+Gourgeon%2BFrance/,traité (2026-08-22 17:43)
https://www.google.com/maps/search/etablissement+wellness+Gourgue%2BFrance/,traité (2026-08-22 17:46)
https://www.google.com/maps/search/etablissement+wellness+Gourhel%2BFrance/,traité (2026-08-22 17:46)
https://www.google.com/maps/search/etablissement+wellness+Gourin%2BFrance/,traité (2026-08-22 17:46)
https://www.google.com/maps/search/etablissement+wellness+Gourlizon%2BFrance/,traité (2026-08-22 17:46)
https://www.google.com/maps/search/etablissement+wellness+Gournay%2BFrance/,traité (2026-08-22 17:46)
https://www.google.com/maps/search/etablissement+wellness+Gournay-en-Bray%2BFrance/,traité (2026-08-22 17:46)
https://www.google.com/maps/search/etablissement+wellness+Gournay-le-Guérin%2BFrance/,traité (2026-08-22 17:46)
https://www.google.com/maps/search/etablissement+wellness+Gournay-sur-Aronde%2BFrance/,traité (2026-08-22 17:47)
https://www.google.com/maps/search/etablissement+wellness+Gournay-sur-Marne%2BFrance/,traité (2026-08-22 17:47)
https://www.google.com/maps/search/etablissement+wellness+Les Gours%2BFrance/,traité (2026-08-22 17:47)
https://www.google.com/maps/search/etablissement+wellness+Gours%2BFrance/,
https://www.google.com/maps/search/etablissement+wellness+Gourvieille%2BFrance/,
https://www.google.com/maps/search/etablissement+wellness+Gourville%2BFrance/,
https://www.google.com/maps/search/etablissement+wellness+Gourvillette%2BFrance/,
https://www.google.com/maps/search/etablissement+wellness+Goussaincourt%2BFrance/,
https://www.google.com/maps/search/etablissement+wellness+Goussainville%2BFrance/,
https://www.google.com/maps/search/etablissement+wellness+Goussainville%2BFrance/,
https://www.google.com/maps/search/etablissement+wellness+Goussancourt%2BFrance/,
https://www.google.com/maps/search/etablissement+wellness+Gousse%2BFrance/,
https://www.google.com/maps/search/etablissement+wellness+Goussonville%2BFrance/,
https://www.google.com/maps/search/etablissement+wellness+Goustranville%2BFrance/,
https://www.google.com/maps/search/etablissement+wellness+Gout-Rossignol%2BFrance/,
https://www.google.com/maps/search/etablissement+wellness+La Goutelle%2BFrance/,
https://www.google.com/maps/search/etablissement+wellness+Goutevernisse%2BFrance/,
https://www.google.com/maps/search/etablissement+wellness+Goutrens%2BFrance/,
https://www.google.com/maps/search/etablissement+wellness+Gouts%2BFrance/,
https://www.google.com/maps/search/etablissement+wellness+Gouttières%2BFrance/,
https://www.google.com/maps/search/etablissement+wellness+Goutz%2BFrance/,
https://www.google.com/maps/search/etablissement+wellness+Gouvernes%2BFrance/,
https://www.google.com/maps/search/etablissement+wellness+Gouves%2BFrance/,
https://www.google.com/maps/search/etablissement+wellness+Gouvets%2BFrance/,
https://www.google.com/maps/search/etablissement+wellness+Gouvieux%2BFrance/,
https://www.google.com/maps/search/etablissement+wellness+Gouville sur Mer%2BFrance/,
https://www.google.com/maps/search/etablissement+wellness+Gouvix%2BFrance/,
https://www.google.com/maps/search/etablissement+wellness+Goux%2BFrance/,
https://www.google.com/maps/search/etablissement+wellness+Goux-lès-Dambelin%2BFrance/,
https://www.google.com/maps/search/etablissement+wellness+Goux-les-Usiers%2BFrance/,
https://www.google.com/maps/search/etablissement+wellness+Goux-sous-Landet%2BFrance/,
https://www.google.com/maps/search/etablissement+wellness+Gouy%2BFrance/,
https://www.google.com/maps/search/etablissement+wellness+Gouy%2BFrance/,
https://www.google.com/maps/search/etablissement+wellness+Gouy-en-Artois%2BFrance/,
https://www.google.com/maps/search/etablissement+wellness+Gouy-en-Ternois%2BFrance/,
https://www.google.com/maps/search/etablissement+wellness+Gouy-les-Groseillers%2BFrance/,
https://www.google.com/maps/search/etablissement+wellness+Gouy-Saint-André%2BFrance/,
https://www.google.com/maps/search/etablissement+wellness+Gouy-Servins%2BFrance/,
https://www.google.com/maps/search/etablissement+wellness+Gouy-sous-Bellonne%2BFrance/,
https://www.google.com/maps/search/etablissement+wellness+Gouzangrez%2BFrance/,
https://www.google.com/maps/search/etablissement+wellness+Gouzeaucourt%2BFrance/,
https://www.google.com/maps/search/etablissement+wellness+Gouzens%2BFrance/,
https://www.google.com/maps/search/etablissement+wellness+Gouzon%2BFrance/,
https://www.google.com/maps/search/etablissement+wellness+Goven%2BFrance/,
https://www.google.com/maps/search/etablissement+wellness+Goviller%2BFrance/,
https://www.google.com/maps/search/etablissement+wellness+Goxwiller%2BFrance/,
https://www.google.com/maps/search/etablissement+wellness+Goyave%2BFrance/,
https://www.google.com/maps/search/etablissement+wellness+Goyencourt%2BFrance/,
https://www.google.com/maps/search/etablissement+wellness+Goyrans%2BFrance/,
https://www.google.com/maps/search/etablissement+wellness+Grabels%2BFrance/,
https://www.google.com/maps/search/etablissement+wellness+Graçay%2BFrance/,
https://www.google.com/maps/search/etablissement+wellness+Grâce-Uzel%2BFrance/,
https://www.google.com/maps/search/etablissement+wellness+Grâces%2BFrance/,
https://www.google.com/maps/search/etablissement+wellness+Gradignan%2BFrance/,
https://www.google.com/maps/search/etablissement+wellness+Graffigny-Chemin%2BFrance/,
https://www.google.com/maps/search/etablissement+wellness+Gragnague%2BFrance/,
https://www.google.com/maps/search/etablissement+wellness+Graignes-Mesnil-Angot%2BFrance/,
https://www.google.com/maps/search/etablissement+wellness+Grailhen%2BFrance/,
https://www.google.com/maps/search/etablissement+wellness+Graimbouville%2BFrance/,
https://www.google.com/maps/search/etablissement+wellness+Graincourt-lès-Havrincourt%2BFrance/,
https://www.google.com/maps/search/etablissement+wellness+Grainville-la-Teinturière%2BFrance/,
https://www.google.com/maps/search/etablissement+wellness+Grainville-Langannerie%2BFrance/,
https://www.google.com/maps/search/etablissement+wellness+Grainville-sur-Odon%2BFrance/,
https://www.google.com/maps/search/etablissement+wellness+Grainville-sur-Ry%2BFrance/,
https://www.google.com/maps/search/etablissement+wellness+Grainville-Ymauville%2BFrance/,
https://www.google.com/maps/search/etablissement+wellness+Le Grais%2BFrance/,
https://www.google.com/maps/search/etablissement+wellness+Graissessac%2BFrance/,
https://www.google.com/maps/search/etablissement+wellness+Graix%2BFrance/,
https://www.google.com/maps/search/etablissement+wellness+Gramat%2BFrance/,
https://www.google.com/maps/search/etablissement+wellness+Gramazie%2BFrance/,
https://www.google.com/maps/search/etablissement+wellness+Grambois%2BFrance/,
https://www.google.com/maps/search/etablissement+wellness+Grammond%2BFrance/,
https://www.google.com/maps/search/etablissement+wellness+Grammont%2BFrance/,
https://www.google.com/maps/search/etablissement+wellness+Gramond%2BFrance/,
https://www.google.com/maps/search/etablissement+wellness+Gramont%2BFrance/,
https://www.google.com/maps/search/etablissement+wellness+Granace%2BFrance/,
https://www.google.com/maps/search/etablissement+wellness+Grancey-le-Château-Neuvelle%2BFrance/,
https://www.google.com/maps/search/etablissement+wellness+Grancey-sur-Ource%2BFrance/,
https://www.google.com/maps/search/etablissement+wellness+Grand%2BFrance/,
https://www.google.com/maps/search/etablissement+wellness+Grand Bourgtheroulde%2BFrance/,
https://www.google.com/maps/search/etablissement+wellness+Grand-Auverné%2BFrance/,
https://www.google.com/maps/search/etablissement+wellness+Le Grand-Bornand%2BFrance/,
https://www.google.com/maps/search/etablissement+wellness+Le Grand-Bourg%2BFrance/,
https://www.google.com/maps/search/etablissement+wellness+Grand-Bourg%2BFrance/,
https://www.google.com/maps/search/etablissement+wellness+Grand-Brassac%2BFrance/,
https://www.google.com/maps/search/etablissement+wellness+Grand-Camp%2BFrance/,
https://www.google.com/maps/search/etablissement+wellness+Grand-Camp%2BFrance/,
https://www.google.com/maps/search/etablissement+wellness+Le Grand-Celland%2BFrance/,
https://www.google.com/maps/search/etablissement+wellness+Grand-Champ%2BFrance/,
https://www.google.com/maps/search/etablissement+wellness+Grand-Charmont%2BFrance/,
https://www.google.com/maps/search/etablissement+wellness+La Grand-Combe%2BFrance/,
https://www.google.com/maps/search/etablissement+wellness+Grand-Corent%2BFrance/,
https://www.google.com/maps/search/etablissement+wellness+Grand-Couronne%2BFrance/,
https://www.google.com/maps/search/etablissement+wellness+La Grand-Croix%2BFrance/,
https://www.google.com/maps/search/etablissement+wellness+Grand-Failly%2BFrance/,
https://www.google.com/maps/search/etablissement+wellness+Grand-Fayt%2BFrance/,
https://www.google.com/maps/search/etablissement+wellness+Grand-Fort-Philippe%2BFrance/,
https://www.google.com/maps/search/etablissement+wellness+Grand-Fougeray%2BFrance/,
https://www.google.com/maps/search/etablissement+wellness+Grand-Laviers%2BFrance/,
https://www.google.com/maps/search/etablissement+wellness+Le Grand-Lemps%2BFrance/,
https://www.google.com/maps/search/etablissement+wellness+Le Grand-Lucé%2BFrance/,
https://www.google.com/maps/search/etablissement+wellness+Le Grand-Madieu%2BFrance/,
https://www.google.com/maps/search/etablissement+wellness+Le Grand-Pressigny%2BFrance/,
https://www.google.com/maps/search/etablissement+wellness+Le Grand-Quevilly%2BFrance/,
https://www.google.com/maps/search/etablissement+wellness+Grand-Rozoy%2BFrance/,
https://www.google.com/maps/search/etablissement+wellness+Grand-Rullecourt%2BFrance/,
https://www.google.com/maps/search/etablissement+wellness+Grand-Santi%2BFrance/,
https://www.google.com/maps/search/etablissement+wellness+Le Grand-Serre%2BFrance/,
https://www.google.com/maps/search/etablissement+wellness+Grand-Verly%2BFrance/,
https://www.google.com/maps/search/etablissement+wellness+Le Grand-Village-Plage%2BFrance/,
https://www.google.com/maps/search/etablissement+wellness+Grand'Combe-Châteleu%2BFrance/,
https://www.google.com/maps/search/etablissement+wellness+Grand'Combe-des-Bois%2BFrance/,
https://www.google.com/maps/search/etablissement+wellness+Grand'Landes%2BFrance/,
https://www.google.com/maps/search/etablissement+wellness+Grand'Rivière%2BFrance/,
https://www.google.com/maps/search/etablissement+wellness+Grandcamp-Maisy%2BFrance/,
https://www.google.com/maps/search/etablissement+wellness+Grandchamp%2BFrance/,
https://www.google.com/maps/search/etablissement+wellness+Grandchamp%2BFrance/,
https://www.google.com/maps/search/etablissement+wellness+Grandchamp%2BFrance/,
https://www.google.com/maps/search/etablissement+wellness+Grandchamp%2BFrance/,
https://www.google.com/maps/search/etablissement+wellness+Grandchamp-le-Château%2BFrance/,
https://www.google.com/maps/search/etablissement+wellness+Grandchamps-des-Fontaines%2BFrance/,
https://www.google.com/maps/search/etablissement+wellness+Grandcourt%2BFrance/,
https://www.google.com/maps/search/etablissement+wellness+Grandcourt%2BFrance/,
https://www.google.com/maps/search/etablissement+wellness+La Grande-Fosse%2BFrance/,
https://www.google.com/maps/search/etablissement+wellness+La Grande-Motte%2BFrance/,
https://www.google.com/maps/search/etablissement+wellness+La Grande-Paroisse%2BFrance/,
https://www.google.com/maps/search/etablissement+wellness+La Grande-Résie%2BFrance/,
https://www.google.com/maps/search/etablissement+wellness+Grande-Rivière%2BFrance/,
https://www.google.com/maps/search/etablissement+wellness+Grande-Synthe%2BFrance/,
https://www.google.com/maps/search/etablissement+wellness+La Grande-Verrière%2BFrance/,
https://www.google.com/maps/search/etablissement+wellness+Grandecourt%2BFrance/,
https://www.google.com/maps/search/etablissement+wellness+Les Grandes-Armoises%2BFrance/,
https://www.google.com/maps/search/etablissement+wellness+Les Grandes-Chapelles%2BFrance/,
https://www.google.com/maps/search/etablissement+wellness+Les Grandes-Loges%2BFrance/,
https://www.google.com/maps/search/etablissement+wellness+Les Grandes-Ventes%2BFrance/,
https://www.google.com/maps/search/etablissement+wellness+Grandeyrolles%2BFrance/,
https://www.google.com/maps/search/etablissement+wellness+Grandfontaine%2BFrance/,
https://www.google.com/maps/search/etablissement+wellness+Grandfontaine%2BFrance/,
https://www.google.com/maps/search/etablissement+wellness+Grandfontaine-sur-Creuse%2BFrance/,
https://www.google.com/maps/search/etablissement+wellness+Grandfresnoy%2BFrance/,
https://www.google.com/maps/search/etablissement+wellness+Grandham%2BFrance/,
https://www.google.com/maps/search/etablissement+wellness+Grandjean%2BFrance/,
https://www.google.com/maps/search/etablissement+wellness+Grandlup-et-Fay%2BFrance/,
https://www.google.com/maps/search/etablissement+wellness+Grandparigny%2BFrance/,
https://www.google.com/maps/search/etablissement+wellness+Grandpré%2BFrance/,
https://www.google.com/maps/search/etablissement+wellness+Grandpuits-Bailly-Carrois%2BFrance/,
https://www.google.com/maps/search/etablissement+wellness+Grandrieu%2BFrance/,
https://www.google.com/maps/search/etablissement+wellness+Grandrieux%2BFrance/,
https://www.google.com/maps/search/etablissement+wellness+Grandrif%2BFrance/,
https://www.google.com/maps/search/etablissement+wellness+Grandris%2BFrance/,
https://www.google.com/maps/search/etablissement+wellness+Grandrû%2BFrance/,
https://www.google.com/maps/search/etablissement+wellness+Grandrupt%2BFrance/,
https://www.google.com/maps/search/etablissement+wellness+Grandrupt-de-Bains%2BFrance/,
https://www.google.com/maps/search/etablissement+wellness+Les Grands-Chézeaux%2BFrance/,
https://www.google.com/maps/search/etablissement+wellness+Grandsaigne%2BFrance/,
https://www.google.com/maps/search/etablissement+wellness+Grandval%2BFrance/,
https://www.google.com/maps/search/etablissement+wellness+Grandvals%2BFrance/,
https://www.google.com/maps/search/etablissement+wellness+Grandvaux%2BFrance/,
https://www.google.com/maps/search/etablissement+wellness+Grandvelle-et-le-Perrenot%2BFrance/,
https://www.google.com/maps/search/etablissement+wellness+Grandvillars%2BFrance/,
https://www.google.com/maps/search/etablissement+wellness+La Grandville%2BFrance/,
https://www.google.com/maps/search/etablissement+wellness+Grandville%2BFrance/,
https://www.google.com/maps/search/etablissement+wellness+Grandvillers%2BFrance/,
https://www.google.com/maps/search/etablissement+wellness+Grandvillers-aux-Bois%2BFrance/,
https://www.google.com/maps/search/etablissement+wellness+Grandvilliers%2BFrance/,
https://www.google.com/maps/search/etablissement+wellness+Grandvilliers%2BFrance/,
https://www.google.com/maps/search/etablissement+wellness+Grane%2BFrance/,
https://www.google.com/maps/search/etablissement+wellness+Granès%2BFrance/,
https://www.google.com/maps/search/etablissement+wellness+La Grange%2BFrance/,
https://www.google.com/maps/search/etablissement+wellness+Grange-de-Vaivre%2BFrance/,
https://www.google.com/maps/search/etablissement+wellness+Grangermont%2BFrance/,
https://www.google.com/maps/search/etablissement+wellness+Les Granges%2BFrance/,
https://www.google.com/maps/search/etablissement+wellness+Granges%2BFrance/,
https://www.google.com/maps/search/etablissement+wellness+Granges-Aumontzey%2BFrance/,
https://www.google.com/maps/search/etablissement+wellness+Granges-d'Ans%2BFrance/,
https://www.google.com/maps/search/etablissement+wellness+Les Granges-Gontardes%2BFrance/,
https://www.google.com/maps/search/etablissement+wellness+Granges-la-Ville%2BFrance/,
https://www.google.com/maps/search/etablissement+wellness+Granges-le-Bourg%2BFrance/,
https://www.google.com/maps/search/etablissement+wellness+Les Granges-le-Roi%2BFrance/,
https://www.google.com/maps/search/etablissement+wellness+Granges-les-Beaumont%2BFrance/,
https://www.google.com/maps/search/etablissement+wellness+Granges-Narboz%2BFrance/,
https://www.google.com/maps/search/etablissement+wellness+Granges-sur-Aube%2BFrance/,
https://www.google.com/maps/search/etablissement+wellness+Granges-sur-Lot%2BFrance/,
https://www.google.com/maps/search/etablissement+wellness+Les Grangettes%2BFrance/,
https://www.google.com/maps/search/etablissement+wellness+Grangues%2BFrance/,
https://www.google.com/maps/search/etablissement+wellness+Granieu%2BFrance/,
https://www.google.com/maps/search/etablissement+wellness+Grans%2BFrance/,
https://www.google.com/maps/search/etablissement+wellness+Granville%2BFrance/,
https://www.google.com/maps/search/etablissement+wellness+Granzay-Gript%2BFrance/,
https://www.google.com/maps/search/etablissement+wellness+Gras%2BFrance/,
https://www.google.com/maps/search/etablissement+wellness+Les Gras%2BFrance/,
https://www.google.com/maps/search/etablissement+wellness+Grassac%2BFrance/,
https://www.google.com/maps/search/etablissement+wellness+Grasse%2BFrance/,
https://www.google.com/maps/search/etablissement+wellness+Grassendorf%2BFrance/,
https://www.google.com/maps/search/etablissement+wellness+Grateloup-Saint-Gayrand%2BFrance/,
https://www.google.com/maps/search/etablissement+wellness+Gratens%2BFrance/,
https://www.google.com/maps/search/etablissement+wellness+Gratentour%2BFrance/,
https://www.google.com/maps/search/etablissement+wellness+Gratibus%2BFrance/,
https://www.google.com/maps/search/etablissement+wellness+Gratot%2BFrance/,
https://www.google.com/maps/search/etablissement+wellness+Gratreuil%2BFrance/,
https://www.google.com/maps/search/etablissement+wellness+Grattepanche%2BFrance/,
https://www.google.com/maps/search/etablissement+wellness+Le Gratteris%2BFrance/,
https://www.google.com/maps/search/etablissement+wellness+Grattery%2BFrance/,
https://www.google.com/maps/search/etablissement+wellness+Le Grau-du-Roi%2BFrance/,
https://www.google.com/maps/search/etablissement+wellness+Les Graulges%2BFrance/,
https://www.google.com/maps/search/etablissement+wellness+Graulhet%2BFrance/,
https://www.google.com/maps/search/etablissement+wellness+Grauves%2BFrance/,
https://www.google.com/maps/search/etablissement+wellness+Graval%2BFrance/,
https://www.google.com/maps/search/etablissement+wellness+La Grave%2BFrance/,
https://www.google.com/maps/search/etablissement+wellness+Gravelines%2BFrance/,
https://www.google.com/maps/search/etablissement+wellness+La Gravelle%2BFrance/,
https://www.google.com/maps/search/etablissement+wellness+Gravelotte%2BFrance/,
https://www.google.com/maps/search/etablissement+wellness+Graveron-Sémerville%2BFrance/,
https://www.google.com/maps/search/etablissement+wellness+Graves-Saint-Amant%2BFrance/,
https://www.google.com/maps/search/etablissement+wellness+Graveson%2BFrance/,
https://www.google.com/maps/search/etablissement+wellness+Gravières%2BFrance/,
https://www.google.com/maps/search/etablissement+wellness+Gravigny%2BFrance/,
https://www.google.com/maps/search/etablissement+wellness+Gravon%2BFrance/,
https://www.google.com/maps/search/etablissement+wellness+Gray%2BFrance/,
https://www.google.com/maps/search/etablissement+wellness+Gray-la-Ville%2BFrance/,
https://www.google.com/maps/search/etablissement+wellness+Grayan-et-l'Hôpital%2BFrance/,
https://www.google.com/maps/search/etablissement+wellness+Graye-et-Charnay%2BFrance/,
https://www.google.com/maps/search/etablissement+wellness+Graye-sur-Mer%2BFrance/,
https://www.google.com/maps/search/etablissement+wellness+Grayssas%2BFrance/,
https://www.google.com/maps/search/etablissement+wellness+Grazac%2BFrance/,
https://www.google.com/maps/search/etablissement+wellness+Grazac%2BFrance/,
https://www.google.com/maps/search/etablissement+wellness+Grazac%2BFrance/,
https://www.google.com/maps/search/etablissement+wellness+Grazay%2BFrance/,
https://www.google.com/maps/search/etablissement+wellness+Gréalou%2BFrance/,
https://www.google.com/maps/search/etablissement+wellness+Gréasque%2BFrance/,
https://www.google.com/maps/search/etablissement+wellness+Grébault-Mesnil%2BFrance/,
https://www.google.com/maps/search/etablissement+wellness+Grécourt%2BFrance/,
https://www.google.com/maps/search/etablissement+wellness+Gredisans%2BFrance/,
https://www.google.com/maps/search/etablissement+wellness+La Grée-Saint-Laurent%2BFrance/,
https://www.google.com/maps/search/etablissement+wellness+Gréez-sur-Roc%2BFrance/,
https://www.google.com/maps/search/etablissement+wellness+Greffeil%2BFrance/,
https://www.google.com/maps/search/etablissement+wellness+Grèges%2BFrance/,
https://www.google.com/maps/search/etablissement+wellness+Grémecey%2BFrance/,
https://www.google.com/maps/search/etablissement+wellness+Grémévillers%2BFrance/,
https://www.google.com/maps/search/etablissement+wellness+Gremilly%2BFrance/,
https://www.google.com/maps/search/etablissement+wellness+Grémonville%2BFrance/,
https://www.google.com/maps/search/etablissement+wellness+Grenade%2BFrance/,
https://www.google.com/maps/search/etablissement+wellness+Grenade-sur-l'Adour%2BFrance/,
https://www.google.com/maps/search/etablissement+wellness+Grenant%2BFrance/,
https://www.google.com/maps/search/etablissement+wellness+Grenant-lès-Sombernon%2BFrance/,
https://www.google.com/maps/search/etablissement+wellness+Grenay%2BFrance/,
https://www.google.com/maps/search/etablissement+wellness+Grenay%2BFrance/,
https://www.google.com/maps/search/etablissement+wellness+Grendelbruch%2BFrance/,
https://www.google.com/maps/search/etablissement+wellness+Greneville-en-Beauce%2BFrance/,
https://www.google.com/maps/search/etablissement+wellness+Grenier-Montgon%2BFrance/,
https://www.google.com/maps/search/etablissement+wellness+Gréning%2BFrance/,
https://www.google.com/maps/search/etablissement+wellness+Grenoble%2BFrance/,
https://www.google.com/maps/search/etablissement+wellness+Grenois%2BFrance/,
https://www.google.com/maps/search/etablissement+wellness+Grentheville%2BFrance/,
https://www.google.com/maps/search/etablissement+wellness+Gréolières%2BFrance/,
https://www.google.com/maps/search/etablissement+wellness+Gréoux-les-Bains%2BFrance/,
https://www.google.com/maps/search/etablissement+wellness+Grépiac%2BFrance/,
https://www.google.com/maps/search/etablissement+wellness+Le Grès%2BFrance/,
https://www.google.com/maps/search/etablissement+wellness+Grésigny-Sainte-Reine%2BFrance/,
https://www.google.com/maps/search/etablissement+wellness+Gresin%2BFrance/,
https://www.google.com/maps/search/etablissement+wellness+La Gresle%2BFrance/,
https://www.google.com/maps/search/etablissement+wellness+Gresse-en-Vercors%2BFrance/,
https://www.google.com/maps/search/etablissement+wellness+Gressey%2BFrance/,
https://www.google.com/maps/search/etablissement+wellness+Gresswiller%2BFrance/,
https://www.google.com/maps/search/etablissement+wellness+Gressy%2BFrance/,
https://www.google.com/maps/search/etablissement+wellness+Grésy-sur-Aix%2BFrance/,
https://www.google.com/maps/search/etablissement+wellness+Grésy-sur-Isère%2BFrance/,
https://www.google.com/maps/search/etablissement+wellness+Gretz-Armainvilliers%2BFrance/,
https://www.google.com/maps/search/etablissement+wellness+Greuville%2BFrance/,
https://www.google.com/maps/search/etablissement+wellness+Greux%2BFrance/,
https://www.google.com/maps/search/etablissement+wellness+La Grève-sur-Mignon%2BFrance/,
https://www.google.com/maps/search/etablissement+wellness+Gréville-Hague%2BFrance/,
https://www.google.com/maps/search/etablissement+wellness+Grévillers%2BFrance/,
https://www.google.com/maps/search/etablissement+wellness+Grevilly%2BFrance/,
https://www.google.com/maps/search/etablissement+wellness+Grez%2BFrance/,
https://www.google.com/maps/search/etablissement+wellness+Le Grez%2BFrance/,traité (2026-08-22 20:51)
https://www.google.com/maps/search/etablissement+wellness+Grez-en-Bouère%2BFrance/,traité (2026-08-22 20:52)
https://www.google.com/maps/search/etablissement+wellness+Grez-Neuville%2BFrance/,traité (2026-08-22 20:53)
https://www.google.com/maps/search/etablissement+wellness+Grez-sur-Loing%2BFrance/,traité (2026-08-22 20:53)
https://www.google.com/maps/search/etablissement+wellness+Grézac%2BFrance/,traité (2026-08-22 20:56)
https://www.google.com/maps/search/etablissement+wellness+Grézels%2BFrance/,traité (2026-08-22 20:56)
https://www.google.com/maps/search/etablissement+wellness+Grèzes%2BFrance/,traité (2026-08-22 21:00)
https://www.google.com/maps/search/etablissement+wellness+Grèzes%2BFrance/,traité (2026-08-22 21:00)
https://www.google.com/maps/search/etablissement+wellness+Grèzes%2BFrance/,traité (2026-08-22 21:00)
https://www.google.com/maps/search/etablissement+wellness+Grèzes%2BFrance/,traité (2026-08-22 21:00)
https://www.google.com/maps/search/etablissement+wellness+Grézet-Cavagnan%2BFrance/,traité (2026-08-22 21:00)
https://www.google.com/maps/search/etablissement+wellness+Grézian%2BFrance/,traité (2026-08-22 21:00)
https://www.google.com/maps/search/etablissement+wellness+Grézieu-la-Varenne%2BFrance/,traité (2026-08-22 21:00)
https://www.google.com/maps/search/etablissement+wellness+Grézieu-le-Marché%2BFrance/,traité (2026-08-22 21:04)
https://www.google.com/maps/search/etablissement+wellness+Grézieux-le-Fromental%2BFrance/,traité (2026-08-22 21:04)
https://www.google.com/maps/search/etablissement+wellness+Grézillac%2BFrance/,traité (2026-08-22 21:04)
https://www.google.com/maps/search/etablissement+wellness+Grézolles%2BFrance/,traité (2026-08-22 21:04)
https://www.google.com/maps/search/etablissement+wellness+Gricourt%2BFrance/,traité (2026-08-22 21:05)
https://www.google.com/maps/search/etablissement+wellness+Grièges%2BFrance/,traité (2026-08-22 21:08)
https://www.google.com/maps/search/etablissement+wellness+Gries%2BFrance/,traité (2026-08-22 21:08)
https://www.google.com/maps/search/etablissement+wellness+Griesbach-au-Val%2BFrance/,traité (2026-08-22 21:08)
https://www.google.com/maps/search/etablissement+wellness+Griesheim-près-Molsheim%2BFrance/,traité (2026-08-22 21:08)
https://www.google.com/maps/search/etablissement+wellness+Griesheim-sur-Souffel%2BFrance/,traité (2026-08-22 21:09)
https://www.google.com/maps/search/etablissement+wellness+Grignan%2BFrance/,traité (2026-08-22 21:11)
https://www.google.com/maps/search/etablissement+wellness+Grigneuseville%2BFrance/,traité (2026-08-22 21:11)
https://www.google.com/maps/search/etablissement+wellness+Grignols%2BFrance/,traité (2026-08-22 21:12)
https://www.google.com/maps/search/etablissement+wellness+Grignols%2BFrance/,traité (2026-08-22 21:12)
https://www.google.com/maps/search/etablissement+wellness+Grignon%2BFrance/,traité (2026-08-22 21:15)
https://www.google.com/maps/search/etablissement+wellness+Grignon%2BFrance/,traité (2026-08-22 21:15)
https://www.google.com/maps/search/etablissement+wellness+Grignoncourt%2BFrance/,échec (2026-08-22 21:15)
https://www.google.com/maps/search/etablissement+wellness+Grigny%2BFrance/,traité (2026-08-22 21:19)
https://www.google.com/maps/search/etablissement+wellness+Grigny%2BFrance/,traité (2026-08-22 21:19)
https://www.google.com/maps/search/etablissement+wellness+Grigny%2BFrance/,traité (2026-08-22 21:19)
https://www.google.com/maps/search/etablissement+wellness+La Grigonnais%2BFrance/,traité (2026-08-22 21:19)
https://www.google.com/maps/search/etablissement+wellness+Grillon%2BFrance/,traité (2026-08-22 21:19)
https://www.google.com/maps/search/etablissement+wellness+Grilly%2BFrance/,traité (2026-08-22 21:20)
https://www.google.com/maps/search/etablissement+wellness+Grimaucourt-en-Woëvre%2BFrance/,traité (2026-08-22 21:20)
https://www.google.com/maps/search/etablissement+wellness+Grimaucourt-près-Sampigny%2BFrance/,traité (2026-08-22 21:23)
https://www.google.com/maps/search/etablissement+wellness+Grimaud%2BFrance/,traité (2026-08-22 21:23)
https://www.google.com/maps/search/etablissement+wellness+La Grimaudière%2BFrance/,traité (2026-08-22 21:23)
https://www.google.com/maps/search/etablissement+wellness+Grimault%2BFrance/,traité (2026-08-22 21:23)
https://www.google.com/maps/search/etablissement+wellness+Grimbosq%2BFrance/,traité (2026-08-22 21:24)
https://www.google.com/maps/search/etablissement+wellness+Grimesnil%2BFrance/,traité (2026-08-22 21:26)
https://www.google.com/maps/search/etablissement+wellness+Grimonviller%2BFrance/,traité (2026-08-22 21:26)
https://www.google.com/maps/search/etablissement+wellness+Grincourt-lès-Pas%2BFrance/,traité (2026-08-22 21:27)
https://www.google.com/maps/search/etablissement+wellness+Grindorff-Bizing%2BFrance/,traité (2026-08-22 21:28)
https://www.google.com/maps/search/etablissement+wellness+La Gripperie-Saint-Symphorien%2BFrance/,traité (2026-08-22 21:29)
https://www.google.com/maps/search/etablissement+wellness+Le Grippon%2BFrance/,traité (2026-08-22 21:31)
https://www.google.com/maps/search/etablissement+wellness+Gripport%2BFrance/,traité (2026-08-22 21:31)
https://www.google.com/maps/search/etablissement+wellness+Griscourt%2BFrance/,traité (2026-08-22 21:31)
https://www.google.com/maps/search/etablissement+wellness+Griselles%2BFrance/,traité (2026-08-22 21:35)
https://www.google.com/maps/search/etablissement+wellness+Griselles%2BFrance/,traité (2026-08-22 21:35)
https://www.google.com/maps/search/etablissement+wellness+Grisolles%2BFrance/,traité (2026-08-22 21:35)
https://www.google.com/maps/search/etablissement+wellness+Grisolles%2BFrance/,traité (2026-08-22 21:35)
https://www.google.com/maps/search/etablissement+wellness+Grisy-les-Plâtres%2BFrance/,traité (2026-08-22 21:36)
https://www.google.com/maps/search/etablissement+wellness+Grisy-Suisnes%2BFrance/,traité (2026-08-22 21:37)
https://www.google.com/maps/search/etablissement+wellness+Grisy-sur-Seine%2BFrance/,traité (2026-08-22 21:39)
https://www.google.com/maps/search/etablissement+wellness+Grives%2BFrance/,traité (2026-08-22 21:39)
https://www.google.com/maps/search/etablissement+wellness+Grivesnes%2BFrance/,traité (2026-08-22 21:40)
https://www.google.com/maps/search/etablissement+wellness+Grivillers%2BFrance/,traité (2026-08-22 21:41)
https://www.google.com/maps/search/etablissement+wellness+Grivy-Loisy%2BFrance/,traité (2026-08-22 21:44)
https://www.google.com/maps/search/etablissement+wellness+Groffliers%2BFrance/,traité (2026-08-22 21:44)
https://www.google.com/maps/search/etablissement+wellness+La Groise%2BFrance/,traité (2026-08-22 21:44)
https://www.google.com/maps/search/etablissement+wellness+Groises%2BFrance/,traité (2026-08-22 21:44)
https://www.google.com/maps/search/etablissement+wellness+Groissiat%2BFrance/,traité (2026-08-22 21:45)
https://www.google.com/maps/search/etablissement+wellness+Groisy%2BFrance/,traité (2026-08-22 21:47)
https://www.google.com/maps/search/etablissement+wellness+Groix%2BFrance/,traité (2026-08-22 21:47)
https://www.google.com/maps/search/etablissement+wellness+Groléjac%2BFrance/,traité (2026-08-22 21:48)
https://www.google.com/maps/search/etablissement+wellness+Gron%2BFrance/,traité (2026-08-22 21:49)
https://www.google.com/maps/search/etablissement+wellness+Gron%2BFrance/,traité (2026-08-22 21:49)
https://www.google.com/maps/search/etablissement+wellness+Gronard%2BFrance/,traité (2026-08-22 21:52)
https://www.google.com/maps/search/etablissement+wellness+Gros-Chastang%2BFrance/,traité (2026-08-22 21:52)
https://www.google.com/maps/search/etablissement+wellness+Gros-Morne%2BFrance/,traité (2026-08-22 21:52)
https://www.google.com/maps/search/etablissement+wellness+Gros-Réderching%2BFrance/,traité (2026-08-22 21:53)
https://www.google.com/maps/search/etablissement+wellness+Grosbliederstroff%2BFrance/,traité (2026-08-22 21:53)
https://www.google.com/maps/search/etablissement+wellness+Grosbois%2BFrance/,traité (2026-08-22 21:55)
https://www.google.com/maps/search/etablissement+wellness+Grosbois-en-Montagne%2BFrance/,traité (2026-08-22 21:55)
https://www.google.com/maps/search/etablissement+wellness+Grosbois-lès-Tichey%2BFrance/,traité (2026-08-22 21:55)
https://www.google.com/maps/search/etablissement+wellness+Grosbreuil%2BFrance/,traité (2026-08-22 21:56)
https://www.google.com/maps/search/etablissement+wellness+Les Groseillers%2BFrance/,traité (2026-08-22 21:58)
https://www.google.com/maps/search/etablissement+wellness+Groslay%2BFrance/,traité (2026-08-22 21:58)
https://www.google.com/maps/search/etablissement+wellness+Groslée-Saint-Benoit%2BFrance/,traité (2026-08-22 21:59)
https://www.google.com/maps/search/etablissement+wellness+Grosley-sur-Risle%2BFrance/,traité (2026-08-22 21:59)
https://www.google.com/maps/search/etablissement+wellness+Grosmagny%2BFrance/,traité (2026-08-22 21:59)
https://www.google.com/maps/search/etablissement+wellness+Grosne%2BFrance/,traité (2026-08-22 22:02)
https://www.google.com/maps/search/etablissement+wellness+Grospierres%2BFrance/,traité (2026-08-22 22:02)
https://www.google.com/maps/search/etablissement+wellness+Grosrouvre%2BFrance/,traité (2026-08-22 22:02)
https://www.google.com/maps/search/etablissement+wellness+Grosrouvres%2BFrance/,traité (2026-08-22 22:03)
https://www.google.com/maps/search/etablissement+wellness+Grossa%2BFrance/,traité (2026-08-22 22:04)
https://www.google.com/maps/search/etablissement+wellness+Grosseto-Prugna%2BFrance/,traité (2026-08-22 22:06)
https://www.google.com/maps/search/etablissement+wellness+Grossœuvre%2BFrance/,traité (2026-08-22 22:06)
https://www.google.com/maps/search/etablissement+wellness+Grossouvre%2BFrance/,traité (2026-08-22 22:06)
https://www.google.com/maps/search/etablissement+wellness+Grostenquin%2BFrance/,traité (2026-08-22 22:07)
https://www.google.com/maps/search/etablissement+wellness+Grosville%2BFrance/,traité (2026-08-22 22:10)
https://www.google.com/maps/search/etablissement+wellness+Grouches-Luchuel%2BFrance/,traité (2026-08-22 22:10)
https://www.google.com/maps/search/etablissement+wellness+Grougis%2BFrance/,traité (2026-08-22 22:10)
https://www.google.com/maps/search/etablissement+wellness+La Groutte%2BFrance/,traité (2026-08-22 22:10)
https://www.google.com/maps/search/etablissement+wellness+Grozon%2BFrance/,traité (2026-08-22 22:11)
https://www.google.com/maps/search/etablissement+wellness+Gruchet-le-Valasse%2BFrance/,traité (2026-08-22 22:13)
https://www.google.com/maps/search/etablissement+wellness+Gruchet-Saint-Siméon%2BFrance/,traité (2026-08-22 22:13)
https://www.google.com/maps/search/etablissement+wellness+Grues%2BFrance/,traité (2026-08-22 22:13)
https://www.google.com/maps/search/etablissement+wellness+Gruey-lès-Surance%2BFrance/,traité (2026-08-22 22:14)
https://www.google.com/maps/search/etablissement+wellness+Gruffy%2BFrance/,traité (2026-08-22 22:14)
https://www.google.com/maps/search/etablissement+wellness+Grugé-l'Hôpital%2BFrance/,traité (2026-08-22 22:17)
https://www.google.com/maps/search/etablissement+wellness+Grugies%2BFrance/,traité (2026-08-22 22:17)
https://www.google.com/maps/search/etablissement+wellness+Grugny%2BFrance/,traité (2026-08-22 22:17)
https://www.google.com/maps/search/etablissement+wellness+Gruissan%2BFrance/,traité (2026-08-22 22:17)
https://www.google.com/maps/search/etablissement+wellness+Grumesnil%2BFrance/,traité (2026-08-22 22:20)
https://www.google.com/maps/search/etablissement+wellness+Grun-Bordas%2BFrance/,traité (2026-08-22 22:20)
https://www.google.com/maps/search/etablissement+wellness+Grundviller%2BFrance/,traité (2026-08-22 22:20)
https://www.google.com/maps/search/etablissement+wellness+Gruny%2BFrance/,
https://www.google.com/maps/search/etablissement+wellness+Grury%2BFrance/,
https://www.google.com/maps/search/etablissement+wellness+Gruson%2BFrance/,
https://www.google.com/maps/search/etablissement+wellness+Grusse%2BFrance/,
https://www.google.com/maps/search/etablissement+wellness+Grussenheim%2BFrance/,
https://www.google.com/maps/search/etablissement+wellness+Grust%2BFrance/,
https://www.google.com/maps/search/etablissement+wellness+Gruyères%2BFrance/,
https://www.google.com/maps/search/etablissement+wellness+Le Gua%2BFrance/,
https://www.google.com/maps/search/etablissement+wellness+Le Gua%2BFrance/,
https://www.google.com/maps/search/etablissement+wellness+Guagno%2BFrance/,
https://www.google.com/maps/search/etablissement+wellness+Guainville%2BFrance/,
https://www.google.com/maps/search/etablissement+wellness+Guarbecque%2BFrance/,
https://www.google.com/maps/search/etablissement+wellness+Guargualé%2BFrance/,
https://www.google.com/maps/search/etablissement+wellness+Guchan%2BFrance/,
https://www.google.com/maps/search/etablissement+wellness+Guchen%2BFrance/,
https://www.google.com/maps/search/etablissement+wellness+Gudas%2BFrance/,
https://www.google.com/maps/search/etablissement+wellness+Gudmont-Villiers%2BFrance/,
https://www.google.com/maps/search/etablissement+wellness+Le Gué-d'Alleré%2BFrance/,
https://www.google.com/maps/search/etablissement+wellness+Gué-d'Hossus%2BFrance/,
https://www.google.com/maps/search/etablissement+wellness+Le Gué-de-Longroi%2BFrance/,
https://www.google.com/maps/search/etablissement+wellness+Le Gué-de-Velluire%2BFrance/,
https://www.google.com/maps/search/etablissement+wellness+Guebenhouse%2BFrance/,
https://www.google.com/maps/search/etablissement+wellness+Gueberschwihr%2BFrance/,
https://www.google.com/maps/search/etablissement+wellness+Guébestroff%2BFrance/,
https://www.google.com/maps/search/etablissement+wellness+Guéblange-lès-Dieuze%2BFrance/,
https://www.google.com/maps/search/etablissement+wellness+Guébling%2BFrance/,
https://www.google.com/maps/search/etablissement+wellness+Guebwiller%2BFrance/,
https://www.google.com/maps/search/etablissement+wellness+Guécélard%2BFrance/,
https://www.google.com/maps/search/etablissement+wellness+Guégon%2BFrance/,
https://www.google.com/maps/search/etablissement+wellness+Guéhébert%2BFrance/,
https://www.google.com/maps/search/etablissement+wellness+Guéhenno%2BFrance/,
https://www.google.com/maps/search/etablissement+wellness+Gueltas%2BFrance/,
https://www.google.com/maps/search/etablissement+wellness+Guémappe%2BFrance/,
https://www.google.com/maps/search/etablissement+wellness+Guémar%2BFrance/,
https://www.google.com/maps/search/etablissement+wellness+Guémené-Penfao%2BFrance/,
https://www.google.com/maps/search/etablissement+wellness+Guémené-sur-Scorff%2BFrance/,
https://www.google.com/maps/search/etablissement+wellness+Guemps%2BFrance/,
https://www.google.com/maps/search/etablissement+wellness+Guénange%2BFrance/,
https://www.google.com/maps/search/etablissement+wellness+Guengat%2BFrance/,
https://www.google.com/maps/search/etablissement+wellness+Guénin%2BFrance/,
https://www.google.com/maps/search/etablissement+wellness+Guenroc%2BFrance/,
https://www.google.com/maps/search/etablissement+wellness+Guenrouet%2BFrance/,
https://www.google.com/maps/search/etablissement+wellness+Guenviller%2BFrance/,
https://www.google.com/maps/search/etablissement+wellness+Guêprei%2BFrance/,
https://www.google.com/maps/search/etablissement+wellness+Guer%2BFrance/,
https://www.google.com/maps/search/etablissement+wellness+Guérande%2BFrance/,
https://www.google.com/maps/search/etablissement+wellness+Guérard%2BFrance/,
https://www.google.com/maps/search/etablissement+wellness+Guerbigny%2BFrance/,
https://www.google.com/maps/search/etablissement+wellness+La Guerche%2BFrance/,
https://www.google.com/maps/search/etablissement+wellness+La Guerche-de-Bretagne%2BFrance/,
https://www.google.com/maps/search/etablissement+wellness+La Guerche-sur-l'Aubois%2BFrance/,
https://www.google.com/maps/search/etablissement+wellness+Guercheville%2BFrance/,
https://www.google.com/maps/search/etablissement+wellness+Guéreins%2BFrance/,
https://www.google.com/maps/search/etablissement+wellness+Guéret%2BFrance/,
https://www.google.com/maps/search/etablissement+wellness+Guerfand%2BFrance/,
https://www.google.com/maps/search/etablissement+wellness+Guérigny%2BFrance/,
https://www.google.com/maps/search/etablissement+wellness+Guérin%2BFrance/,
https://www.google.com/maps/search/etablissement+wellness+La Guérinière%2BFrance/,
https://www.google.com/maps/search/etablissement+wellness+Guerlédan%2BFrance/,
https://www.google.com/maps/search/etablissement+wellness+Guerlesquin%2BFrance/,
https://www.google.com/maps/search/etablissement+wellness+Guermange%2BFrance/,
https://www.google.com/maps/search/etablissement+wellness+Guermantes%2BFrance/,
https://www.google.com/maps/search/etablissement+wellness+Guern%2BFrance/,
https://www.google.com/maps/search/etablissement+wellness+Guernes%2BFrance/,
https://www.google.com/maps/search/etablissement+wellness+Le Guerno%2BFrance/,
https://www.google.com/maps/search/etablissement+wellness+Guerny%2BFrance/,
https://www.google.com/maps/search/etablissement+wellness+Guéron%2BFrance/,
https://www.google.com/maps/search/etablissement+wellness+Guerpont%2BFrance/,
https://www.google.com/maps/search/etablissement+wellness+Guerquesalles%2BFrance/,
https://www.google.com/maps/search/etablissement+wellness+Les Guerreaux%2BFrance/,
https://www.google.com/maps/search/etablissement+wellness+Guerstling%2BFrance/,
https://www.google.com/maps/search/etablissement+wellness+Guerting%2BFrance/,
https://www.google.com/maps/search/etablissement+wellness+Guerville%2BFrance/,
https://www.google.com/maps/search/etablissement+wellness+Guerville%2BFrance/,
https://www.google.com/maps/search/etablissement+wellness+Gueschart%2BFrance/,
https://www.google.com/maps/search/etablissement+wellness+Guesnain%2BFrance/,
https://www.google.com/maps/search/etablissement+wellness+Guesnes%2BFrance/,
https://www.google.com/maps/search/etablissement+wellness+Guessling-Hémering%2BFrance/,
https://www.google.com/maps/search/etablissement+wellness+Guéthary%2BFrance/,
https://www.google.com/maps/search/etablissement+wellness+Gueudecourt%2BFrance/,
https://www.google.com/maps/search/etablissement+wellness+Gueugnon%2BFrance/,
https://www.google.com/maps/search/etablissement+wellness+Gueures%2BFrance/,
https://www.google.com/maps/search/etablissement+wellness+Gueutteville%2BFrance/,
https://www.google.com/maps/search/etablissement+wellness+Gueutteville-les-Grès%2BFrance/,
https://www.google.com/maps/search/etablissement+wellness+Gueux%2BFrance/,
https://www.google.com/maps/search/etablissement+wellness+Guevenatten%2BFrance/,
https://www.google.com/maps/search/etablissement+wellness+Guewenheim%2BFrance/,
https://www.google.com/maps/search/etablissement+wellness+Gugnécourt%2BFrance/,
https://www.google.com/maps/search/etablissement+wellness+Gugney%2BFrance/,
https://www.google.com/maps/search/etablissement+wellness+Gugney-aux-Aulx%2BFrance/,
https://www.google.com/maps/search/etablissement+wellness+Guibeville%2BFrance/,
https://www.google.com/maps/search/etablissement+wellness+Guichainville%2BFrance/,
https://www.google.com/maps/search/etablissement+wellness+Guiche%2BFrance/,
https://www.google.com/maps/search/etablissement+wellness+La Guiche%2BFrance/,
https://www.google.com/maps/search/etablissement+wellness+Guichen%2BFrance/,
https://www.google.com/maps/search/etablissement+wellness+Guiclan%2BFrance/,
https://www.google.com/maps/search/etablissement+wellness+Guidel%2BFrance/,
https://www.google.com/maps/search/etablissement+wellness+La Guierche%2BFrance/,
https://www.google.com/maps/search/etablissement+wellness+Guignecourt%2BFrance/,
https://www.google.com/maps/search/etablissement+wellness+Guignemicourt%2BFrance/,
https://www.google.com/maps/search/etablissement+wellness+Guignen%2BFrance/,
https://www.google.com/maps/search/etablissement+wellness+Guignes%2BFrance/,
https://www.google.com/maps/search/etablissement+wellness+Guigneville%2BFrance/,
https://www.google.com/maps/search/etablissement+wellness+Guigneville-sur-Essonne%2BFrance/,
https://www.google.com/maps/search/etablissement+wellness+Guignicourt%2BFrance/,
https://www.google.com/maps/search/etablissement+wellness+Guignicourt-sur-Vence%2BFrance/,
https://www.google.com/maps/search/etablissement+wellness+Guigny%2BFrance/,
https://www.google.com/maps/search/etablissement+wellness+Guiler-sur-Goyen%2BFrance/,
https://www.google.com/maps/search/etablissement+wellness+Guilers%2BFrance/,
https://www.google.com/maps/search/etablissement+wellness+Guilherand-Granges%2BFrance/,
https://www.google.com/maps/search/etablissement+wellness+Guillac%2BFrance/,
https://www.google.com/maps/search/etablissement+wellness+Guillac%2BFrance/,
https://www.google.com/maps/search/etablissement+wellness+Guillaucourt%2BFrance/,
https://www.google.com/maps/search/etablissement+wellness+Guillaumes%2BFrance/,
https://www.google.com/maps/search/etablissement+wellness+Guillemont%2BFrance/,
https://www.google.com/maps/search/etablissement+wellness+La Guillermie%2BFrance/,
https://www.google.com/maps/search/etablissement+wellness+Guillerval%2BFrance/,
https://www.google.com/maps/search/etablissement+wellness+Guillestre%2BFrance/,
https://www.google.com/maps/search/etablissement+wellness+Guilleville%2BFrance/,
https://www.google.com/maps/search/etablissement+wellness+Guilliers%2BFrance/,
https://www.google.com/maps/search/etablissement+wellness+Guilligomarc'h%2BFrance/,
https://www.google.com/maps/search/etablissement+wellness+Guillon%2BFrance/,
https://www.google.com/maps/search/etablissement+wellness+Guillon-les-Bains%2BFrance/,
https://www.google.com/maps/search/etablissement+wellness+Guillonville%2BFrance/,
https://www.google.com/maps/search/etablissement+wellness+Guillos%2BFrance/,
https://www.google.com/maps/search/etablissement+wellness+Guilly%2BFrance/,
https://www.google.com/maps/search/etablissement+wellness+Guilly%2BFrance/,
https://www.google.com/maps/search/etablissement+wellness+Guilvinec%2BFrance/,
https://www.google.com/maps/search/etablissement+wellness+Guimaëc%2BFrance/,
https://www.google.com/maps/search/etablissement+wellness+Guimiliau%2BFrance/,
https://www.google.com/maps/search/etablissement+wellness+Guimps%2BFrance/,
https://www.google.com/maps/search/etablissement+wellness+Guinarthe-Parenties%2BFrance/,
https://www.google.com/maps/search/etablissement+wellness+Guincourt%2BFrance/,
https://www.google.com/maps/search/etablissement+wellness+Guindrecourt-aux-Ormes%2BFrance/,
https://www.google.com/maps/search/etablissement+wellness+Guindrecourt-sur-Blaise%2BFrance/,
https://www.google.com/maps/search/etablissement+wellness+Guinecourt%2BFrance/,
https://www.google.com/maps/search/etablissement+wellness+Guînes%2BFrance/,
https://www.google.com/maps/search/etablissement+wellness+Guingamp%2BFrance/,
https://www.google.com/maps/search/etablissement+wellness+Guinglange%2BFrance/,
https://www.google.com/maps/search/etablissement+wellness+Guinkirchen%2BFrance/,
https://www.google.com/maps/search/etablissement+wellness+Guinzeling%2BFrance/,
https://www.google.com/maps/search/etablissement+wellness+Guipavas%2BFrance/,
https://www.google.com/maps/search/etablissement+wellness+Guipel%2BFrance/,
https://www.google.com/maps/search/etablissement+wellness+Guipry-Messac%2BFrance/,
https://www.google.com/maps/search/etablissement+wellness+Guipy%2BFrance/,
https://www.google.com/maps/search/etablissement+wellness+Guiry-en-Vexin%2BFrance/,
https://www.google.com/maps/search/etablissement+wellness+Guiscard%2BFrance/,
https://www.google.com/maps/search/etablissement+wellness+Guiscriff%2BFrance/,
https://www.google.com/maps/search/etablissement+wellness+Guise%2BFrance/,
https://www.google.com/maps/search/etablissement+wellness+Guiseniers%2BFrance/,
https://www.google.com/maps/search/etablissement+wellness+Le Guislain%2BFrance/,
https://www.google.com/maps/search/etablissement+wellness+Guissény%2BFrance/,
https://www.google.com/maps/search/etablissement+wellness+Guisy%2BFrance/,
https://www.google.com/maps/search/etablissement+wellness+Guitalens-L'Albarède%2BFrance/,
https://www.google.com/maps/search/etablissement+wellness+Guitera-les-Bains%2BFrance/,
https://www.google.com/maps/search/etablissement+wellness+Guitinières%2BFrance/,
https://www.google.com/maps/search/etablissement+wellness+Guitrancourt%2BFrance/,
https://www.google.com/maps/search/etablissement+wellness+Guîtres%2BFrance/,
https://www.google.com/maps/search/etablissement+wellness+Guitté%2BFrance/,
https://www.google.com/maps/search/etablissement+wellness+Guivry%2BFrance/,
https://www.google.com/maps/search/etablissement+wellness+Guizancourt%2BFrance/,
https://www.google.com/maps/search/etablissement+wellness+Guizengeard%2BFrance/,
https://www.google.com/maps/search/etablissement+wellness+Guizerix%2BFrance/,
https://www.google.com/maps/search/etablissement+wellness+Gujan-Mestras%2BFrance/,
https://www.google.com/maps/search/etablissement+wellness+Gumbrechtshoffen%2BFrance/,
https://www.google.com/maps/search/etablissement+wellness+Gumery%2BFrance/,
https://www.google.com/maps/search/etablissement+wellness+Gumiane%2BFrance/,
https://www.google.com/maps/search/etablissement+wellness+Gumières%2BFrance/,
https://www.google.com/maps/search/etablissement+wellness+Gumond%2BFrance/,
https://www.google.com/maps/search/etablissement+wellness+Gundershoffen%2BFrance/,
https://www.google.com/maps/search/etablissement+wellness+Gundolsheim%2BFrance/,
https://www.google.com/maps/search/etablissement+wellness+Gungwiller%2BFrance/,
https://www.google.com/maps/search/etablissement+wellness+Gunsbach%2BFrance/,
https://www.google.com/maps/search/etablissement+wellness+Gunstett%2BFrance/,
https://www.google.com/maps/search/etablissement+wellness+Guntzviller%2BFrance/,
https://www.google.com/maps/search/etablissement+wellness+Guny%2BFrance/,
https://www.google.com/maps/search/etablissement+wellness+Guran%2BFrance/,
https://www.google.com/maps/search/etablissement+wellness+Gurat%2BFrance/,
https://www.google.com/maps/search/etablissement+wellness+Gurcy-le-Châtel%2BFrance/,
https://www.google.com/maps/search/etablissement+wellness+Gurgy%2BFrance/,
https://www.google.com/maps/search/etablissement+wellness+Gurgy-la-Ville%2BFrance/,
https://www.google.com/maps/search/etablissement+wellness+Gurgy-le-Château%2BFrance/,
https://www.google.com/maps/search/etablissement+wellness+Gurmençon%2BFrance/,
https://www.google.com/maps/search/etablissement+wellness+Gurs%2BFrance/,
https://www.google.com/maps/search/etablissement+wellness+Gurunhuel%2BFrance/,
https://www.google.com/maps/search/etablissement+wellness+Gury%2BFrance/,
https://www.google.com/maps/search/etablissement+wellness+Gussainville%2BFrance/,
https://www.google.com/maps/search/etablissement+wellness+Gussignies%2BFrance/,
https://www.google.com/maps/search/etablissement+wellness+Guyancourt%2BFrance/,
https://www.google.com/maps/search/etablissement+wellness+Guyans-Durnes%2BFrance/,
https://www.google.com/maps/search/etablissement+wellness+Guyans-Vennes%2BFrance/,
https://www.google.com/maps/search/etablissement+wellness+Guyencourt%2BFrance/,
https://www.google.com/maps/search/etablissement+wellness+Guyencourt-Saulcourt%2BFrance/,
https://www.google.com/maps/search/etablissement+wellness+Guyencourt-sur-Noye%2BFrance/,
https://www.google.com/maps/search/etablissement+wellness+La Guyonnière%2BFrance/,
https://www.google.com/maps/search/etablissement+wellness+Guyonvelle%2BFrance/,
https://www.google.com/maps/search/etablissement+wellness+Guzargues%2BFrance/,
https://www.google.com/maps/search/etablissement+wellness+Gy%2BFrance/,
https://www.google.com/maps/search/etablissement+wellness+Gy-en-Sologne%2BFrance/,
https://www.google.com/maps/search/etablissement+wellness+Gy-l'Évêque%2BFrance/,
https://www.google.com/maps/search/etablissement+wellness+Gy-les-Nonains%2BFrance/,
https://www.google.com/maps/search/etablissement+wellness+Gye%2BFrance/,
https://www.google.com/maps/search/etablissement+wellness+Gyé-sur-Seine%2BFrance/,
https://www.google.com/maps/search/etablissement+wellness+Habarcq%2BFrance/,
https://www.google.com/maps/search/etablissement+wellness+Habas%2BFrance/,
https://www.google.com/maps/search/etablissement+wellness+Habère-Lullin%2BFrance/,
https://www.google.com/maps/search/etablissement+wellness+Habère-Poche%2BFrance/,
https://www.google.com/maps/search/etablissement+wellness+L'Habit%2BFrance/,traité (2026-08-22 17:50)
https://www.google.com/maps/search/etablissement+wellness+Hablainville%2BFrance/,traité (2026-08-22 17:50)
https://www.google.com/maps/search/etablissement+wellness+Habloville%2BFrance/,traité (2026-08-22 17:51)
https://www.google.com/maps/search/etablissement+wellness+Haboudange%2BFrance/,traité (2026-08-22 17:51)
https://www.google.com/maps/search/etablissement+wellness+Habsheim%2BFrance/,traité (2026-08-22 17:51)
https://www.google.com/maps/search/etablissement+wellness+Hachan%2BFrance/,traité (2026-08-22 17:52)
https://www.google.com/maps/search/etablissement+wellness+Hâcourt%2BFrance/,traité (2026-08-22 17:52)
https://www.google.com/maps/search/etablissement+wellness+Hacqueville%2BFrance/,traité (2026-08-22 17:53)
https://www.google.com/maps/search/etablissement+wellness+Hadancourt-le-Haut-Clocher%2BFrance/,traité (2026-08-22 17:53)
https://www.google.com/maps/search/etablissement+wellness+Hadigny-les-Verrières%2BFrance/,traité (2026-08-22 17:53)
https://www.google.com/maps/search/etablissement+wellness+Hadol%2BFrance/,traité (2026-08-22 17:55)
https://www.google.com/maps/search/etablissement+wellness+Haegen%2BFrance/,traité (2026-08-22 17:55)
https://www.google.com/maps/search/etablissement+wellness+Hagécourt%2BFrance/,traité (2026-08-22 17:55)
https://www.google.com/maps/search/etablissement+wellness+Hagedet%2BFrance/,traité (2026-08-22 17:55)
https://www.google.com/maps/search/etablissement+wellness+Hagen%2BFrance/,traité (2026-08-22 17:55)
https://www.google.com/maps/search/etablissement+wellness+Hagenbach%2BFrance/,traité (2026-08-22 17:55)
https://www.google.com/maps/search/etablissement+wellness+Hagenthal-le-Bas%2BFrance/,traité (2026-08-22 17:56)
https://www.google.com/maps/search/etablissement+wellness+Hagenthal-le-Haut%2BFrance/,traité (2026-08-22 17:56)
https://www.google.com/maps/search/etablissement+wellness+Haget%2BFrance/,traité (2026-08-22 17:56)
https://www.google.com/maps/search/etablissement+wellness+Hagetaubin%2BFrance/,traité (2026-08-22 17:57)
https://www.google.com/maps/search/etablissement+wellness+Hagetmau%2BFrance/,traité (2026-08-22 17:59)
https://www.google.com/maps/search/etablissement+wellness+Hagéville%2BFrance/,traité (2026-08-22 17:59)
https://www.google.com/maps/search/etablissement+wellness+Hagnéville-et-Roncourt%2BFrance/,traité (2026-08-22 17:59)
https://www.google.com/maps/search/etablissement+wellness+Hagnicourt%2BFrance/,traité (2026-08-22 17:59)
https://www.google.com/maps/search/etablissement+wellness+Hagondange%2BFrance/,traité (2026-08-22 17:59)
https://www.google.com/maps/search/etablissement+wellness+La Hague%2BFrance/,traité (2026-08-22 17:59)
https://www.google.com/maps/search/etablissement+wellness+Haguenau%2BFrance/,traité (2026-08-22 17:59)
https://www.google.com/maps/search/etablissement+wellness+La Haie-Fouassière%2BFrance/,traité (2026-08-22 17:59)
https://www.google.com/maps/search/etablissement+wellness+La Haie-Traversaine%2BFrance/,traité (2026-08-22 18:00)
https://www.google.com/maps/search/etablissement+wellness+Les Haies%2BFrance/,traité (2026-08-22 18:02)
https://www.google.com/maps/search/etablissement+wellness+Haigneville%2BFrance/,traité (2026-08-22 18:02)
https://www.google.com/maps/search/etablissement+wellness+Haillainville%2BFrance/,traité (2026-08-22 18:02)
https://www.google.com/maps/search/etablissement+wellness+Le Haillan%2BFrance/,traité (2026-08-22 18:02)
https://www.google.com/maps/search/etablissement+wellness+Hailles%2BFrance/,traité (2026-08-22 18:02)
https://www.google.com/maps/search/etablissement+wellness+Haillicourt%2BFrance/,traité (2026-08-22 18:02)
https://www.google.com/maps/search/etablissement+wellness+Haimps%2BFrance/,traité (2026-08-22 18:02)
https://www.google.com/maps/search/etablissement+wellness+Haims%2BFrance/,traité (2026-08-22 18:03)
https://www.google.com/maps/search/etablissement+wellness+Hainvillers%2BFrance/,traité (2026-08-22 18:03)
https://www.google.com/maps/search/etablissement+wellness+Haironville%2BFrance/,traité (2026-08-22 18:03)
https://www.google.com/maps/search/etablissement+wellness+Haisnes%2BFrance/,traité (2026-08-22 18:04)
https://www.google.com/maps/search/etablissement+wellness+Halinghen%2BFrance/,traité (2026-08-22 18:06)
https://www.google.com/maps/search/etablissement+wellness+Hallencourt%2BFrance/,traité (2026-08-22 18:06)
https://www.google.com/maps/search/etablissement+wellness+Hallennes-lez-Haubourdin%2BFrance/,traité (2026-08-22 18:06)
https://www.google.com/maps/search/etablissement+wellness+Hallering%2BFrance/,traité (2026-08-22 18:06)
https://www.google.com/maps/search/etablissement+wellness+Les Halles%2BFrance/,traité (2026-08-22 18:06)
https://www.google.com/maps/search/etablissement+wellness+Halles-sous-les-Côtes%2BFrance/,traité (2026-08-22 18:06)
https://www.google.com/maps/search/etablissement+wellness+Hallignicourt%2BFrance/,traité (2026-08-22 18:06)
https://www.google.com/maps/search/etablissement+wellness+Hallines%2BFrance/,traité (2026-08-22 18:07)
https://www.google.com/maps/search/etablissement+wellness+Hallivillers%2BFrance/,traité (2026-08-22 18:07)
https://www.google.com/maps/search/etablissement+wellness+La Hallotière%2BFrance/,traité (2026-08-22 18:07)
https://www.google.com/maps/search/etablissement+wellness+Halloville%2BFrance/,traité (2026-08-22 18:08)
https://www.google.com/maps/search/etablissement+wellness+Halloy%2BFrance/,traité (2026-08-22 18:10)
https://www.google.com/maps/search/etablissement+wellness+Halloy%2BFrance/,traité (2026-08-22 18:10)
https://www.google.com/maps/search/etablissement+wellness+Halloy-lès-Pernois%2BFrance/,traité (2026-08-22 18:10)
https://www.google.com/maps/search/etablissement+wellness+Hallu%2BFrance/,traité (2026-08-22 18:10)
https://www.google.com/maps/search/etablissement+wellness+Halluin%2BFrance/,traité (2026-08-22 18:10)
https://www.google.com/maps/search/etablissement+wellness+Halsou%2BFrance/,traité (2026-08-22 18:10)
https://www.google.com/maps/search/etablissement+wellness+Halstroff%2BFrance/,traité (2026-08-22 18:10)
https://www.google.com/maps/search/etablissement+wellness+Le Ham%2BFrance/,traité (2026-08-22 18:11)
https://www.google.com/maps/search/etablissement+wellness+Le Ham%2BFrance/,traité (2026-08-22 18:11)
https://www.google.com/maps/search/etablissement+wellness+Ham%2BFrance/,traité (2026-08-22 18:11)
https://www.google.com/maps/search/etablissement+wellness+Ham-en-Artois%2BFrance/,traité (2026-08-22 18:11)
https://www.google.com/maps/search/etablissement+wellness+Ham-les-Moines%2BFrance/,traité (2026-08-22 18:12)
https://www.google.com/maps/search/etablissement+wellness+Ham-sous-Varsberg%2BFrance/,traité (2026-08-22 18:12)
https://www.google.com/maps/search/etablissement+wellness+Ham-sur-Meuse%2BFrance/,traité (2026-08-22 18:13)
https://www.google.com/maps/search/etablissement+wellness+Hambach%2BFrance/,traité (2026-08-22 18:15)
https://www.google.com/maps/search/etablissement+wellness+Hambers%2BFrance/,traité (2026-08-22 18:15)
https://www.google.com/maps/search/etablissement+wellness+Hamblain-les-Prés%2BFrance/,traité (2026-08-22 18:15)
https://www.google.com/maps/search/etablissement+wellness+Hambye%2BFrance/,traité (2026-08-22 18:15)
https://www.google.com/maps/search/etablissement+wellness+Hamel%2BFrance/,traité (2026-08-22 18:15)
https://www.google.com/maps/search/etablissement+wellness+Le Hamel%2BFrance/,traité (2026-08-22 18:15)
https://www.google.com/maps/search/etablissement+wellness+Le Hamel%2BFrance/,traité (2026-08-22 18:15)
https://www.google.com/maps/search/etablissement+wellness+Hamelet%2BFrance/,traité (2026-08-22 18:15)
https://www.google.com/maps/search/etablissement+wellness+Hamelin%2BFrance/,traité (2026-08-22 18:15)
https://www.google.com/maps/search/etablissement+wellness+Hamelincourt%2BFrance/,traité (2026-08-22 18:16)
https://www.google.com/maps/search/etablissement+wellness+Hames-Boucres%2BFrance/,traité (2026-08-22 18:16)
https://www.google.com/maps/search/etablissement+wellness+Hammeville%2BFrance/,traité (2026-08-22 18:16)
https://www.google.com/maps/search/etablissement+wellness+Hamonville%2BFrance/,traité (2026-08-22 18:19)
https://www.google.com/maps/search/etablissement+wellness+Hampigny%2BFrance/,traité (2026-08-22 18:19)
https://www.google.com/maps/search/etablissement+wellness+Hampont%2BFrance/,traité (2026-08-22 18:19)
https://www.google.com/maps/search/etablissement+wellness+Han-devant-Pierrepont%2BFrance/,traité (2026-08-22 18:19)
https://www.google.com/maps/search/etablissement+wellness+Han-lès-Juvigny%2BFrance/,traité (2026-08-22 18:19)
https://www.google.com/maps/search/etablissement+wellness+Han-sur-Meuse%2BFrance/,traité (2026-08-22 18:19)
https://www.google.com/maps/search/etablissement+wellness+Han-sur-Nied%2BFrance/,traité (2026-08-22 18:19)
https://www.google.com/maps/search/etablissement+wellness+Hanc%2BFrance/,traité (2026-08-22 18:19)
https://www.google.com/maps/search/etablissement+wellness+Hanches%2BFrance/,traité (2026-08-22 18:19)
https://www.google.com/maps/search/etablissement+wellness+Hancourt%2BFrance/,traité (2026-08-22 18:19)
https://www.google.com/maps/search/etablissement+wellness+Handschuheim%2BFrance/,traité (2026-08-22 18:19)
https://www.google.com/maps/search/etablissement+wellness+Hangard%2BFrance/,traité (2026-08-22 18:20)
https://www.google.com/maps/search/etablissement+wellness+Hangenbieten%2BFrance/,traité (2026-08-22 18:20)
https://www.google.com/maps/search/etablissement+wellness+Hangest-en-Santerre%2BFrance/,traité (2026-08-22 18:22)
https://www.google.com/maps/search/etablissement+wellness+Hangest-sur-Somme%2BFrance/,traité (2026-08-22 18:22)
https://www.google.com/maps/search/etablissement+wellness+Hangviller%2BFrance/,traité (2026-08-22 18:22)
https://www.google.com/maps/search/etablissement+wellness+Hannaches%2BFrance/,traité (2026-08-22 18:22)
https://www.google.com/maps/search/etablissement+wellness+Hannapes%2BFrance/,traité (2026-08-22 18:22)
https://www.google.com/maps/search/etablissement+wellness+Hannappes%2BFrance/,traité (2026-08-22 18:22)
https://www.google.com/maps/search/etablissement+wellness+Hannescamps%2BFrance/,traité (2026-08-22 18:22)
https://www.google.com/maps/search/etablissement+wellness+Hannocourt%2BFrance/,traité (2026-08-22 18:22)
https://www.google.com/maps/search/etablissement+wellness+Hannogne-Saint-Martin%2BFrance/,traité (2026-08-22 18:23)
https://www.google.com/maps/search/etablissement+wellness+Hannogne-Saint-Rémy%2BFrance/,traité (2026-08-22 18:23)
https://www.google.com/maps/search/etablissement+wellness+Hannonville-sous-les-Côtes%2BFrance/,traité (2026-08-22 18:23)
https://www.google.com/maps/search/etablissement+wellness+Hannonville-Suzémont%2BFrance/,traité (2026-08-22 18:24)
https://www.google.com/maps/search/etablissement+wellness+Le Hanouard%2BFrance/,traité (2026-08-22 18:26)
https://www.google.com/maps/search/etablissement+wellness+Hans%2BFrance/,traité (2026-08-22 18:26)
https://www.google.com/maps/search/etablissement+wellness+Hantay%2BFrance/,traité (2026-08-22 18:26)
https://www.google.com/maps/search/etablissement+wellness+Hanvec%2BFrance/,traité (2026-08-22 18:26)
https://www.google.com/maps/search/etablissement+wellness+Hanviller%2BFrance/,traité (2026-08-22 18:26)
https://www.google.com/maps/search/etablissement+wellness+Hanvoile%2BFrance/,traité (2026-08-22 18:26)
https://www.google.com/maps/search/etablissement+wellness+Haplincourt%2BFrance/,traité (2026-08-22 18:26)
https://www.google.com/maps/search/etablissement+wellness+Happencourt%2BFrance/,traité (2026-08-22 18:26)
https://www.google.com/maps/search/etablissement+wellness+Happonvilliers%2BFrance/,traité (2026-08-22 18:27)
https://www.google.com/maps/search/etablissement+wellness+Haramont%2BFrance/,traité (2026-08-22 18:27)
https://www.google.com/maps/search/etablissement+wellness+Haraucourt%2BFrance/,traité (2026-08-22 18:28)
https://www.google.com/maps/search/etablissement+wellness+Haraucourt%2BFrance/,traité (2026-08-22 18:28)
https://www.google.com/maps/search/etablissement+wellness+Haraucourt-sur-Seille%2BFrance/,traité (2026-08-22 18:30)
https://www.google.com/maps/search/etablissement+wellness+Haravesnes%2BFrance/,traité (2026-08-22 18:30)
https://www.google.com/maps/search/etablissement+wellness+Haravilliers%2BFrance/,traité (2026-08-22 18:30)
https://www.google.com/maps/search/etablissement+wellness+Harbonnières%2BFrance/,traité (2026-08-22 18:30)
https://www.google.com/maps/search/etablissement+wellness+Harbouey%2BFrance/,traité (2026-08-22 18:30)
https://www.google.com/maps/search/etablissement+wellness+Harcanville%2BFrance/,traité (2026-08-22 18:30)
https://www.google.com/maps/search/etablissement+wellness+Harchéchamp%2BFrance/,traité (2026-08-22 18:30)
https://www.google.com/maps/search/etablissement+wellness+Harcigny%2BFrance/,traité (2026-08-22 18:30)
https://www.google.com/maps/search/etablissement+wellness+Harcourt%2BFrance/,traité (2026-08-22 18:30)
https://www.google.com/maps/search/etablissement+wellness+Harcy%2BFrance/,traité (2026-08-22 18:31)
https://www.google.com/maps/search/etablissement+wellness+Hardancourt%2BFrance/,traité (2026-08-22 18:31)
https://www.google.com/maps/search/etablissement+wellness+Hardanges%2BFrance/,traité (2026-08-22 18:31)
https://www.google.com/maps/search/etablissement+wellness+Hardecourt-aux-Bois%2BFrance/,traité (2026-08-22 18:32)
https://www.google.com/maps/search/etablissement+wellness+Hardencourt-Cocherel%2BFrance/,traité (2026-08-22 18:34)
https://www.google.com/maps/search/etablissement+wellness+Hardifort%2BFrance/,traité (2026-08-22 18:34)
https://www.google.com/maps/search/etablissement+wellness+Hardinghen%2BFrance/,traité (2026-08-22 18:34)
https://www.google.com/maps/search/etablissement+wellness+Hardinvast%2BFrance/,traité (2026-08-22 18:34)
https://www.google.com/maps/search/etablissement+wellness+Hardivillers%2BFrance/,traité (2026-08-22 18:34)
https://www.google.com/maps/search/etablissement+wellness+Hardivillers-en-Vexin%2BFrance/,traité (2026-08-22 18:34)
https://www.google.com/maps/search/etablissement+wellness+Hardricourt%2BFrance/,traité (2026-08-22 18:34)
https://www.google.com/maps/search/etablissement+wellness+La Harengère%2BFrance/,traité (2026-08-22 18:34)
https://www.google.com/maps/search/etablissement+wellness+Haréville%2BFrance/,traité (2026-08-22 18:34)
https://www.google.com/maps/search/etablissement+wellness+Harfleur%2BFrance/,traité (2026-08-22 18:35)
https://www.google.com/maps/search/etablissement+wellness+Hargarten-aux-Mines%2BFrance/,traité (2026-08-22 18:35)
https://www.google.com/maps/search/etablissement+wellness+Hargeville%2BFrance/,traité (2026-08-22 18:35)
https://www.google.com/maps/search/etablissement+wellness+Hargicourt%2BFrance/,traité (2026-08-22 18:37)
https://www.google.com/maps/search/etablissement+wellness+Hargicourt%2BFrance/,traité (2026-08-22 18:37)
https://www.google.com/maps/search/etablissement+wellness+Hargnies%2BFrance/,traité (2026-08-22 18:37)
https://www.google.com/maps/search/etablissement+wellness+Hargnies%2BFrance/,traité (2026-08-22 18:37)
https://www.google.com/maps/search/etablissement+wellness+Harly%2BFrance/,traité (2026-08-22 18:37)
https://www.google.com/maps/search/etablissement+wellness+Harmonville%2BFrance/,traité (2026-08-22 18:37)
https://www.google.com/maps/search/etablissement+wellness+La Harmoye%2BFrance/,traité (2026-08-22 18:38)
https://www.google.com/maps/search/etablissement+wellness+Harnes%2BFrance/,traité (2026-08-22 18:38)
https://www.google.com/maps/search/etablissement+wellness+Harol%2BFrance/,traité (2026-08-22 18:38)
https://www.google.com/maps/search/etablissement+wellness+Haroué%2BFrance/,traité (2026-08-22 18:38)
https://www.google.com/maps/search/etablissement+wellness+Harponville%2BFrance/,traité (2026-08-22 18:39)
https://www.google.com/maps/search/etablissement+wellness+Harprich%2BFrance/,traité (2026-08-22 18:39)
https://www.google.com/maps/search/etablissement+wellness+Harquency%2BFrance/,traité (2026-08-22 18:39)
https://www.google.com/maps/search/etablissement+wellness+Harreberg%2BFrance/,traité (2026-08-22 18:42)
https://www.google.com/maps/search/etablissement+wellness+Harréville-les-Chanteurs%2BFrance/,traité (2026-08-22 18:42)
https://www.google.com/maps/search/etablissement+wellness+Harricourt%2BFrance/,traité (2026-08-22 18:42)
https://www.google.com/maps/search/etablissement+wellness+Harsault%2BFrance/,traité (2026-08-22 18:42)
https://www.google.com/maps/search/etablissement+wellness+Harskirchen%2BFrance/,traité (2026-08-22 18:42)
https://www.google.com/maps/search/etablissement+wellness+Hartennes-et-Taux%2BFrance/,traité (2026-08-22 18:42)
https://www.google.com/maps/search/etablissement+wellness+Hartmannswiller%2BFrance/,traité (2026-08-22 18:42)
https://www.google.com/maps/search/etablissement+wellness+Hartzviller%2BFrance/,traité (2026-08-22 18:42)
https://www.google.com/maps/search/etablissement+wellness+Harville%2BFrance/,traité (2026-08-22 18:42)
https://www.google.com/maps/search/etablissement+wellness+Hary%2BFrance/,traité (2026-08-22 18:43)
https://www.google.com/maps/search/etablissement+wellness+Haselbourg%2BFrance/,traité (2026-08-22 18:43)
https://www.google.com/maps/search/etablissement+wellness+Hasnon%2BFrance/,traité (2026-08-22 18:43)
https://www.google.com/maps/search/etablissement+wellness+Hasparren%2BFrance/,traité (2026-08-22 18:43)
https://www.google.com/maps/search/etablissement+wellness+Haspelschiedt%2BFrance/,traité (2026-08-22 18:45)
https://www.google.com/maps/search/etablissement+wellness+Haspres%2BFrance/,traité (2026-08-22 18:45)
https://www.google.com/maps/search/etablissement+wellness+Hastingues%2BFrance/,traité (2026-08-22 18:45)
https://www.google.com/maps/search/etablissement+wellness+Hatrize%2BFrance/,traité (2026-08-22 18:45)
https://www.google.com/maps/search/etablissement+wellness+Hatten%2BFrance/,traité (2026-08-22 18:45)
https://www.google.com/maps/search/etablissement+wellness+Hattencourt%2BFrance/,traité (2026-08-22 18:46)
https://www.google.com/maps/search/etablissement+wellness+Hattenville%2BFrance/,traité (2026-08-22 18:46)
https://www.google.com/maps/search/etablissement+wellness+Hattigny%2BFrance/,traité (2026-08-22 18:46)
https://www.google.com/maps/search/etablissement+wellness+Hattmatt%2BFrance/,traité (2026-08-22 18:47)
https://www.google.com/maps/search/etablissement+wellness+Hattstatt%2BFrance/,traité (2026-08-22 18:47)
https://www.google.com/maps/search/etablissement+wellness+Hauban%2BFrance/,traité (2026-08-22 18:47)
https://www.google.com/maps/search/etablissement+wellness+Haubourdin%2BFrance/,traité (2026-08-22 18:47)
https://www.google.com/maps/search/etablissement+wellness+Hauconcourt%2BFrance/,traité (2026-08-22 18:49)
https://www.google.com/maps/search/etablissement+wellness+Haucourt%2BFrance/,traité (2026-08-22 18:49)
https://www.google.com/maps/search/etablissement+wellness+Haucourt%2BFrance/,traité (2026-08-22 18:49)
https://www.google.com/maps/search/etablissement+wellness+Haucourt%2BFrance/,traité (2026-08-22 18:49)
https://www.google.com/maps/search/etablissement+wellness+Haucourt-en-Cambrésis%2BFrance/,échec (2026-08-22 18:49)
https://www.google.com/maps/search/etablissement+wellness+Haucourt-Moulaine%2BFrance/,traité (2026-08-22 18:49)
https://www.google.com/maps/search/etablissement+wellness+Haudainville%2BFrance/,traité (2026-08-22 18:50)
https://www.google.com/maps/search/etablissement+wellness+Haudiomont%2BFrance/,traité (2026-08-22 18:50)
https://www.google.com/maps/search/etablissement+wellness+Haudivillers%2BFrance/,traité (2026-08-22 18:50)
https://www.google.com/maps/search/etablissement+wellness+Haudonville%2BFrance/,traité (2026-08-22 18:50)
https://www.google.com/maps/search/etablissement+wellness+Haudrecy%2BFrance/,traité (2026-08-22 18:50)
https://www.google.com/maps/search/etablissement+wellness+Haudricourt%2BFrance/,traité (2026-08-22 18:51)
https://www.google.com/maps/search/etablissement+wellness+Haulchin%2BFrance/,traité (2026-08-22 18:51)
https://www.google.com/maps/search/etablissement+wellness+Haulies%2BFrance/,traité (2026-08-22 18:53)
https://www.google.com/maps/search/etablissement+wellness+Haulmé%2BFrance/,traité (2026-08-22 18:53)
https://www.google.com/maps/search/etablissement+wellness+Haumont-près-Samogneux%2BFrance/,traité (2026-08-22 18:53)
https://www.google.com/maps/search/etablissement+wellness+Hauriet%2BFrance/,traité (2026-08-22 18:53)
https://www.google.com/maps/search/etablissement+wellness+Hausgauen%2BFrance/,traité (2026-08-22 18:53)
https://www.google.com/maps/search/etablissement+wellness+Haussez%2BFrance/,traité (2026-08-22 18:53)
https://www.google.com/maps/search/etablissement+wellness+Haussignémont%2BFrance/,traité (2026-08-22 18:53)
https://www.google.com/maps/search/etablissement+wellness+Haussimont%2BFrance/,traité (2026-08-22 18:53)
https://www.google.com/maps/search/etablissement+wellness+Haussonville%2BFrance/,traité (2026-08-22 18:53)
https://www.google.com/maps/search/etablissement+wellness+Haussy%2BFrance/,traité (2026-08-22 18:54)
https://www.google.com/maps/search/etablissement+wellness+Le Haut Soultzbach%2BFrance/,traité (2026-08-22 18:54)
https://www.google.com/maps/search/etablissement+wellness+Haut Valromey%2BFrance/,traité (2026-08-22 18:54)
https://www.google.com/maps/search/etablissement+wellness+Haut-Bocage%2BFrance/,traité (2026-08-22 18:56)
https://www.google.com/maps/search/etablissement+wellness+Haut-Clocher%2BFrance/,traité (2026-08-22 18:56)
https://www.google.com/maps/search/etablissement+wellness+Le Haut-Corlay%2BFrance/,traité (2026-08-22 18:56)
https://www.google.com/maps/search/etablissement+wellness+Haut-de-Bosdarros%2BFrance/,traité (2026-08-22 18:56)
https://www.google.com/maps/search/etablissement+wellness+Haut-du-Them-Château-Lambert%2BFrance/,traité (2026-08-22 18:56)
https://www.google.com/maps/search/etablissement+wellness+Haut-Lieu%2BFrance/,traité (2026-08-22 18:56)
https://www.google.com/maps/search/etablissement+wellness+Haut-Loquin%2BFrance/,traité (2026-08-22 18:56)
https://www.google.com/maps/search/etablissement+wellness+Haut-Mauco%2BFrance/,traité (2026-08-22 18:57)
https://www.google.com/maps/search/etablissement+wellness+Hautaget%2BFrance/,traité (2026-08-22 18:57)
https://www.google.com/maps/search/etablissement+wellness+Hautbos%2BFrance/,traité (2026-08-22 18:57)
https://www.google.com/maps/search/etablissement+wellness+Haute-Amance%2BFrance/,traité (2026-08-22 18:58)
https://www.google.com/maps/search/etablissement+wellness+Haute-Avesnes%2BFrance/,traité (2026-08-22 18:58)
https://www.google.com/maps/search/etablissement+wellness+La Haute-Beaume%2BFrance/,traité (2026-08-22 18:58)
https://www.google.com/maps/search/etablissement+wellness+Haute-Épine%2BFrance/,traité (2026-08-22 19:00)
https://www.google.com/maps/search/etablissement+wellness+Haute-Goulaine%2BFrance/,traité (2026-08-22 19:00)
https://www.google.com/maps/search/etablissement+wellness+Haute-Isle%2BFrance/,traité (2026-08-22 19:00)
https://www.google.com/maps/search/etablissement+wellness+Haute-Kontz%2BFrance/,traité (2026-08-22 19:00)
https://www.google.com/maps/search/etablissement+wellness+La Haute-Maison%2BFrance/,traité (2026-08-22 19:00)
https://www.google.com/maps/search/etablissement+wellness+Haute-Rivoire%2BFrance/,traité (2026-08-22 19:00)
https://www.google.com/maps/search/etablissement+wellness+Haute-Vigneulles%2BFrance/,traité (2026-08-22 19:00)
https://www.google.com/maps/search/etablissement+wellness+Hautecloque%2BFrance/,traité (2026-08-22 19:00)
https://www.google.com/maps/search/etablissement+wellness+Hautecour%2BFrance/,traité (2026-08-22 19:01)
https://www.google.com/maps/search/etablissement+wellness+Hautecour%2BFrance/,traité (2026-08-22 19:01)
https://www.google.com/maps/search/etablissement+wellness+Hautecourt-Romanèche%2BFrance/,traité (2026-08-22 19:01)
https://www.google.com/maps/search/etablissement+wellness+Hautefage%2BFrance/,traité (2026-08-22 19:02)
https://www.google.com/maps/search/etablissement+wellness+Hautefage-la-Tour%2BFrance/,traité (2026-08-22 19:04)
https://www.google.com/maps/search/etablissement+wellness+Hautefaye%2BFrance/,traité (2026-08-22 19:04)
https://www.google.com/maps/search/etablissement+wellness+Hautefeuille%2BFrance/,traité (2026-08-22 19:04)
https://www.google.com/maps/search/etablissement+wellness+Hautefond%2BFrance/,traité (2026-08-22 19:04)
https://www.google.com/maps/search/etablissement+wellness+Hautefontaine%2BFrance/,traité (2026-08-22 19:04)
https://www.google.com/maps/search/etablissement+wellness+Hautefort%2BFrance/,traité (2026-08-22 19:04)
https://www.google.com/maps/search/etablissement+wellness+Hauteluce%2BFrance/,traité (2026-08-22 19:04)
https://www.google.com/maps/search/etablissement+wellness+Hauterive%2BFrance/,traité (2026-08-22 19:05)
https://www.google.com/maps/search/etablissement+wellness+Hauterive%2BFrance/,traité (2026-08-22 19:05)
https://www.google.com/maps/search/etablissement+wellness+Hauterive%2BFrance/,traité (2026-08-22 19:05)
https://www.google.com/maps/search/etablissement+wellness+Hauterive-la-Fresse%2BFrance/,traité (2026-08-22 19:05)
https://www.google.com/maps/search/etablissement+wellness+Hauterives%2BFrance/,traité (2026-08-22 19:05)
https://www.google.com/maps/search/etablissement+wellness+Hauteroche%2BFrance/,traité (2026-08-22 19:08)
https://www.google.com/maps/search/etablissement+wellness+Hauteroche%2BFrance/,traité (2026-08-22 19:08)
https://www.google.com/maps/search/etablissement+wellness+Hautes-Duyes%2BFrance/,traité (2026-08-22 19:08)
https://www.google.com/maps/search/etablissement+wellness+Les Hautes-Rivières%2BFrance/,traité (2026-08-22 19:08)
https://www.google.com/maps/search/etablissement+wellness+Hautesvignes%2BFrance/,traité (2026-08-22 19:08)
https://www.google.com/maps/search/etablissement+wellness+Hautevelle%2BFrance/,traité (2026-08-22 19:08)
https://www.google.com/maps/search/etablissement+wellness+Hautevesnes%2BFrance/,traité (2026-08-22 19:08)
https://www.google.com/maps/search/etablissement+wellness+Hauteville%2BFrance/,traité (2026-08-22 19:08)
https://www.google.com/maps/search/etablissement+wellness+Hauteville%2BFrance/,traité (2026-08-22 19:08)
https://www.google.com/maps/search/etablissement+wellness+Hauteville%2BFrance/,traité (2026-08-22 19:08)
https://www.google.com/maps/search/etablissement+wellness+Hauteville%2BFrance/,traité (2026-08-22 19:08)
https://www.google.com/maps/search/etablissement+wellness+Hauteville%2BFrance/,traité (2026-08-22 19:08)
https://www.google.com/maps/search/etablissement+wellness+La Hauteville%2BFrance/,traité (2026-08-22 19:09)
https://www.google.com/maps/search/etablissement+wellness+Hauteville-la-Guichard%2BFrance/,traité (2026-08-22 19:11)
https://www.google.com/maps/search/etablissement+wellness+Hauteville-lès-Dijon%2BFrance/,traité (2026-08-22 19:11)
https://www.google.com/maps/search/etablissement+wellness+Hauteville-Lompnes%2BFrance/,traité (2026-08-22 19:11)
https://www.google.com/maps/search/etablissement+wellness+Hauteville-sur-Fier%2BFrance/,traité (2026-08-22 19:11)
https://www.google.com/maps/search/etablissement+wellness+Hauteville-sur-Mer%2BFrance/,traité (2026-08-22 19:11)
https://www.google.com/maps/search/etablissement+wellness+Haution%2BFrance/,traité (2026-08-22 19:11)
https://www.google.com/maps/search/etablissement+wellness+Hautmont%2BFrance/,traité (2026-08-22 19:11)
https://www.google.com/maps/search/etablissement+wellness+Hautmougey%2BFrance/,traité (2026-08-22 19:11)
https://www.google.com/maps/search/etablissement+wellness+Hautot-l'Auvray%2BFrance/,traité (2026-08-22 19:11)
https://www.google.com/maps/search/etablissement+wellness+Hautot-le-Vatois%2BFrance/,traité (2026-08-22 19:12)
https://www.google.com/maps/search/etablissement+wellness+Hautot-Saint-Sulpice%2BFrance/,traité (2026-08-22 19:12)
https://www.google.com/maps/search/etablissement+wellness+Hautot-sur-Mer%2BFrance/,traité (2026-08-22 19:12)
https://www.google.com/maps/search/etablissement+wellness+Hautot-sur-Seine%2BFrance/,traité (2026-08-22 19:12)
https://www.google.com/maps/search/etablissement+wellness+Les Hauts d'Anjou%2BFrance/,traité (2026-08-22 19:15)
https://www.google.com/maps/search/etablissement+wellness+Hauts de Bienne%2BFrance/,traité (2026-08-22 19:15)
https://www.google.com/maps/search/etablissement+wellness+Les Hauts de Forterre%2BFrance/,traité (2026-08-22 19:15)
https://www.google.com/maps/search/etablissement+wellness+Les Hauts-de-Chée%2BFrance/,échec (2026-08-22 19:15)
https://www.google.com/maps/search/etablissement+wellness+Hautteville-Bocage%2BFrance/,traité (2026-08-22 19:15)
https://www.google.com/maps/search/etablissement+wellness+Hautvillers%2BFrance/,traité (2026-08-22 19:15)
https://www.google.com/maps/search/etablissement+wellness+Hautvillers-Ouville%2BFrance/,traité (2026-08-22 19:15)
https://www.google.com/maps/search/etablissement+wellness+Hauville%2BFrance/,traité (2026-08-22 19:15)
https://www.google.com/maps/search/etablissement+wellness+Hauviné%2BFrance/,traité (2026-08-22 19:15)
https://www.google.com/maps/search/etablissement+wellness+Haux%2BFrance/,traité (2026-08-22 19:16)
https://www.google.com/maps/search/etablissement+wellness+Haux%2BFrance/,traité (2026-08-22 19:16)
https://www.google.com/maps/search/etablissement+wellness+Havange%2BFrance/,échec (2026-08-22 19:17)
https://www.google.com/maps/search/etablissement+wellness+Havelu%2BFrance/,traité (2026-08-22 19:19)
https://www.google.com/maps/search/etablissement+wellness+Haveluy%2BFrance/,traité (2026-08-22 19:19)
https://www.google.com/maps/search/etablissement+wellness+Havernas%2BFrance/,traité (2026-08-22 19:19)
https://www.google.com/maps/search/etablissement+wellness+Haverskerque%2BFrance/,traité (2026-08-22 19:19)
https://www.google.com/maps/search/etablissement+wellness+Le Havre%2BFrance/,traité (2026-08-22 19:19)
https://www.google.com/maps/search/etablissement+wellness+Havrincourt%2BFrance/,traité (2026-08-22 19:19)
https://www.google.com/maps/search/etablissement+wellness+L'Haÿ-les-Roses%2BFrance/,traité (2026-08-22 19:19)
https://www.google.com/maps/search/etablissement+wellness+Hayange%2BFrance/,traité (2026-08-22 19:19)
https://www.google.com/maps/search/etablissement+wellness+Haybes%2BFrance/,traité (2026-08-22 19:19)
https://www.google.com/maps/search/etablissement+wellness+La Haye%2BFrance/,traité (2026-08-22 19:20)
https://www.google.com/maps/search/etablissement+wellness+La Haye%2BFrance/,traité (2026-08-22 19:20)
https://www.google.com/maps/search/etablissement+wellness+La Haye%2BFrance/,traité (2026-08-22 19:20)
https://www.google.com/maps/search/etablissement+wellness+La Haye-Aubrée%2BFrance/,
https://www.google.com/maps/search/etablissement+wellness+La Haye-Bellefond%2BFrance/,
https://www.google.com/maps/search/etablissement+wellness+La Haye-d'Ectot%2BFrance/,
https://www.google.com/maps/search/etablissement+wellness+La Haye-de-Calleville%2BFrance/,
https://www.google.com/maps/search/etablissement+wellness+La Haye-de-Routot%2BFrance/,
https://www.google.com/maps/search/etablissement+wellness+La Haye-du-Theil%2BFrance/,
https://www.google.com/maps/search/etablissement+wellness+La Haye-le-Comte%2BFrance/,
https://www.google.com/maps/search/etablissement+wellness+La Haye-Malherbe%2BFrance/,
https://www.google.com/maps/search/etablissement+wellness+La Haye-Pesnel%2BFrance/,
https://www.google.com/maps/search/etablissement+wellness+La Haye-Saint-Sylvestre%2BFrance/,
https://www.google.com/maps/search/etablissement+wellness+Les Hayes%2BFrance/,
https://www.google.com/maps/search/etablissement+wellness+Hayes%2BFrance/,
https://www.google.com/maps/search/etablissement+wellness+Haynecourt%2BFrance/,
https://www.google.com/maps/search/etablissement+wellness+Les Hays%2BFrance/,
https://www.google.com/maps/search/etablissement+wellness+Hazebrouck%2BFrance/,
https://www.google.com/maps/search/etablissement+wellness+Hazembourg%2BFrance/,
https://www.google.com/maps/search/etablissement+wellness+Le Heaulme%2BFrance/,
https://www.google.com/maps/search/etablissement+wellness+Héauville%2BFrance/,
https://www.google.com/maps/search/etablissement+wellness+Hébécourt%2BFrance/,
https://www.google.com/maps/search/etablissement+wellness+Hébécourt%2BFrance/,
https://www.google.com/maps/search/etablissement+wellness+Héberville%2BFrance/,
https://www.google.com/maps/search/etablissement+wellness+Hébuterne%2BFrance/,
https://www.google.com/maps/search/etablissement+wellness+Hèches%2BFrance/,
https://www.google.com/maps/search/etablissement+wellness+Hecken%2BFrance/,
https://www.google.com/maps/search/etablissement+wellness+Hecmanville%2BFrance/,
https://www.google.com/maps/search/etablissement+wellness+Hécourt%2BFrance/,
https://www.google.com/maps/search/etablissement+wellness+Hécourt%2BFrance/,
https://www.google.com/maps/search/etablissement+wellness+Hecq%2BFrance/,
https://www.google.com/maps/search/etablissement+wellness+Hectomare%2BFrance/,
https://www.google.com/maps/search/etablissement+wellness+Hédauville%2BFrance/,
https://www.google.com/maps/search/etablissement+wellness+Hédé-Bazouges%2BFrance/,
https://www.google.com/maps/search/etablissement+wellness+Hédouville%2BFrance/,
https://www.google.com/maps/search/etablissement+wellness+Hegeney%2BFrance/,
https://www.google.com/maps/search/etablissement+wellness+Hégenheim%2BFrance/,
https://www.google.com/maps/search/etablissement+wellness+Heidolsheim%2BFrance/,
https://www.google.com/maps/search/etablissement+wellness+Heidwiller%2BFrance/,
https://www.google.com/maps/search/etablissement+wellness+Heiligenberg%2BFrance/,
https://www.google.com/maps/search/etablissement+wellness+Heiligenstein%2BFrance/,
https://www.google.com/maps/search/etablissement+wellness+Heillecourt%2BFrance/,
https://www.google.com/maps/search/etablissement+wellness+Heilles%2BFrance/,
https://www.google.com/maps/search/etablissement+wellness+Heilly%2BFrance/,
https://www.google.com/maps/search/etablissement+wellness+Heiltz-l'Évêque%2BFrance/,
https://www.google.com/maps/search/etablissement+wellness+Heiltz-le-Hutier%2BFrance/,
https://www.google.com/maps/search/etablissement+wellness+Heiltz-le-Maurupt%2BFrance/,
https://www.google.com/maps/search/etablissement+wellness+Heimersdorf%2BFrance/,
https://www.google.com/maps/search/etablissement+wellness+Heimsbrunn%2BFrance/,
https://www.google.com/maps/search/etablissement+wellness+Heining-lès-Bouzonville%2BFrance/,
https://www.google.com/maps/search/etablissement+wellness+Heippes%2BFrance/,
https://www.google.com/maps/search/etablissement+wellness+Heiteren%2BFrance/,
https://www.google.com/maps/search/etablissement+wellness+Heiwiller%2BFrance/,
https://www.google.com/maps/search/etablissement+wellness+Hélesmes%2BFrance/,
https://www.google.com/maps/search/etablissement+wellness+Hélette%2BFrance/,
https://www.google.com/maps/search/etablissement+wellness+Helfaut%2BFrance/,
https://www.google.com/maps/search/etablissement+wellness+Helfrantzkirch%2BFrance/,
https://www.google.com/maps/search/etablissement+wellness+Helléan%2BFrance/,
https://www.google.com/maps/search/etablissement+wellness+Hellering-lès-Fénétrange%2BFrance/,
https://www.google.com/maps/search/etablissement+wellness+Helleville%2BFrance/,
https://www.google.com/maps/search/etablissement+wellness+Hellimer%2BFrance/,
https://www.google.com/maps/search/etablissement+wellness+Héloup%2BFrance/,
https://www.google.com/maps/search/etablissement+wellness+Helstroff%2BFrance/,
https://www.google.com/maps/search/etablissement+wellness+Hem%2BFrance/,
https://www.google.com/maps/search/etablissement+wellness+Hem-Hardinval%2BFrance/,
https://www.google.com/maps/search/etablissement+wellness+Hem-Lenglet%2BFrance/,
https://www.google.com/maps/search/etablissement+wellness+Hem-Monacu%2BFrance/,
https://www.google.com/maps/search/etablissement+wellness+Hémevez%2BFrance/,
https://www.google.com/maps/search/etablissement+wellness+Hémévillers%2BFrance/,
https://www.google.com/maps/search/etablissement+wellness+Hémilly%2BFrance/,
https://www.google.com/maps/search/etablissement+wellness+Héming%2BFrance/,
https://www.google.com/maps/search/etablissement+wellness+Hémonstoir%2BFrance/,
https://www.google.com/maps/search/etablissement+wellness+Hénaménil%2BFrance/,
https://www.google.com/maps/search/etablissement+wellness+Hénanbihen%2BFrance/,
https://www.google.com/maps/search/etablissement+wellness+Hénansal%2BFrance/,
https://www.google.com/maps/search/etablissement+wellness+Hendaye%2BFrance/,
https://www.google.com/maps/search/etablissement+wellness+Hendecourt-lès-Cagnicourt%2BFrance/,
https://www.google.com/maps/search/etablissement+wellness+Hendecourt-lès-Ransart%2BFrance/,
https://www.google.com/maps/search/etablissement+wellness+Hénencourt%2BFrance/,
https://www.google.com/maps/search/etablissement+wellness+Hengoat%2BFrance/,
https://www.google.com/maps/search/etablissement+wellness+Hengwiller%2BFrance/,
https://www.google.com/maps/search/etablissement+wellness+Hénin-Beaumont%2BFrance/,
https://www.google.com/maps/search/etablissement+wellness+Hénin-sur-Cojeul%2BFrance/,
https://www.google.com/maps/search/etablissement+wellness+Héninel%2BFrance/,
https://www.google.com/maps/search/etablissement+wellness+Hennebont%2BFrance/,
https://www.google.com/maps/search/etablissement+wellness+Hennecourt%2BFrance/,
https://www.google.com/maps/search/etablissement+wellness+Hennemont%2BFrance/,
https://www.google.com/maps/search/etablissement+wellness+Henneveux%2BFrance/,
https://www.google.com/maps/search/etablissement+wellness+Hennezel%2BFrance/,
https://www.google.com/maps/search/etablissement+wellness+Hennezis%2BFrance/,
https://www.google.com/maps/search/etablissement+wellness+Hénon%2BFrance/,
https://www.google.com/maps/search/etablissement+wellness+Hénonville%2BFrance/,
https://www.google.com/maps/search/etablissement+wellness+Hénouville%2BFrance/,
https://www.google.com/maps/search/etablissement+wellness+Henrichemont%2BFrance/,
https://www.google.com/maps/search/etablissement+wellness+Henridorff%2BFrance/,traité (2026-08-22 20:51)
https://www.google.com/maps/search/etablissement+wellness+Henriville%2BFrance/,traité (2026-08-22 20:52)
https://www.google.com/maps/search/etablissement+wellness+Hénu%2BFrance/,traité (2026-08-22 20:53)
https://www.google.com/maps/search/etablissement+wellness+Henvic%2BFrance/,traité (2026-08-22 20:54)
https://www.google.com/maps/search/etablissement+wellness+Hérange%2BFrance/,traité (2026-08-22 20:56)
https://www.google.com/maps/search/etablissement+wellness+Herbault%2BFrance/,traité (2026-08-22 20:56)
https://www.google.com/maps/search/etablissement+wellness+Herbécourt%2BFrance/,traité (2026-08-22 20:56)
https://www.google.com/maps/search/etablissement+wellness+Herbelles%2BFrance/,traité (2026-08-22 20:57)
https://www.google.com/maps/search/etablissement+wellness+L'Herbergement%2BFrance/,traité (2026-08-22 20:58)
https://www.google.com/maps/search/etablissement+wellness+Herbeuval%2BFrance/,traité (2026-08-22 21:00)
https://www.google.com/maps/search/etablissement+wellness+Herbeuville%2BFrance/,traité (2026-08-22 21:00)
https://www.google.com/maps/search/etablissement+wellness+Herbeville%2BFrance/,traité (2026-08-22 21:00)
https://www.google.com/maps/search/etablissement+wellness+Herbéviller%2BFrance/,traité (2026-08-22 21:01)
https://www.google.com/maps/search/etablissement+wellness+Herbeys%2BFrance/,traité (2026-08-22 21:04)
https://www.google.com/maps/search/etablissement+wellness+Les Herbiers%2BFrance/,traité (2026-08-22 21:04)
https://www.google.com/maps/search/etablissement+wellness+Herbignac%2BFrance/,traité (2026-08-22 21:04)
https://www.google.com/maps/search/etablissement+wellness+Herbinghen%2BFrance/,traité (2026-08-22 21:04)
https://www.google.com/maps/search/etablissement+wellness+Herbisse%2BFrance/,traité (2026-08-22 21:05)
https://www.google.com/maps/search/etablissement+wellness+Herbitzheim%2BFrance/,traité (2026-08-22 21:08)
https://www.google.com/maps/search/etablissement+wellness+Herblay%2BFrance/,traité (2026-08-22 21:08)
https://www.google.com/maps/search/etablissement+wellness+Herbsheim%2BFrance/,traité (2026-08-22 21:08)
https://www.google.com/maps/search/etablissement+wellness+Hercé%2BFrance/,traité (2026-08-22 21:08)
https://www.google.com/maps/search/etablissement+wellness+Herchies%2BFrance/,échec (2026-08-22 21:09)
https://www.google.com/maps/search/etablissement+wellness+La Hérelle%2BFrance/,traité (2026-08-22 21:11)
https://www.google.com/maps/search/etablissement+wellness+Hérenguerville%2BFrance/,traité (2026-08-22 21:11)
https://www.google.com/maps/search/etablissement+wellness+Hérépian%2BFrance/,traité (2026-08-22 21:11)
https://www.google.com/maps/search/etablissement+wellness+Hères%2BFrance/,traité (2026-08-22 21:12)
https://www.google.com/maps/search/etablissement+wellness+Hergnies%2BFrance/,traité (2026-08-22 21:15)
https://www.google.com/maps/search/etablissement+wellness+Hergugney%2BFrance/,traité (2026-08-22 21:15)
https://www.google.com/maps/search/etablissement+wellness+Héric%2BFrance/,traité (2026-08-22 21:15)
https://www.google.com/maps/search/etablissement+wellness+Héricourt%2BFrance/,traité (2026-08-22 21:16)
https://www.google.com/maps/search/etablissement+wellness+Héricourt%2BFrance/,traité (2026-08-22 21:16)
https://www.google.com/maps/search/etablissement+wellness+Héricourt-en-Caux%2BFrance/,traité (2026-08-22 21:19)
https://www.google.com/maps/search/etablissement+wellness+Héricourt-sur-Thérain%2BFrance/,traité (2026-08-22 21:19)
https://www.google.com/maps/search/etablissement+wellness+Héricy%2BFrance/,traité (2026-08-22 21:19)
https://www.google.com/maps/search/etablissement+wellness+La Hérie%2BFrance/,traité (2026-08-22 21:20)
https://www.google.com/maps/search/etablissement+wellness+Le Hérie-la-Viéville%2BFrance/,traité (2026-08-22 21:20)
https://www.google.com/maps/search/etablissement+wellness+Hériménil%2BFrance/,traité (2026-08-22 21:23)
https://www.google.com/maps/search/etablissement+wellness+Hérimoncourt%2BFrance/,traité (2026-08-22 21:23)
https://www.google.com/maps/search/etablissement+wellness+Hérin%2BFrance/,traité (2026-08-22 21:23)
https://www.google.com/maps/search/etablissement+wellness+Hérissart%2BFrance/,traité (2026-08-22 21:24)
https://www.google.com/maps/search/etablissement+wellness+Hérisson%2BFrance/,traité (2026-08-22 21:26)
https://www.google.com/maps/search/etablissement+wellness+Herleville%2BFrance/,traité (2026-08-22 21:26)
https://www.google.com/maps/search/etablissement+wellness+La Herlière%2BFrance/,traité (2026-08-22 21:26)
https://www.google.com/maps/search/etablissement+wellness+Herlies%2BFrance/,traité (2026-08-22 21:27)
https://www.google.com/maps/search/etablissement+wellness+Herlin-le-Sec%2BFrance/,traité (2026-08-22 21:28)
https://www.google.com/maps/search/etablissement+wellness+Herlincourt%2BFrance/,traité (2026-08-22 21:31)
https://www.google.com/maps/search/etablissement+wellness+Herly%2BFrance/,échec (2026-08-22 21:31)
https://www.google.com/maps/search/etablissement+wellness+Herly%2BFrance/,échec (2026-08-22 21:31)
https://www.google.com/maps/search/etablissement+wellness+L'Herm%2BFrance/,traité (2026-08-22 21:32)
https://www.google.com/maps/search/etablissement+wellness+Herm%2BFrance/,traité (2026-08-22 21:32)
https://www.google.com/maps/search/etablissement+wellness+Hermanville%2BFrance/,traité (2026-08-22 21:35)
https://www.google.com/maps/search/etablissement+wellness+Hermanville-sur-Mer%2BFrance/,traité (2026-08-22 21:35)
https://www.google.com/maps/search/etablissement+wellness+Les Hermaux%2BFrance/,traité (2026-08-22 21:35)
https://www.google.com/maps/search/etablissement+wellness+Hermaville%2BFrance/,traité (2026-08-22 21:36)
https://www.google.com/maps/search/etablissement+wellness+Hermé%2BFrance/,traité (2026-08-22 21:37)
https://www.google.com/maps/search/etablissement+wellness+Hermelange%2BFrance/,traité (2026-08-22 21:39)
https://www.google.com/maps/search/etablissement+wellness+Hermelinghen%2BFrance/,traité (2026-08-22 21:39)
https://www.google.com/maps/search/etablissement+wellness+L'Hermenault%2BFrance/,traité (2026-08-22 21:40)
https://www.google.com/maps/search/etablissement+wellness+Herment%2BFrance/,traité (2026-08-22 21:41)
https://www.google.com/maps/search/etablissement+wellness+Hermeray%2BFrance/,traité (2026-08-22 21:44)
https://www.google.com/maps/search/etablissement+wellness+Hermes%2BFrance/,traité (2026-08-22 21:44)
https://www.google.com/maps/search/etablissement+wellness+Hermeville%2BFrance/,traité (2026-08-22 21:44)
https://www.google.com/maps/search/etablissement+wellness+Herméville-en-Woëvre%2BFrance/,traité (2026-08-22 21:44)
https://www.google.com/maps/search/etablissement+wellness+Hermies%2BFrance/,traité (2026-08-22 21:45)
https://www.google.com/maps/search/etablissement+wellness+Hermillon%2BFrance/,traité (2026-08-22 21:47)
https://www.google.com/maps/search/etablissement+wellness+Hermin%2BFrance/,traité (2026-08-22 21:47)
https://www.google.com/maps/search/etablissement+wellness+L'Hermitage%2BFrance/,traité (2026-08-22 21:48)
https://www.google.com/maps/search/etablissement+wellness+Les Hermites%2BFrance/,traité (2026-08-22 21:49)
https://www.google.com/maps/search/etablissement+wellness+Hermival-les-Vaux%2BFrance/,traité (2026-08-22 21:49)
https://www.google.com/maps/search/etablissement+wellness+Hermonville%2BFrance/,traité (2026-08-22 21:52)
https://www.google.com/maps/search/etablissement+wellness+Hernicourt%2BFrance/,traité (2026-08-22 21:52)
https://www.google.com/maps/search/etablissement+wellness+Herny%2BFrance/,traité (2026-08-22 21:52)
https://www.google.com/maps/search/etablissement+wellness+Le Héron%2BFrance/,traité (2026-08-22 21:53)
https://www.google.com/maps/search/etablissement+wellness+Héronchelles%2BFrance/,traité (2026-08-22 21:55)
https://www.google.com/maps/search/etablissement+wellness+Hérouville-en-Vexin%2BFrance/,traité (2026-08-22 21:55)
https://www.google.com/maps/search/etablissement+wellness+Hérouville-Saint-Clair%2BFrance/,traité (2026-08-22 21:55)
https://www.google.com/maps/search/etablissement+wellness+Hérouvillette%2BFrance/,traité (2026-08-22 21:55)
https://www.google.com/maps/search/etablissement+wellness+Herpelmont%2BFrance/,traité (2026-08-22 21:56)
https://www.google.com/maps/search/etablissement+wellness+Herpont%2BFrance/,échec (2026-08-22 21:58)
https://www.google.com/maps/search/etablissement+wellness+Herpy-l'Arlésienne%2BFrance/,traité (2026-08-22 21:58)
https://www.google.com/maps/search/etablissement+wellness+Herqueville%2BFrance/,traité (2026-08-22 21:59)
https://www.google.com/maps/search/etablissement+wellness+Herqueville%2BFrance/,traité (2026-08-22 21:59)
https://www.google.com/maps/search/etablissement+wellness+Herran%2BFrance/,traité (2026-08-22 21:59)
https://www.google.com/maps/search/etablissement+wellness+Herré%2BFrance/,traité (2026-08-22 22:02)
https://www.google.com/maps/search/etablissement+wellness+Herrère%2BFrance/,traité (2026-08-22 22:02)
https://www.google.com/maps/search/etablissement+wellness+Herrin%2BFrance/,traité (2026-08-22 22:02)
https://www.google.com/maps/search/etablissement+wellness+Herrlisheim%2BFrance/,traité (2026-08-22 22:03)
https://www.google.com/maps/search/etablissement+wellness+Herrlisheim-près-Colmar%2BFrance/,traité (2026-08-22 22:04)
https://www.google.com/maps/search/etablissement+wellness+Herry%2BFrance/,traité (2026-08-22 22:06)
https://www.google.com/maps/search/etablissement+wellness+Herserange%2BFrance/,traité (2026-08-22 22:06)
https://www.google.com/maps/search/etablissement+wellness+Hersin-Coupigny%2BFrance/,traité (2026-08-22 22:06)
https://www.google.com/maps/search/etablissement+wellness+Hertzing%2BFrance/,traité (2026-08-22 22:07)
https://www.google.com/maps/search/etablissement+wellness+Hervelinghen%2BFrance/,traité (2026-08-22 22:10)
https://www.google.com/maps/search/etablissement+wellness+Hervilly%2BFrance/,traité (2026-08-22 22:10)
https://www.google.com/maps/search/etablissement+wellness+Héry%2BFrance/,traité (2026-08-22 22:10)
https://www.google.com/maps/search/etablissement+wellness+Héry%2BFrance/,traité (2026-08-22 22:10)
https://www.google.com/maps/search/etablissement+wellness+Héry-sur-Alby%2BFrance/,traité (2026-08-22 22:11)
https://www.google.com/maps/search/etablissement+wellness+Herzeele%2BFrance/,traité (2026-08-22 22:13)
https://www.google.com/maps/search/etablissement+wellness+Hesbécourt%2BFrance/,traité (2026-08-22 22:13)
https://www.google.com/maps/search/etablissement+wellness+Hescamps%2BFrance/,traité (2026-08-22 22:13)
https://www.google.com/maps/search/etablissement+wellness+Hesdigneul-lès-Béthune%2BFrance/,traité (2026-08-22 22:14)
https://www.google.com/maps/search/etablissement+wellness+Hesdigneul-lès-Boulogne%2BFrance/,traité (2026-08-22 22:15)
https://www.google.com/maps/search/etablissement+wellness+Hesdin%2BFrance/,traité (2026-08-22 22:17)
https://www.google.com/maps/search/etablissement+wellness+Hesdin-l'Abbé%2BFrance/,traité (2026-08-22 22:17)
https://www.google.com/maps/search/etablissement+wellness+Hésingue%2BFrance/,traité (2026-08-22 22:17)
https://www.google.com/maps/search/etablissement+wellness+Hesmond%2BFrance/,traité (2026-08-22 22:18)
https://www.google.com/maps/search/etablissement+wellness+Hesse%2BFrance/,traité (2026-08-22 22:20)
https://www.google.com/maps/search/etablissement+wellness+Hessenheim%2BFrance/,traité (2026-08-22 22:20)
https://www.google.com/maps/search/etablissement+wellness+Hestroff%2BFrance/,traité (2026-08-22 22:20)
https://www.google.com/maps/search/etablissement+wellness+Hestrud%2BFrance/,
https://www.google.com/maps/search/etablissement+wellness+Hestrus%2BFrance/,
https://www.google.com/maps/search/etablissement+wellness+Hétomesnil%2BFrance/,
https://www.google.com/maps/search/etablissement+wellness+Hettange-Grande%2BFrance/,
https://www.google.com/maps/search/etablissement+wellness+Hettenschlag%2BFrance/,
https://www.google.com/maps/search/etablissement+wellness+Heubécourt-Haricourt%2BFrance/,
https://www.google.com/maps/search/etablissement+wellness+Heuchin%2BFrance/,
https://www.google.com/maps/search/etablissement+wellness+Heucourt-Croquoison%2BFrance/,
https://www.google.com/maps/search/etablissement+wellness+Heudebouville%2BFrance/,
https://www.google.com/maps/search/etablissement+wellness+Heudicourt%2BFrance/,
https://www.google.com/maps/search/etablissement+wellness+Heudicourt%2BFrance/,
https://www.google.com/maps/search/etablissement+wellness+Heudicourt-sous-les-Côtes%2BFrance/,
https://www.google.com/maps/search/etablissement+wellness+Heudreville-en-Lieuvin%2BFrance/,
https://www.google.com/maps/search/etablissement+wellness+Heudreville-sur-Eure%2BFrance/,
https://www.google.com/maps/search/etablissement+wellness+Heugas%2BFrance/,
https://www.google.com/maps/search/etablissement+wellness+Heugleville-sur-Scie%2BFrance/,
https://www.google.com/maps/search/etablissement+wellness+Heugnes%2BFrance/,
https://www.google.com/maps/search/etablissement+wellness+Heugueville-sur-Sienne%2BFrance/,
https://www.google.com/maps/search/etablissement+wellness+Heuilley-le-Grand%2BFrance/,
https://www.google.com/maps/search/etablissement+wellness+Heuilley-sur-Saône%2BFrance/,
https://www.google.com/maps/search/etablissement+wellness+Heuland%2BFrance/,
https://www.google.com/maps/search/etablissement+wellness+Heume-l'Église%2BFrance/,
https://www.google.com/maps/search/etablissement+wellness+La Heunière%2BFrance/,
https://www.google.com/maps/search/etablissement+wellness+Heuqueville%2BFrance/,
https://www.google.com/maps/search/etablissement+wellness+Heuqueville%2BFrance/,
https://www.google.com/maps/search/etablissement+wellness+Heuringhem%2BFrance/,
https://www.google.com/maps/search/etablissement+wellness+Heurteauville%2BFrance/,
https://www.google.com/maps/search/etablissement+wellness+Heutrégiville%2BFrance/,
https://www.google.com/maps/search/etablissement+wellness+Heuzecourt%2BFrance/,
https://www.google.com/maps/search/etablissement+wellness+Hévilliers%2BFrance/,
https://www.google.com/maps/search/etablissement+wellness+Heyrieux%2BFrance/,
https://www.google.com/maps/search/etablissement+wellness+Hézecques%2BFrance/,
https://www.google.com/maps/search/etablissement+wellness+Le Hézo%2BFrance/,
https://www.google.com/maps/search/etablissement+wellness+Hibarette%2BFrance/,
https://www.google.com/maps/search/etablissement+wellness+Hières-sur-Amby%2BFrance/,
https://www.google.com/maps/search/etablissement+wellness+Hierges%2BFrance/,
https://www.google.com/maps/search/etablissement+wellness+Hiermont%2BFrance/,
https://www.google.com/maps/search/etablissement+wellness+Hiers-Brouage%2BFrance/,
https://www.google.com/maps/search/etablissement+wellness+Hiersac%2BFrance/,
https://www.google.com/maps/search/etablissement+wellness+Hiesse%2BFrance/,
https://www.google.com/maps/search/etablissement+wellness+Hiesville%2BFrance/,
https://www.google.com/maps/search/etablissement+wellness+Hiéville%2BFrance/,
https://www.google.com/maps/search/etablissement+wellness+Higuères-Souye%2BFrance/,
https://www.google.com/maps/search/etablissement+wellness+Hiis%2BFrance/,
https://www.google.com/maps/search/etablissement+wellness+Hilbesheim%2BFrance/,
https://www.google.com/maps/search/etablissement+wellness+Hillion%2BFrance/,
https://www.google.com/maps/search/etablissement+wellness+Hilsenheim%2BFrance/,
https://www.google.com/maps/search/etablissement+wellness+Hilsprich%2BFrance/,
https://www.google.com/maps/search/etablissement+wellness+Hinacourt%2BFrance/,traité (2026-08-22 19:20)
https://www.google.com/maps/search/etablissement+wellness+Hinckange%2BFrance/,traité (2026-08-22 19:21)
https://www.google.com/maps/search/etablissement+wellness+Hindisheim%2BFrance/,traité (2026-08-22 19:21)
https://www.google.com/maps/search/etablissement+wellness+Hindlingen%2BFrance/,traité (2026-08-22 19:21)
https://www.google.com/maps/search/etablissement+wellness+Hinges%2BFrance/,traité (2026-08-22 19:21)
https://www.google.com/maps/search/etablissement+wellness+Le Hinglé%2BFrance/,traité (2026-08-22 19:21)
https://www.google.com/maps/search/etablissement+wellness+Hinsbourg%2BFrance/,traité (2026-08-22 19:21)
https://www.google.com/maps/search/etablissement+wellness+Hinsingen%2BFrance/,traité (2026-08-22 19:22)
https://www.google.com/maps/search/etablissement+wellness+Hinx%2BFrance/,traité (2026-08-22 19:22)
https://www.google.com/maps/search/etablissement+wellness+Hipsheim%2BFrance/,traité (2026-08-22 19:22)
https://www.google.com/maps/search/etablissement+wellness+Hirel%2BFrance/,traité (2026-08-22 19:23)
https://www.google.com/maps/search/etablissement+wellness+Hirschland%2BFrance/,traité (2026-08-22 19:23)
https://www.google.com/maps/search/etablissement+wellness+Hirsingue%2BFrance/,traité (2026-08-22 19:23)
https://www.google.com/maps/search/etablissement+wellness+Hirson%2BFrance/,traité (2026-08-22 19:23)
https://www.google.com/maps/search/etablissement+wellness+Hirtzbach%2BFrance/,traité (2026-08-22 19:23)
https://www.google.com/maps/search/etablissement+wellness+Hirtzfelden%2BFrance/,traité (2026-08-22 19:23)
https://www.google.com/maps/search/etablissement+wellness+His%2BFrance/,traité (2026-08-22 19:25)
https://www.google.com/maps/search/etablissement+wellness+Hitte%2BFrance/,traité (2026-08-22 19:25)
https://www.google.com/maps/search/etablissement+wellness+Hochfelden%2BFrance/,traité (2026-08-22 19:25)
https://www.google.com/maps/search/etablissement+wellness+Hochstatt%2BFrance/,traité (2026-08-22 19:25)
https://www.google.com/maps/search/etablissement+wellness+Hochstett%2BFrance/,traité (2026-08-22 19:25)
https://www.google.com/maps/search/etablissement+wellness+Hocquigny%2BFrance/,traité (2026-08-22 19:25)
https://www.google.com/maps/search/etablissement+wellness+Hocquinghen%2BFrance/,traité (2026-08-22 19:25)
https://www.google.com/maps/search/etablissement+wellness+Hodenc-en-Bray%2BFrance/,échec (2026-08-22 19:26)
https://www.google.com/maps/search/etablissement+wellness+Hodenc-l'Évêque%2BFrance/,traité (2026-08-22 19:26)
https://www.google.com/maps/search/etablissement+wellness+Hodeng-au-Bosc%2BFrance/,traité (2026-08-22 19:26)
https://www.google.com/maps/search/etablissement+wellness+Hodeng-Hodenger%2BFrance/,traité (2026-08-22 19:26)
https://www.google.com/maps/search/etablissement+wellness+Hodent%2BFrance/,traité (2026-08-22 19:27)
https://www.google.com/maps/search/etablissement+wellness+Hœdic%2BFrance/,traité (2026-08-22 19:27)
https://www.google.com/maps/search/etablissement+wellness+Hœnheim%2BFrance/,traité (2026-08-22 19:27)
https://www.google.com/maps/search/etablissement+wellness+Hœrdt%2BFrance/,traité (2026-08-22 19:27)
https://www.google.com/maps/search/etablissement+wellness+Hoéville%2BFrance/,traité (2026-08-22 19:27)
https://www.google.com/maps/search/etablissement+wellness+Hoffen%2BFrance/,traité (2026-08-22 19:28)
https://www.google.com/maps/search/etablissement+wellness+Les Hogues%2BFrance/,traité (2026-08-22 19:30)
https://www.google.com/maps/search/etablissement+wellness+La Hoguette%2BFrance/,traité (2026-08-22 19:30)
https://www.google.com/maps/search/etablissement+wellness+Hohengœft%2BFrance/,traité (2026-08-22 19:30)
https://www.google.com/maps/search/etablissement+wellness+Hohfrankenheim%2BFrance/,traité (2026-08-22 19:30)
https://www.google.com/maps/search/etablissement+wellness+Hohrod%2BFrance/,traité (2026-08-22 19:30)
https://www.google.com/maps/search/etablissement+wellness+Le Hohwald%2BFrance/,traité (2026-08-22 19:30)
https://www.google.com/maps/search/etablissement+wellness+Holacourt%2BFrance/,traité (2026-08-22 19:30)
https://www.google.com/maps/search/etablissement+wellness+Holling%2BFrance/,traité (2026-08-22 19:30)
https://www.google.com/maps/search/etablissement+wellness+Holnon%2BFrance/,traité (2026-08-22 19:30)
https://www.google.com/maps/search/etablissement+wellness+Holque%2BFrance/,traité (2026-08-22 19:30)
https://www.google.com/maps/search/etablissement+wellness+Holtzheim%2BFrance/,traité (2026-08-22 19:30)
https://www.google.com/maps/search/etablissement+wellness+Holving%2BFrance/,traité (2026-08-22 19:30)
https://www.google.com/maps/search/etablissement+wellness+Le Hom%2BFrance/,traité (2026-08-22 19:30)
https://www.google.com/maps/search/etablissement+wellness+Hombleux%2BFrance/,traité (2026-08-22 19:30)
https://www.google.com/maps/search/etablissement+wellness+Homblières%2BFrance/,traité (2026-08-22 19:31)
https://www.google.com/maps/search/etablissement+wellness+Hombourg%2BFrance/,traité (2026-08-22 19:31)
https://www.google.com/maps/search/etablissement+wellness+Hombourg-Budange%2BFrance/,traité (2026-08-22 19:31)
https://www.google.com/maps/search/etablissement+wellness+Hombourg-Haut%2BFrance/,traité (2026-08-22 19:33)
https://www.google.com/maps/search/etablissement+wellness+L'Hôme-Chamondot%2BFrance/,traité (2026-08-22 19:33)
https://www.google.com/maps/search/etablissement+wellness+Homécourt%2BFrance/,traité (2026-08-22 19:33)
https://www.google.com/maps/search/etablissement+wellness+Hommarting%2BFrance/,traité (2026-08-22 19:33)
https://www.google.com/maps/search/etablissement+wellness+Hommert%2BFrance/,traité (2026-08-22 19:33)
https://www.google.com/maps/search/etablissement+wellness+Hommes%2BFrance/,traité (2026-08-22 19:33)
https://www.google.com/maps/search/etablissement+wellness+Le Hommet-d'Arthenay%2BFrance/,traité (2026-08-22 19:33)
https://www.google.com/maps/search/etablissement+wellness+Homps%2BFrance/,traité (2026-08-22 19:33)
https://www.google.com/maps/search/etablissement+wellness+Homps%2BFrance/,traité (2026-08-22 19:33)
https://www.google.com/maps/search/etablissement+wellness+Hon-Hergies%2BFrance/,traité (2026-08-22 19:33)
https://www.google.com/maps/search/etablissement+wellness+Hondainville%2BFrance/,traité (2026-08-22 19:33)
https://www.google.com/maps/search/etablissement+wellness+Hondeghem%2BFrance/,traité (2026-08-22 19:34)
https://www.google.com/maps/search/etablissement+wellness+Hondevilliers%2BFrance/,traité (2026-08-22 19:34)
https://www.google.com/maps/search/etablissement+wellness+Hondouville%2BFrance/,traité (2026-08-22 19:34)
https://www.google.com/maps/search/etablissement+wellness+Hondschoote%2BFrance/,traité (2026-08-22 19:34)
https://www.google.com/maps/search/etablissement+wellness+Honfleur%2BFrance/,traité (2026-08-22 19:34)
https://www.google.com/maps/search/etablissement+wellness+Honguemare-Guenouville%2BFrance/,traité (2026-08-22 19:37)
https://www.google.com/maps/search/etablissement+wellness+Honnechy%2BFrance/,traité (2026-08-22 19:37)
https://www.google.com/maps/search/etablissement+wellness+Honnecourt-sur-Escaut%2BFrance/,traité (2026-08-22 19:37)
https://www.google.com/maps/search/etablissement+wellness+L'Honor-de-Cos%2BFrance/,traité (2026-08-22 19:37)
https://www.google.com/maps/search/etablissement+wellness+Honskirch%2BFrance/,traité (2026-08-22 19:37)
https://www.google.com/maps/search/etablissement+wellness+Hontanx%2BFrance/,traité (2026-08-22 19:37)
https://www.google.com/maps/search/etablissement+wellness+L'Hôpital%2BFrance/,traité (2026-08-22 19:37)
https://www.google.com/maps/search/etablissement+wellness+Hôpital-Camfrout%2BFrance/,traité (2026-08-22 19:37)
https://www.google.com/maps/search/etablissement+wellness+L'Hôpital-d'Orion%2BFrance/,traité (2026-08-22 19:37)
https://www.google.com/maps/search/etablissement+wellness+L'Hôpital-du-Grosbois%2BFrance/,traité (2026-08-22 19:37)
https://www.google.com/maps/search/etablissement+wellness+L'Hôpital-le-Grand%2BFrance/,traité (2026-08-22 19:37)
https://www.google.com/maps/search/etablissement+wellness+L'Hôpital-le-Mercier%2BFrance/,traité (2026-08-22 19:37)
https://www.google.com/maps/search/etablissement+wellness+L'Hôpital-Saint-Blaise%2BFrance/,traité (2026-08-22 19:38)
https://www.google.com/maps/search/etablissement+wellness+L'Hôpital-Saint-Lieffroy%2BFrance/,traité (2026-08-22 19:38)
https://www.google.com/maps/search/etablissement+wellness+L'Hôpital-sous-Rochefort%2BFrance/,traité (2026-08-22 19:38)
https://www.google.com/maps/search/etablissement+wellness+Les Hôpitaux-Neufs%2BFrance/,traité (2026-08-22 19:38)
https://www.google.com/maps/search/etablissement+wellness+Les Hôpitaux-Vieux%2BFrance/,traité (2026-08-22 19:38)
https://www.google.com/maps/search/etablissement+wellness+Horbourg-Wihr%2BFrance/,traité (2026-08-22 19:38)
https://www.google.com/maps/search/etablissement+wellness+Hordain%2BFrance/,traité (2026-08-22 19:41)
https://www.google.com/maps/search/etablissement+wellness+La Horgne%2BFrance/,traité (2026-08-22 19:41)
https://www.google.com/maps/search/etablissement+wellness+Horgues%2BFrance/,traité (2026-08-22 19:41)
https://www.google.com/maps/search/etablissement+wellness+L'Horme%2BFrance/,traité (2026-08-22 19:41)
https://www.google.com/maps/search/etablissement+wellness+Hornaing%2BFrance/,traité (2026-08-22 19:41)
https://www.google.com/maps/search/etablissement+wellness+Hornoy-le-Bourg%2BFrance/,traité (2026-08-22 19:41)
https://www.google.com/maps/search/etablissement+wellness+Le Horps%2BFrance/,traité (2026-08-22 19:41)
https://www.google.com/maps/search/etablissement+wellness+Horsarrieu%2BFrance/,traité (2026-08-22 19:41)
https://www.google.com/maps/search/etablissement+wellness+Horville-en-Ornois%2BFrance/,échec (2026-08-22 19:41)
https://www.google.com/maps/search/etablissement+wellness+L'Hosmes%2BFrance/,traité (2026-08-22 19:41)
https://www.google.com/maps/search/etablissement+wellness+L'Hospitalet%2BFrance/,traité (2026-08-22 19:41)
https://www.google.com/maps/search/etablissement+wellness+L'Hospitalet-du-Larzac%2BFrance/,traité (2026-08-22 19:41)
https://www.google.com/maps/search/etablissement+wellness+L'Hospitalet-près-l'Andorre%2BFrance/,traité (2026-08-22 19:41)
https://www.google.com/maps/search/etablissement+wellness+Hosta%2BFrance/,traité (2026-08-22 19:41)
https://www.google.com/maps/search/etablissement+wellness+Hoste%2BFrance/,traité (2026-08-22 19:42)
https://www.google.com/maps/search/etablissement+wellness+Hostens%2BFrance/,traité (2026-08-22 19:42)
https://www.google.com/maps/search/etablissement+wellness+Hostiaz%2BFrance/,traité (2026-08-22 19:44)
https://www.google.com/maps/search/etablissement+wellness+Hostun%2BFrance/,traité (2026-08-22 19:44)
https://www.google.com/maps/search/etablissement+wellness+L'Hôtellerie%2BFrance/,traité (2026-08-22 19:44)
https://www.google.com/maps/search/etablissement+wellness+L'Hôtellerie-de-Flée%2BFrance/,traité (2026-08-22 19:44)
https://www.google.com/maps/search/etablissement+wellness+Hotot-en-Auge%2BFrance/,traité (2026-08-22 19:44)
https://www.google.com/maps/search/etablissement+wellness+Hottot-les-Bagues%2BFrance/,traité (2026-08-22 19:44)
https://www.google.com/maps/search/etablissement+wellness+Hottviller%2BFrance/,traité (2026-08-22 19:44)
https://www.google.com/maps/search/etablissement+wellness+La Houblonnière%2BFrance/,traité (2026-08-22 19:44)
https://www.google.com/maps/search/etablissement+wellness+Les Houches%2BFrance/,traité (2026-08-22 19:44)
https://www.google.com/maps/search/etablissement+wellness+Houchin%2BFrance/,échec (2026-08-22 19:44)
https://www.google.com/maps/search/etablissement+wellness+Houdain%2BFrance/,traité (2026-08-22 19:44)
https://www.google.com/maps/search/etablissement+wellness+Houdain-lez-Bavay%2BFrance/,traité (2026-08-22 19:45)
https://www.google.com/maps/search/etablissement+wellness+Houdan%2BFrance/,traité (2026-08-22 19:45)
https://www.google.com/maps/search/etablissement+wellness+Houdancourt%2BFrance/,traité (2026-08-22 19:45)
https://www.google.com/maps/search/etablissement+wellness+Houdelaincourt%2BFrance/,traité (2026-08-22 19:46)
https://www.google.com/maps/search/etablissement+wellness+Houdelmont%2BFrance/,traité (2026-08-22 19:46)
https://www.google.com/maps/search/etablissement+wellness+Houdemont%2BFrance/,traité (2026-08-22 19:48)
https://www.google.com/maps/search/etablissement+wellness+Houdetot%2BFrance/,traité (2026-08-22 19:48)
https://www.google.com/maps/search/etablissement+wellness+Houdilcourt%2BFrance/,traité (2026-08-22 19:48)
https://www.google.com/maps/search/etablissement+wellness+Houdreville%2BFrance/,traité (2026-08-22 19:48)
https://www.google.com/maps/search/etablissement+wellness+Houécourt%2BFrance/,traité (2026-08-22 19:48)
https://www.google.com/maps/search/etablissement+wellness+Houeillès%2BFrance/,traité (2026-08-22 19:48)
https://www.google.com/maps/search/etablissement+wellness+Houetteville%2BFrance/,traité (2026-08-22 19:48)
https://www.google.com/maps/search/etablissement+wellness+Houéville%2BFrance/,traité (2026-08-22 19:48)
https://www.google.com/maps/search/etablissement+wellness+Houeydets%2BFrance/,traité (2026-08-22 19:48)
https://www.google.com/maps/search/etablissement+wellness+Le Houga%2BFrance/,traité (2026-08-22 19:49)
https://www.google.com/maps/search/etablissement+wellness+Houilles%2BFrance/,traité (2026-08-22 19:49)
https://www.google.com/maps/search/etablissement+wellness+Houlbec-Cocherel%2BFrance/,traité (2026-08-22 19:49)
https://www.google.com/maps/search/etablissement+wellness+Houlbec-près-le-Gros-Theil%2BFrance/,traité (2026-08-22 19:49)
https://www.google.com/maps/search/etablissement+wellness+Houldizy%2BFrance/,traité (2026-08-22 19:50)
https://www.google.com/maps/search/etablissement+wellness+Houlette%2BFrance/,traité (2026-08-22 19:50)
https://www.google.com/maps/search/etablissement+wellness+Houlgate%2BFrance/,traité (2026-08-22 19:50)
https://www.google.com/maps/search/etablissement+wellness+Houlle%2BFrance/,traité (2026-08-22 19:50)
https://www.google.com/maps/search/etablissement+wellness+Le Houlme%2BFrance/,traité (2026-08-22 19:52)
https://www.google.com/maps/search/etablissement+wellness+L'Houmeau%2BFrance/,traité (2026-08-22 19:52)
https://www.google.com/maps/search/etablissement+wellness+Hounoux%2BFrance/,traité (2026-08-22 19:52)
https://www.google.com/maps/search/etablissement+wellness+Houplin-Ancoisne%2BFrance/,traité (2026-08-22 19:52)
https://www.google.com/maps/search/etablissement+wellness+Houplines%2BFrance/,traité (2026-08-22 19:52)
https://www.google.com/maps/search/etablissement+wellness+Houppeville%2BFrance/,traité (2026-08-22 19:52)
https://www.google.com/maps/search/etablissement+wellness+Houquetot%2BFrance/,traité (2026-08-22 19:52)
https://www.google.com/maps/search/etablissement+wellness+Hourc%2BFrance/,traité (2026-08-22 19:52)
https://www.google.com/maps/search/etablissement+wellness+Hourges%2BFrance/,traité (2026-08-22 19:52)
https://www.google.com/maps/search/etablissement+wellness+Hours%2BFrance/,traité (2026-08-22 19:52)
https://www.google.com/maps/search/etablissement+wellness+Hourtin%2BFrance/,traité (2026-08-22 19:53)
https://www.google.com/maps/search/etablissement+wellness+Houry%2BFrance/,traité (2026-08-22 19:53)
https://www.google.com/maps/search/etablissement+wellness+Houssay%2BFrance/,traité (2026-08-22 19:53)
https://www.google.com/maps/search/etablissement+wellness+Houssay%2BFrance/,traité (2026-08-22 19:53)
https://www.google.com/maps/search/etablissement+wellness+La Houssaye%2BFrance/,traité (2026-08-22 19:53)
https://www.google.com/maps/search/etablissement+wellness+La Houssaye-Béranger%2BFrance/,traité (2026-08-22 19:54)
https://www.google.com/maps/search/etablissement+wellness+La Houssaye-en-Brie%2BFrance/,traité (2026-08-22 19:54)
https://www.google.com/maps/search/etablissement+wellness+Le Housseau-Brétignolles%2BFrance/,traité (2026-08-22 19:56)
https://www.google.com/maps/search/etablissement+wellness+Houssen%2BFrance/,traité (2026-08-22 19:56)
https://www.google.com/maps/search/etablissement+wellness+Housseras%2BFrance/,traité (2026-08-22 19:56)
https://www.google.com/maps/search/etablissement+wellness+Housset%2BFrance/,traité (2026-08-22 19:56)
https://www.google.com/maps/search/etablissement+wellness+Housséville%2BFrance/,traité (2026-08-22 19:56)
https://www.google.com/maps/search/etablissement+wellness+La Houssière%2BFrance/,traité (2026-08-22 19:56)
https://www.google.com/maps/search/etablissement+wellness+La Houssoye%2BFrance/,traité (2026-08-22 19:56)
https://www.google.com/maps/search/etablissement+wellness+Houtaud%2BFrance/,traité (2026-08-22 19:56)
https://www.google.com/maps/search/etablissement+wellness+Houtkerque%2BFrance/,traité (2026-08-22 19:56)
https://www.google.com/maps/search/etablissement+wellness+Houville-en-Vexin%2BFrance/,traité (2026-08-22 19:56)
https://www.google.com/maps/search/etablissement+wellness+Houville-la-Branche%2BFrance/,traité (2026-08-22 19:56)
https://www.google.com/maps/search/etablissement+wellness+Houvin-Houvigneul%2BFrance/,échec (2026-08-22 19:57)
https://www.google.com/maps/search/etablissement+wellness+Houx%2BFrance/,traité (2026-08-22 19:57)
https://www.google.com/maps/search/etablissement+wellness+Hoymille%2BFrance/,traité (2026-08-22 19:57)
https://www.google.com/maps/search/etablissement+wellness+Huanne-Montmartin%2BFrance/,traité (2026-08-22 19:57)
https://www.google.com/maps/search/etablissement+wellness+Hubersent%2BFrance/,échec (2026-08-22 19:58)
https://www.google.com/maps/search/etablissement+wellness+Hubert-Folie%2BFrance/,traité (2026-08-22 20:00)
https://www.google.com/maps/search/etablissement+wellness+Huberville%2BFrance/,traité (2026-08-22 20:00)
https://www.google.com/maps/search/etablissement+wellness+Huby-Saint-Leu%2BFrance/,traité (2026-08-22 20:00)
https://www.google.com/maps/search/etablissement+wellness+Huchenneville%2BFrance/,traité (2026-08-22 20:00)
https://www.google.com/maps/search/etablissement+wellness+Huclier%2BFrance/,traité (2026-08-22 20:00)
https://www.google.com/maps/search/etablissement+wellness+Hucqueliers%2BFrance/,traité (2026-08-22 20:00)
https://www.google.com/maps/search/etablissement+wellness+Hudimesnil%2BFrance/,traité (2026-08-22 20:00)
https://www.google.com/maps/search/etablissement+wellness+Hudiviller%2BFrance/,traité (2026-08-22 20:00)
https://www.google.com/maps/search/etablissement+wellness+Huelgoat%2BFrance/,traité (2026-08-22 20:00)
https://www.google.com/maps/search/etablissement+wellness+Huest%2BFrance/,traité (2026-08-22 20:00)
https://www.google.com/maps/search/etablissement+wellness+Huêtre%2BFrance/,traité (2026-08-22 20:00)
https://www.google.com/maps/search/etablissement+wellness+Huez%2BFrance/,traité (2026-08-22 20:00)
https://www.google.com/maps/search/etablissement+wellness+Hugier%2BFrance/,traité (2026-08-22 20:01)
https://www.google.com/maps/search/etablissement+wellness+Hugleville-en-Caux%2BFrance/,traité (2026-08-22 20:01)
https://www.google.com/maps/search/etablissement+wellness+Huillé%2BFrance/,traité (2026-08-22 20:01)
https://www.google.com/maps/search/etablissement+wellness+Huilliécourt%2BFrance/,traité (2026-08-22 20:01)
https://www.google.com/maps/search/etablissement+wellness+Huilly-sur-Seille%2BFrance/,traité (2026-08-22 20:02)
https://www.google.com/maps/search/etablissement+wellness+Huiron%2BFrance/,traité (2026-08-22 20:04)
https://www.google.com/maps/search/etablissement+wellness+Huismes%2BFrance/,traité (2026-08-22 20:04)
https://www.google.com/maps/search/etablissement+wellness+Huisnes-sur-Mer%2BFrance/,traité (2026-08-22 20:04)
https://www.google.com/maps/search/etablissement+wellness+Huisseau-en-Beauce%2BFrance/,traité (2026-08-22 20:04)
https://www.google.com/maps/search/etablissement+wellness+Huisseau-sur-Cosson%2BFrance/,traité (2026-08-22 20:04)
https://www.google.com/maps/search/etablissement+wellness+Huisseau-sur-Mauves%2BFrance/,traité (2026-08-22 20:04)
https://www.google.com/maps/search/etablissement+wellness+L'Huisserie%2BFrance/,traité (2026-08-22 20:04)
https://www.google.com/maps/search/etablissement+wellness+Hulluch%2BFrance/,traité (2026-08-22 20:04)
https://www.google.com/maps/search/etablissement+wellness+Hultehouse%2BFrance/,traité (2026-08-22 20:04)
https://www.google.com/maps/search/etablissement+wellness+Humbauville%2BFrance/,traité (2026-08-22 20:04)
https://www.google.com/maps/search/etablissement+wellness+Humbécourt%2BFrance/,traité (2026-08-22 20:04)
https://www.google.com/maps/search/etablissement+wellness+Humbercamps%2BFrance/,échec (2026-08-22 20:05)
https://www.google.com/maps/search/etablissement+wellness+Humbercourt%2BFrance/,traité (2026-08-22 20:05)
https://www.google.com/maps/search/etablissement+wellness+Humbert%2BFrance/,traité (2026-08-22 20:05)
https://www.google.com/maps/search/etablissement+wellness+Humberville%2BFrance/,traité (2026-08-22 20:05)
https://www.google.com/maps/search/etablissement+wellness+Humbligny%2BFrance/,traité (2026-08-22 20:05)
https://www.google.com/maps/search/etablissement+wellness+Humerœuille%2BFrance/,traité (2026-08-22 20:05)
https://www.google.com/maps/search/etablissement+wellness+Humes-Jorquenay%2BFrance/,traité (2026-08-22 20:07)
https://www.google.com/maps/search/etablissement+wellness+Humières%2BFrance/,traité (2026-08-22 20:07)
https://www.google.com/maps/search/etablissement+wellness+Hunawihr%2BFrance/,traité (2026-08-22 20:07)
https://www.google.com/maps/search/etablissement+wellness+Hundling%2BFrance/,traité (2026-08-22 20:07)
https://www.google.com/maps/search/etablissement+wellness+Hundsbach%2BFrance/,traité (2026-08-22 20:07)
https://www.google.com/maps/search/etablissement+wellness+Huningue%2BFrance/,traité (2026-08-22 20:07)
https://www.google.com/maps/search/etablissement+wellness+Hunspach%2BFrance/,traité (2026-08-22 20:08)
https://www.google.com/maps/search/etablissement+wellness+Hunting%2BFrance/,traité (2026-08-22 20:08)
https://www.google.com/maps/search/etablissement+wellness+Huos%2BFrance/,traité (2026-08-22 20:08)
https://www.google.com/maps/search/etablissement+wellness+Huparlac%2BFrance/,traité (2026-08-22 20:08)
https://www.google.com/maps/search/etablissement+wellness+Huppy%2BFrance/,traité (2026-08-22 20:08)
https://www.google.com/maps/search/etablissement+wellness+Hurbache%2BFrance/,traité (2026-08-22 20:08)
https://www.google.com/maps/search/etablissement+wellness+Hure%2BFrance/,traité (2026-08-22 20:08)
https://www.google.com/maps/search/etablissement+wellness+Hurecourt%2BFrance/,traité (2026-08-22 20:09)
https://www.google.com/maps/search/etablissement+wellness+Hures-la-Parade%2BFrance/,traité (2026-08-22 20:09)
https://www.google.com/maps/search/etablissement+wellness+Huriel%2BFrance/,traité (2026-08-22 20:09)
https://www.google.com/maps/search/etablissement+wellness+Hurigny%2BFrance/,traité (2026-08-22 20:11)
https://www.google.com/maps/search/etablissement+wellness+Hurtières%2BFrance/,traité (2026-08-22 20:11)
https://www.google.com/maps/search/etablissement+wellness+Hurtigheim%2BFrance/,traité (2026-08-22 20:11)
https://www.google.com/maps/search/etablissement+wellness+Husseren-les-Châteaux%2BFrance/,traité (2026-08-22 20:11)
https://www.google.com/maps/search/etablissement+wellness+Husseren-Wesserling%2BFrance/,traité (2026-08-22 20:11)
https://www.google.com/maps/search/etablissement+wellness+Hussigny-Godbrange%2BFrance/,traité (2026-08-22 20:11)
https://www.google.com/maps/search/etablissement+wellness+Huttendorf%2BFrance/,traité (2026-08-22 20:11)
https://www.google.com/maps/search/etablissement+wellness+Huttenheim%2BFrance/,traité (2026-08-22 20:11)
https://www.google.com/maps/search/etablissement+wellness+Hyds%2BFrance/,traité (2026-08-22 20:11)
https://www.google.com/maps/search/etablissement+wellness+Hyémondans%2BFrance/,échec (2026-08-22 20:12)
https://www.google.com/maps/search/etablissement+wellness+Hyencourt-le-Grand%2BFrance/,traité (2026-08-22 20:12)
https://www.google.com/maps/search/etablissement+wellness+Hyères%2BFrance/,traité (2026-08-22 20:12)
https://www.google.com/maps/search/etablissement+wellness+Hyet%2BFrance/,traité (2026-08-22 20:12)
https://www.google.com/maps/search/etablissement+wellness+Hyèvre-Magny%2BFrance/,traité (2026-08-22 20:13)
https://www.google.com/maps/search/etablissement+wellness+Hyèvre-Paroisse%2BFrance/,traité (2026-08-22 20:13)
https://www.google.com/maps/search/etablissement+wellness+Hymont%2BFrance/,échec (2026-08-22 20:13)
https://www.google.com/maps/search/etablissement+wellness+Hypercourt%2BFrance/,traité (2026-08-22 20:13)
https://www.google.com/maps/search/etablissement+wellness+Ibarrolle%2BFrance/,traité (2026-08-22 20:16)
https://www.google.com/maps/search/etablissement+wellness+Ibigny%2BFrance/,traité (2026-08-22 20:16)
https://www.google.com/maps/search/etablissement+wellness+Ibos%2BFrance/,traité (2026-08-22 20:16)
https://www.google.com/maps/search/etablissement+wellness+Ichtratzheim%2BFrance/,traité (2026-08-22 20:16)
https://www.google.com/maps/search/etablissement+wellness+Ichy%2BFrance/,traité (2026-08-22 20:16)
https://www.google.com/maps/search/etablissement+wellness+Idaux-Mendy%2BFrance/,traité (2026-08-22 20:16)
https://www.google.com/maps/search/etablissement+wellness+Idrac-Respaillès%2BFrance/,traité (2026-08-22 20:16)
https://www.google.com/maps/search/etablissement+wellness+Idron%2BFrance/,traité (2026-08-22 20:16)
https://www.google.com/maps/search/etablissement+wellness+Ids-Saint-Roch%2BFrance/,traité (2026-08-22 20:16)
https://www.google.com/maps/search/etablissement+wellness+Iffendic%2BFrance/,traité (2026-08-22 20:16)
https://www.google.com/maps/search/etablissement+wellness+Les Iffs%2BFrance/,traité (2026-08-22 20:16)
https://www.google.com/maps/search/etablissement+wellness+Ifs%2BFrance/,traité (2026-08-22 20:16)
https://www.google.com/maps/search/etablissement+wellness+Les Ifs%2BFrance/,traité (2026-08-22 20:16)
https://www.google.com/maps/search/etablissement+wellness+Igé%2BFrance/,traité (2026-08-22 20:17)
https://www.google.com/maps/search/etablissement+wellness+Igé%2BFrance/,traité (2026-08-22 20:17)
https://www.google.com/maps/search/etablissement+wellness+Ignaucourt%2BFrance/,traité (2026-08-22 20:17)
https://www.google.com/maps/search/etablissement+wellness+Ignaux%2BFrance/,traité (2026-08-22 20:17)
https://www.google.com/maps/search/etablissement+wellness+Igney%2BFrance/,traité (2026-08-22 20:19)
https://www.google.com/maps/search/etablissement+wellness+Igney%2BFrance/,traité (2026-08-22 20:19)
https://www.google.com/maps/search/etablissement+wellness+Ignol%2BFrance/,traité (2026-08-22 20:19)
https://www.google.com/maps/search/etablissement+wellness+Igny%2BFrance/,traité (2026-08-22 20:19)
https://www.google.com/maps/search/etablissement+wellness+Igny%2BFrance/,traité (2026-08-22 20:19)
https://www.google.com/maps/search/etablissement+wellness+Igny-Comblizy%2BFrance/,traité (2026-08-22 20:19)
https://www.google.com/maps/search/etablissement+wellness+Igon%2BFrance/,traité (2026-08-22 20:19)
https://www.google.com/maps/search/etablissement+wellness+Igornay%2BFrance/,traité (2026-08-22 20:19)
https://www.google.com/maps/search/etablissement+wellness+Igoville%2BFrance/,traité (2026-08-22 20:19)
https://www.google.com/maps/search/etablissement+wellness+Iguerande%2BFrance/,traité (2026-08-22 20:19)
https://www.google.com/maps/search/etablissement+wellness+Iholdy%2BFrance/,traité (2026-08-22 20:20)
https://www.google.com/maps/search/etablissement+wellness+Île-aux-Moines%2BFrance/,traité (2026-08-22 20:20)
https://www.google.com/maps/search/etablissement+wellness+L'Île-Bouchard%2BFrance/,traité (2026-08-22 20:21)
https://www.google.com/maps/search/etablissement+wellness+Île-d'Aix%2BFrance/,traité (2026-08-22 20:21)
https://www.google.com/maps/search/etablissement+wellness+Île-d'Arz%2BFrance/,traité (2026-08-22 20:21)
https://www.google.com/maps/search/etablissement+wellness+L'Île-d'Elle%2BFrance/,traité (2026-08-22 20:21)
https://www.google.com/maps/search/etablissement+wellness+Île-d'Houat%2BFrance/,traité (2026-08-22 20:21)
https://www.google.com/maps/search/etablissement+wellness+L'Île-d'Olonne%2BFrance/,traité (2026-08-22 20:24)
https://www.google.com/maps/search/etablissement+wellness+L'Île-d'Yeu%2BFrance/,traité (2026-08-22 20:24)
https://www.google.com/maps/search/etablissement+wellness+Île-de-Batz%2BFrance/,traité (2026-08-22 20:24)
https://www.google.com/maps/search/etablissement+wellness+Île-de-Bréhat%2BFrance/,traité (2026-08-22 20:24)
https://www.google.com/maps/search/etablissement+wellness+Île-de-Sein%2BFrance/,traité (2026-08-22 20:24)
https://www.google.com/maps/search/etablissement+wellness+Île-Molène%2BFrance/,traité (2026-08-22 20:24)
https://www.google.com/maps/search/etablissement+wellness+L'Île-Rousse%2BFrance/,traité (2026-08-22 20:24)
https://www.google.com/maps/search/etablissement+wellness+L'Île-Saint-Denis%2BFrance/,traité (2026-08-22 20:24)
https://www.google.com/maps/search/etablissement+wellness+Île-Tudy%2BFrance/,traité (2026-08-22 16:20)
https://www.google.com/maps/search/etablissement+wellness+Ilharre%2BFrance/,traité (2026-08-22 16:20)
https://www.google.com/maps/search/etablissement+wellness+Ilhat%2BFrance/,traité (2026-08-22 16:20)
https://www.google.com/maps/search/etablissement+wellness+Les Ilhes%2BFrance/,échec (2026-08-22 16:21)
https://www.google.com/maps/search/etablissement+wellness+Ilhet%2BFrance/,traité (2026-08-22 16:21)
https://www.google.com/maps/search/etablissement+wellness+Ilheu%2BFrance/,traité (2026-08-22 16:22)
https://www.google.com/maps/search/etablissement+wellness+Illange%2BFrance/,traité (2026-08-22 16:22)
https://www.google.com/maps/search/etablissement+wellness+Illartein%2BFrance/,traité (2026-08-22 16:22)
https://www.google.com/maps/search/etablissement+wellness+Illats%2BFrance/,traité (2026-08-22 16:23)
https://www.google.com/maps/search/etablissement+wellness+Ille-sur-Têt%2BFrance/,traité (2026-08-22 16:23)
https://www.google.com/maps/search/etablissement+wellness+Illeville-sur-Montfort%2BFrance/,traité (2026-08-22 16:25)
https://www.google.com/maps/search/etablissement+wellness+Illfurth%2BFrance/,traité (2026-08-22 16:25)
https://www.google.com/maps/search/etablissement+wellness+Illhaeusern%2BFrance/,traité (2026-08-22 16:25)
https://www.google.com/maps/search/etablissement+wellness+Illiat%2BFrance/,traité (2026-08-22 16:25)
https://www.google.com/maps/search/etablissement+wellness+Illier-et-Laramade%2BFrance/,traité (2026-08-22 16:25)
https://www.google.com/maps/search/etablissement+wellness+Illiers-Combray%2BFrance/,traité (2026-08-22 16:25)
https://www.google.com/maps/search/etablissement+wellness+Illiers-l'Évêque%2BFrance/,traité (2026-08-22 16:26)
https://www.google.com/maps/search/etablissement+wellness+Illies%2BFrance/,traité (2026-08-22 16:26)
https://www.google.com/maps/search/etablissement+wellness+Illifaut%2BFrance/,traité (2026-08-22 16:26)
https://www.google.com/maps/search/etablissement+wellness+Illkirch-Graffenstaden%2BFrance/,traité (2026-08-22 16:26)
https://www.google.com/maps/search/etablissement+wellness+Illois%2BFrance/,traité (2026-08-22 16:28)
https://www.google.com/maps/search/etablissement+wellness+Illoud%2BFrance/,traité (2026-08-22 16:28)
https://www.google.com/maps/search/etablissement+wellness+Illtal%2BFrance/,traité (2026-08-22 16:28)
https://www.google.com/maps/search/etablissement+wellness+Illy%2BFrance/,traité (2026-08-22 16:28)
https://www.google.com/maps/search/etablissement+wellness+Illzach%2BFrance/,traité (2026-08-22 16:28)
https://www.google.com/maps/search/etablissement+wellness+Ilonse%2BFrance/,traité (2026-08-22 16:29)
https://www.google.com/maps/search/etablissement+wellness+Imbleville%2BFrance/,traité (2026-08-22 16:29)
https://www.google.com/maps/search/etablissement+wellness+Imécourt%2BFrance/,traité (2026-08-22 16:29)
https://www.google.com/maps/search/etablissement+wellness+Imling%2BFrance/,traité (2026-08-22 16:30)
https://www.google.com/maps/search/etablissement+wellness+Imphy%2BFrance/,traité (2026-08-22 16:30)
https://www.google.com/maps/search/etablissement+wellness+Inaumont%2BFrance/,traité (2026-08-22 16:32)
https://www.google.com/maps/search/etablissement+wellness+Incarville%2BFrance/,traité (2026-08-22 16:32)
https://www.google.com/maps/search/etablissement+wellness+Incheville%2BFrance/,traité (2026-08-22 16:32)
https://www.google.com/maps/search/etablissement+wellness+Inchy%2BFrance/,traité (2026-08-22 16:32)
https://www.google.com/maps/search/etablissement+wellness+Inchy-en-Artois%2BFrance/,traité (2026-08-22 16:33)
https://www.google.com/maps/search/etablissement+wellness+Incourt%2BFrance/,échec (2026-08-22 16:33)
https://www.google.com/maps/search/etablissement+wellness+Indevillers%2BFrance/,traité (2026-08-22 16:33)
https://www.google.com/maps/search/etablissement+wellness+Indre%2BFrance/,traité (2026-08-22 16:34)
https://www.google.com/maps/search/etablissement+wellness+Ineuil%2BFrance/,traité (2026-08-22 16:34)
https://www.google.com/maps/search/etablissement+wellness+Ingenheim%2BFrance/,traité (2026-08-22 16:36)
https://www.google.com/maps/search/etablissement+wellness+Ingersheim%2BFrance/,traité (2026-08-22 16:36)
https://www.google.com/maps/search/etablissement+wellness+Inglange%2BFrance/,traité (2026-08-22 16:36)
https://www.google.com/maps/search/etablissement+wellness+Ingolsheim%2BFrance/,traité (2026-08-22 16:36)
https://www.google.com/maps/search/etablissement+wellness+Ingouville%2BFrance/,traité (2026-08-22 16:36)
https://www.google.com/maps/search/etablissement+wellness+Ingrandes%2BFrance/,traité (2026-08-22 16:37)
https://www.google.com/maps/search/etablissement+wellness+Ingrandes%2BFrance/,traité (2026-08-22 16:37)
https://www.google.com/maps/search/etablissement+wellness+Ingrandes-de-Touraine%2BFrance/,traité (2026-08-22 16:37)
https://www.google.com/maps/search/etablissement+wellness+Ingrandes-Le Fresne sur Loire%2BFrance/,traité (2026-08-22 16:37)
https://www.google.com/maps/search/etablissement+wellness+Ingrannes%2BFrance/,traité (2026-08-22 16:38)
https://www.google.com/maps/search/etablissement+wellness+Ingré%2BFrance/,traité (2026-08-22 16:38)
https://www.google.com/maps/search/etablissement+wellness+Inguiniel%2BFrance/,traité (2026-08-22 16:40)
https://www.google.com/maps/search/etablissement+wellness+Ingwiller%2BFrance/,traité (2026-08-22 16:40)
https://www.google.com/maps/search/etablissement+wellness+Injoux-Génissiat%2BFrance/,traité (2026-08-22 16:40)
https://www.google.com/maps/search/etablissement+wellness+Innenheim%2BFrance/,traité (2026-08-22 16:40)
https://www.google.com/maps/search/etablissement+wellness+Innimond%2BFrance/,traité (2026-08-22 16:40)
https://www.google.com/maps/search/etablissement+wellness+Inor%2BFrance/,traité (2026-08-22 16:40)
https://www.google.com/maps/search/etablissement+wellness+Insming%2BFrance/,traité (2026-08-22 16:41)
https://www.google.com/maps/search/etablissement+wellness+Insviller%2BFrance/,traité (2026-08-22 16:41)
https://www.google.com/maps/search/etablissement+wellness+Intres%2BFrance/,traité (2026-08-22 16:41)
https://www.google.com/maps/search/etablissement+wellness+Intréville%2BFrance/,traité (2026-08-22 16:42)
https://www.google.com/maps/search/etablissement+wellness+Intville-la-Guétard%2BFrance/,traité (2026-08-22 16:44)
https://www.google.com/maps/search/etablissement+wellness+Inval-Boiron%2BFrance/,traité (2026-08-22 16:44)
https://www.google.com/maps/search/etablissement+wellness+Inxent%2BFrance/,échec (2026-08-22 16:44)
https://www.google.com/maps/search/etablissement+wellness+Inzinzac-Lochrist%2BFrance/,traité (2026-08-22 16:44)
https://www.google.com/maps/search/etablissement+wellness+Ippécourt%2BFrance/,échec (2026-08-22 16:44)
https://www.google.com/maps/search/etablissement+wellness+Ippling%2BFrance/,traité (2026-08-22 16:44)
https://www.google.com/maps/search/etablissement+wellness+Iracoubo%2BFrance/,échec (2026-08-22 16:45)
https://www.google.com/maps/search/etablissement+wellness+Irai%2BFrance/,traité (2026-08-22 16:45)
https://www.google.com/maps/search/etablissement+wellness+Irais%2BFrance/,traité (2026-08-22 16:45)
https://www.google.com/maps/search/etablissement+wellness+Irancy%2BFrance/,traité (2026-08-22 16:46)
https://www.google.com/maps/search/etablissement+wellness+Iré-le-Sec%2BFrance/,traité (2026-08-22 16:48)
https://www.google.com/maps/search/etablissement+wellness+Irigny%2BFrance/,traité (2026-08-22 16:48)
https://www.google.com/maps/search/etablissement+wellness+Irissarry%2BFrance/,traité (2026-08-22 16:48)
https://www.google.com/maps/search/etablissement+wellness+Irles%2BFrance/,traité (2026-08-22 16:48)
https://www.google.com/maps/search/etablissement+wellness+Irodouër%2BFrance/,traité (2026-08-22 16:48)
https://www.google.com/maps/search/etablissement+wellness+Iron%2BFrance/,traité (2026-08-22 16:48)
https://www.google.com/maps/search/etablissement+wellness+Irouléguy%2BFrance/,traité (2026-08-22 16:49)
https://www.google.com/maps/search/etablissement+wellness+Irreville%2BFrance/,traité (2026-08-22 16:49)
https://www.google.com/maps/search/etablissement+wellness+Irvillac%2BFrance/,traité (2026-08-22 16:49)
https://www.google.com/maps/search/etablissement+wellness+Is-en-Bassigny%2BFrance/,traité (2026-08-22 16:50)
https://www.google.com/maps/search/etablissement+wellness+Is-sur-Tille%2BFrance/,traité (2026-08-22 16:52)
https://www.google.com/maps/search/etablissement+wellness+Isbergues%2BFrance/,traité (2026-08-22 16:52)
https://www.google.com/maps/search/etablissement+wellness+Isches%2BFrance/,traité (2026-08-22 16:52)
https://www.google.com/maps/search/etablissement+wellness+Isdes%2BFrance/,échec (2026-08-22 16:52)
https://www.google.com/maps/search/etablissement+wellness+Isenay%2BFrance/,traité (2026-08-22 16:52)
https://www.google.com/maps/search/etablissement+wellness+Isigny-le-Buat%2BFrance/,traité (2026-08-22 16:52)
https://www.google.com/maps/search/etablissement+wellness+Isigny-sur-Mer%2BFrance/,traité (2026-08-22 16:53)
https://www.google.com/maps/search/etablissement+wellness+Island%2BFrance/,traité (2026-08-22 16:53)
https://www.google.com/maps/search/etablissement+wellness+Isle%2BFrance/,traité (2026-08-22 16:54)
https://www.google.com/maps/search/etablissement+wellness+L'Isle-Adam%2BFrance/,traité (2026-08-22 16:54)
https://www.google.com/maps/search/etablissement+wellness+L'Isle-Arné%2BFrance/,traité (2026-08-22 16:56)
https://www.google.com/maps/search/etablissement+wellness+Isle-Aubigny%2BFrance/,traité (2026-08-22 16:56)
https://www.google.com/maps/search/etablissement+wellness+Isle-Aumont%2BFrance/,traité (2026-08-22 16:56)
https://www.google.com/maps/search/etablissement+wellness+L'Isle-Bouzon%2BFrance/,traité (2026-08-22 16:56)
https://www.google.com/maps/search/etablissement+wellness+L'Isle-d'Abeau%2BFrance/,traité (2026-08-22 16:56)
https://www.google.com/maps/search/etablissement+wellness+L'Isle-d'Espagnac%2BFrance/,traité (2026-08-22 16:56)
https://www.google.com/maps/search/etablissement+wellness+L'Isle-de-Noé%2BFrance/,traité (2026-08-22 16:57)
https://www.google.com/maps/search/etablissement+wellness+L'Isle-en-Dodon%2BFrance/,traité (2026-08-22 16:57)
https://www.google.com/maps/search/etablissement+wellness+L'Isle-en-Rigault%2BFrance/,traité (2026-08-22 16:57)
https://www.google.com/maps/search/etablissement+wellness+Isle-et-Bardais%2BFrance/,traité (2026-08-22 16:57)
https://www.google.com/maps/search/etablissement+wellness+L'Isle-Jourdain%2BFrance/,traité (2026-08-22 16:59)
https://www.google.com/maps/search/etablissement+wellness+L'Isle-Jourdain%2BFrance/,traité (2026-08-22 16:59)
https://www.google.com/maps/search/etablissement+wellness+Isle-Saint-Georges%2BFrance/,traité (2026-08-22 16:59)
https://www.google.com/maps/search/etablissement+wellness+L'Isle-sur-la-Sorgue%2BFrance/,traité (2026-08-22 16:59)
https://www.google.com/maps/search/etablissement+wellness+L'Isle-sur-le-Doubs%2BFrance/,traité (2026-08-22 16:59)
https://www.google.com/maps/search/etablissement+wellness+Isle-sur-Marne%2BFrance/,traité (2026-08-22 17:00)
https://www.google.com/maps/search/etablissement+wellness+L'Isle-sur-Serein%2BFrance/,traité (2026-08-22 17:00)
https://www.google.com/maps/search/etablissement+wellness+Les Isles-Bardel%2BFrance/,traité (2026-08-22 17:01)
https://www.google.com/maps/search/etablissement+wellness+Isles-les-Meldeuses%2BFrance/,traité (2026-08-22 17:01)
https://www.google.com/maps/search/etablissement+wellness+Isles-lès-Villenoy%2BFrance/,traité (2026-08-22 17:02)
https://www.google.com/maps/search/etablissement+wellness+Isles-sur-Suippe%2BFrance/,traité (2026-08-22 17:04)
https://www.google.com/maps/search/etablissement+wellness+Les Islettes%2BFrance/,traité (2026-08-22 17:04)
https://www.google.com/maps/search/etablissement+wellness+Isneauville%2BFrance/,traité (2026-08-22 17:04)
https://www.google.com/maps/search/etablissement+wellness+Isola%2BFrance/,traité (2026-08-22 17:04)
https://www.google.com/maps/search/etablissement+wellness+Isolaccio-di-Fiumorbo%2BFrance/,traité (2026-08-22 17:04)
https://www.google.com/maps/search/etablissement+wellness+Isômes%2BFrance/,traité (2026-08-22 17:04)
https://www.google.com/maps/search/etablissement+wellness+Ispagnac%2BFrance/,traité (2026-08-22 17:04)
https://www.google.com/maps/search/etablissement+wellness+Ispoure%2BFrance/,traité (2026-08-22 17:04)
https://www.google.com/maps/search/etablissement+wellness+Isques%2BFrance/,traité (2026-08-22 17:05)
https://www.google.com/maps/search/etablissement+wellness+Issac%2BFrance/,traité (2026-08-22 17:07)
https://www.google.com/maps/search/etablissement+wellness+Issamoulenc%2BFrance/,traité (2026-08-22 17:07)
https://www.google.com/maps/search/etablissement+wellness+Issancourt-et-Rumel%2BFrance/,traité (2026-08-22 17:07)
https://www.google.com/maps/search/etablissement+wellness+Issanlas%2BFrance/,traité (2026-08-22 17:07)
https://www.google.com/maps/search/etablissement+wellness+Issans%2BFrance/,traité (2026-08-22 17:07)
https://www.google.com/maps/search/etablissement+wellness+Les Issards%2BFrance/,traité (2026-08-22 17:07)
https://www.google.com/maps/search/etablissement+wellness+Issarlès%2BFrance/,traité (2026-08-22 17:07)
https://www.google.com/maps/search/etablissement+wellness+Isse%2BFrance/,traité (2026-08-22 17:07)
https://www.google.com/maps/search/etablissement+wellness+Issé%2BFrance/,traité (2026-08-22 17:07)
https://www.google.com/maps/search/etablissement+wellness+Issel%2BFrance/,traité (2026-08-22 17:08)
https://www.google.com/maps/search/etablissement+wellness+Issendolus%2BFrance/,traité (2026-08-22 17:09)
https://www.google.com/maps/search/etablissement+wellness+Issenhausen%2BFrance/,traité (2026-08-22 17:11)
https://www.google.com/maps/search/etablissement+wellness+Issenheim%2BFrance/,traité (2026-08-22 17:11)
https://www.google.com/maps/search/etablissement+wellness+Issepts%2BFrance/,traité (2026-08-22 17:11)
https://www.google.com/maps/search/etablissement+wellness+Isserpent%2BFrance/,traité (2026-08-22 17:11)
https://www.google.com/maps/search/etablissement+wellness+Isserteaux%2BFrance/,traité (2026-08-22 17:11)
https://www.google.com/maps/search/etablissement+wellness+Issigeac%2BFrance/,traité (2026-08-22 17:11)
https://www.google.com/maps/search/etablissement+wellness+Issirac%2BFrance/,traité (2026-08-22 17:11)
https://www.google.com/maps/search/etablissement+wellness+Issoire%2BFrance/,traité (2026-08-22 17:12)
https://www.google.com/maps/search/etablissement+wellness+Issor%2BFrance/,traité (2026-08-22 17:12)
https://www.google.com/maps/search/etablissement+wellness+Issou%2BFrance/,traité (2026-08-22 17:12)
https://www.google.com/maps/search/etablissement+wellness+Issoudun%2BFrance/,traité (2026-08-22 17:15)
https://www.google.com/maps/search/etablissement+wellness+Issoudun-Létrieix%2BFrance/,traité (2026-08-22 17:15)
https://www.google.com/maps/search/etablissement+wellness+Issus%2BFrance/,traité (2026-08-22 17:15)
https://www.google.com/maps/search/etablissement+wellness+Issy-l'Évêque%2BFrance/,traité (2026-08-22 17:15)
https://www.google.com/maps/search/etablissement+wellness+Issy-les-Moulineaux%2BFrance/,traité (2026-08-22 17:15)
https://www.google.com/maps/search/etablissement+wellness+Istres%2BFrance/,traité (2026-08-22 17:15)
https://www.google.com/maps/search/etablissement+wellness+Les Istres-et-Bury%2BFrance/,traité (2026-08-22 17:15)
https://www.google.com/maps/search/etablissement+wellness+Isturits%2BFrance/,traité (2026-08-22 17:15)
https://www.google.com/maps/search/etablissement+wellness+Itancourt%2BFrance/,traité (2026-08-22 17:15)
https://www.google.com/maps/search/etablissement+wellness+Iteuil%2BFrance/,traité (2026-08-22 17:15)
https://www.google.com/maps/search/etablissement+wellness+Ittenheim%2BFrance/,traité (2026-08-22 17:17)
https://www.google.com/maps/search/etablissement+wellness+Itterswiller%2BFrance/,traité (2026-08-22 17:17)
https://www.google.com/maps/search/etablissement+wellness+Itteville%2BFrance/,traité (2026-08-22 17:17)
https://www.google.com/maps/search/etablissement+wellness+Itxassou%2BFrance/,traité (2026-08-22 17:17)
https://www.google.com/maps/search/etablissement+wellness+Itzac%2BFrance/,traité (2026-08-22 17:17)
https://www.google.com/maps/search/etablissement+wellness+Ivergny%2BFrance/,traité (2026-08-22 17:17)
https://www.google.com/maps/search/etablissement+wellness+Iverny%2BFrance/,traité (2026-08-22 17:18)
https://www.google.com/maps/search/etablissement+wellness+Iviers%2BFrance/,traité (2026-08-22 17:18)
https://www.google.com/maps/search/etablissement+wellness+Iville%2BFrance/,traité (2026-08-22 17:18)
https://www.google.com/maps/search/etablissement+wellness+Ivors%2BFrance/,traité (2026-08-22 17:19)
https://www.google.com/maps/search/etablissement+wellness+Ivory%2BFrance/,traité (2026-08-22 17:21)
https://www.google.com/maps/search/etablissement+wellness+Ivoy-le-Pré%2BFrance/,traité (2026-08-22 17:21)
https://www.google.com/maps/search/etablissement+wellness+Ivrey%2BFrance/,traité (2026-08-22 17:21)
https://www.google.com/maps/search/etablissement+wellness+Ivry-la-Bataille%2BFrance/,traité (2026-08-22 17:21)
https://www.google.com/maps/search/etablissement+wellness+Ivry-le-Temple%2BFrance/,traité (2026-08-22 17:21)
https://www.google.com/maps/search/etablissement+wellness+Ivry-sur-Seine%2BFrance/,traité (2026-08-22 17:21)
https://www.google.com/maps/search/etablissement+wellness+Iwuy%2BFrance/,traité (2026-08-22 17:21)
https://www.google.com/maps/search/etablissement+wellness+Izaourt%2BFrance/,traité (2026-08-22 17:22)
https://www.google.com/maps/search/etablissement+wellness+Izaut-de-l'Hôtel%2BFrance/,traité (2026-08-22 17:22)
https://www.google.com/maps/search/etablissement+wellness+Izaux%2BFrance/,traité (2026-08-22 17:25)
https://www.google.com/maps/search/etablissement+wellness+Izé%2BFrance/,traité (2026-08-22 17:25)
https://www.google.com/maps/search/etablissement+wellness+Izeaux%2BFrance/,traité (2026-08-22 17:25)
https://www.google.com/maps/search/etablissement+wellness+Izel-lès-Équerchin%2BFrance/,traité (2026-08-22 17:25)
https://www.google.com/maps/search/etablissement+wellness+Izel-lès-Hameau%2BFrance/,traité (2026-08-22 17:25)
https://www.google.com/maps/search/etablissement+wellness+Izenave%2BFrance/,traité (2026-08-22 17:25)
https://www.google.com/maps/search/etablissement+wellness+Izernore%2BFrance/,traité (2026-08-22 17:25)
https://www.google.com/maps/search/etablissement+wellness+Izeron%2BFrance/,traité (2026-08-22 17:25)
https://www.google.com/maps/search/etablissement+wellness+Izeste%2BFrance/,traité (2026-08-22 17:25)
https://www.google.com/maps/search/etablissement+wellness+Izeure%2BFrance/,traité (2026-08-22 17:26)
https://www.google.com/maps/search/etablissement+wellness+Izier%2BFrance/,traité (2026-08-22 17:26)
https://www.google.com/maps/search/etablissement+wellness+Izieu%2BFrance/,traité (2026-08-22 17:28)
https://www.google.com/maps/search/etablissement+wellness+Izon%2BFrance/,traité (2026-08-22 17:28)
https://www.google.com/maps/search/etablissement+wellness+Izon-la-Bruisse%2BFrance/,traité (2026-08-22 17:28)
https://www.google.com/maps/search/etablissement+wellness+Izotges%2BFrance/,traité (2026-08-22 17:28)
https://www.google.com/maps/search/etablissement+wellness+Jablines%2BFrance/,traité (2026-08-22 17:29)
https://www.google.com/maps/search/etablissement+wellness+Jabreilles-les-Bordes%2BFrance/,traité (2026-08-22 17:29)
https://www.google.com/maps/search/etablissement+wellness+Jabrun%2BFrance/,traité (2026-08-22 17:29)
https://www.google.com/maps/search/etablissement+wellness+Jacob-Bellecombette%2BFrance/,traité (2026-08-22 17:30)
https://www.google.com/maps/search/etablissement+wellness+Jacou%2BFrance/,traité (2026-08-22 17:30)
https://www.google.com/maps/search/etablissement+wellness+Jacque%2BFrance/,traité (2026-08-22 17:31)
https://www.google.com/maps/search/etablissement+wellness+Jagny-sous-Bois%2BFrance/,traité (2026-08-22 17:33)
https://www.google.com/maps/search/etablissement+wellness+Jaignes%2BFrance/,traité (2026-08-22 17:33)
https://www.google.com/maps/search/etablissement+wellness+Jaillans%2BFrance/,traité (2026-08-22 17:33)
https://www.google.com/maps/search/etablissement+wellness+La Jaille-Yvon%2BFrance/,traité (2026-08-22 17:33)
https://www.google.com/maps/search/etablissement+wellness+Jaillon%2BFrance/,traité (2026-08-22 17:33)
https://www.google.com/maps/search/etablissement+wellness+Jailly%2BFrance/,traité (2026-08-22 17:33)
https://www.google.com/maps/search/etablissement+wellness+Jailly-les-Moulins%2BFrance/,traité (2026-08-22 17:34)
https://www.google.com/maps/search/etablissement+wellness+Jainvillotte%2BFrance/,traité (2026-08-22 17:34)
https://www.google.com/maps/search/etablissement+wellness+Jalesches%2BFrance/,traité (2026-08-22 17:34)
https://www.google.com/maps/search/etablissement+wellness+Jaleyrac%2BFrance/,traité (2026-08-22 17:35)
https://www.google.com/maps/search/etablissement+wellness+Jaligny-sur-Besbre%2BFrance/,traité (2026-08-22 17:37)
https://www.google.com/maps/search/etablissement+wellness+Jallanges%2BFrance/,traité (2026-08-22 17:37)
https://www.google.com/maps/search/etablissement+wellness+Jallans%2BFrance/,traité (2026-08-22 17:37)
https://www.google.com/maps/search/etablissement+wellness+Jallaucourt%2BFrance/,échec (2026-08-22 17:37)
https://www.google.com/maps/search/etablissement+wellness+Jallerange%2BFrance/,traité (2026-08-22 17:37)
https://www.google.com/maps/search/etablissement+wellness+Jalognes%2BFrance/,traité (2026-08-22 17:37)
https://www.google.com/maps/search/etablissement+wellness+Jalogny%2BFrance/,traité (2026-08-22 17:38)
https://www.google.com/maps/search/etablissement+wellness+Jâlons%2BFrance/,échec (2026-08-22 17:38)
https://www.google.com/maps/search/etablissement+wellness+Jambles%2BFrance/,traité (2026-08-22 17:39)
https://www.google.com/maps/search/etablissement+wellness+Jambville%2BFrance/,traité (2026-08-22 17:41)
https://www.google.com/maps/search/etablissement+wellness+Jaméricourt%2BFrance/,traité (2026-08-22 17:41)
https://www.google.com/maps/search/etablissement+wellness+Jametz%2BFrance/,traité (2026-08-22 17:41)
https://www.google.com/maps/search/etablissement+wellness+Janailhac%2BFrance/,traité (2026-08-22 17:41)
https://www.google.com/maps/search/etablissement+wellness+Janaillat%2BFrance/,traité (2026-08-22 17:41)
https://www.google.com/maps/search/etablissement+wellness+Jancigny%2BFrance/,traité (2026-08-22 17:41)
https://www.google.com/maps/search/etablissement+wellness+Jandun%2BFrance/,traité (2026-08-22 17:42)
https://www.google.com/maps/search/etablissement+wellness+Janneyrias%2BFrance/,traité (2026-08-22 17:42)
https://www.google.com/maps/search/etablissement+wellness+Jans%2BFrance/,traité (2026-08-22 17:43)
https://www.google.com/maps/search/etablissement+wellness+Janville%2BFrance/,traité (2026-08-22 17:46)
https://www.google.com/maps/search/etablissement+wellness+Janville%2BFrance/,traité (2026-08-22 17:46)
https://www.google.com/maps/search/etablissement+wellness+Janville%2BFrance/,traité (2026-08-22 17:46)
https://www.google.com/maps/search/etablissement+wellness+Janville-sur-Juine%2BFrance/,traité (2026-08-22 17:46)
https://www.google.com/maps/search/etablissement+wellness+Janvilliers%2BFrance/,traité (2026-08-22 17:46)
https://www.google.com/maps/search/etablissement+wellness+Janvry%2BFrance/,traité (2026-08-22 17:46)
https://www.google.com/maps/search/etablissement+wellness+Janvry%2BFrance/,traité (2026-08-22 17:46)
https://www.google.com/maps/search/etablissement+wellness+Janzé%2BFrance/,traité (2026-08-22 17:46)
https://www.google.com/maps/search/etablissement+wellness+Jarcieu%2BFrance/,traité (2026-08-22 17:46)
https://www.google.com/maps/search/etablissement+wellness+La Jard%2BFrance/,traité (2026-08-22 17:47)
https://www.google.com/maps/search/etablissement+wellness+Jard-sur-Mer%2BFrance/,traité (2026-08-22 17:47)
https://www.google.com/maps/search/etablissement+wellness+Le Jardin%2BFrance/,traité (2026-08-22 17:47)
https://www.google.com/maps/search/etablissement+wellness+Jardin%2BFrance/,traité (2026-08-22 20:24)
https://www.google.com/maps/search/etablissement+wellness+Jardres%2BFrance/,traité (2026-08-22 20:24)
https://www.google.com/maps/search/etablissement+wellness+Jargeau%2BFrance/,traité (2026-08-22 20:24)
https://www.google.com/maps/search/etablissement+wellness+Jarjayes%2BFrance/,traité (2026-08-22 20:24)
https://www.google.com/maps/search/etablissement+wellness+Jarménil%2BFrance/,traité (2026-08-22 20:24)
https://www.google.com/maps/search/etablissement+wellness+Jarnac%2BFrance/,traité (2026-08-22 20:24)
https://www.google.com/maps/search/etablissement+wellness+Jarnac-Champagne%2BFrance/,traité (2026-08-22 20:24)
https://www.google.com/maps/search/etablissement+wellness+Jarnages%2BFrance/,traité (2026-08-22 20:24)
https://www.google.com/maps/search/etablissement+wellness+La Jarne%2BFrance/,traité (2026-08-22 20:24)
https://www.google.com/maps/search/etablissement+wellness+Jarnioux%2BFrance/,traité (2026-08-22 20:26)
https://www.google.com/maps/search/etablissement+wellness+Jarnosse%2BFrance/,traité (2026-08-22 20:26)
https://www.google.com/maps/search/etablissement+wellness+Jarny%2BFrance/,traité (2026-08-22 20:26)
https://www.google.com/maps/search/etablissement+wellness+Jarret%2BFrance/,traité (2026-08-22 20:27)
https://www.google.com/maps/search/etablissement+wellness+La Jarrie%2BFrance/,traité (2026-08-22 20:27)
https://www.google.com/maps/search/etablissement+wellness+Jarrie%2BFrance/,traité (2026-08-22 20:27)
https://www.google.com/maps/search/etablissement+wellness+La Jarrie-Audouin%2BFrance/,traité (2026-08-22 20:27)
https://www.google.com/maps/search/etablissement+wellness+Jarrier%2BFrance/,traité (2026-08-22 20:27)
https://www.google.com/maps/search/etablissement+wellness+Jars%2BFrance/,traité (2026-08-22 20:27)
https://www.google.com/maps/search/etablissement+wellness+Jarsy%2BFrance/,traité (2026-08-22 20:27)
https://www.google.com/maps/search/etablissement+wellness+Jarville-la-Malgrange%2BFrance/,traité (2026-08-22 20:27)
https://www.google.com/maps/search/etablissement+wellness+Jarzé Villages%2BFrance/,traité (2026-08-22 20:27)
https://www.google.com/maps/search/etablissement+wellness+Jas%2BFrance/,traité (2026-08-22 20:27)
https://www.google.com/maps/search/etablissement+wellness+Jasney%2BFrance/,traité (2026-08-22 20:27)
https://www.google.com/maps/search/etablissement+wellness+Jassans-Riottier%2BFrance/,traité (2026-08-22 20:28)
https://www.google.com/maps/search/etablissement+wellness+Jasseines%2BFrance/,traité (2026-08-22 20:28)
https://www.google.com/maps/search/etablissement+wellness+Jasseron%2BFrance/,traité (2026-08-22 20:30)
https://www.google.com/maps/search/etablissement+wellness+Jasses%2BFrance/,traité (2026-08-22 20:30)
https://www.google.com/maps/search/etablissement+wellness+Jatxou%2BFrance/,traité (2026-08-22 20:30)
https://www.google.com/maps/search/etablissement+wellness+Jau-Dignac-et-Loirac%2BFrance/,traité (2026-08-22 20:30)
https://www.google.com/maps/search/etablissement+wellness+Jaucourt%2BFrance/,traité (2026-08-22 20:30)
https://www.google.com/maps/search/etablissement+wellness+La Jaudonnière%2BFrance/,traité (2026-08-22 20:30)
https://www.google.com/maps/search/etablissement+wellness+Jaudrais%2BFrance/,traité (2026-08-22 20:30)
https://www.google.com/maps/search/etablissement+wellness+Jaujac%2BFrance/,traité (2026-08-22 20:30)
https://www.google.com/maps/search/etablissement+wellness+Jauldes%2BFrance/,traité (2026-08-22 20:30)
https://www.google.com/maps/search/etablissement+wellness+Jaulges%2BFrance/,traité (2026-08-22 20:31)
https://www.google.com/maps/search/etablissement+wellness+Jaulgonne%2BFrance/,traité (2026-08-22 20:31)
https://www.google.com/maps/search/etablissement+wellness+Jaulnay%2BFrance/,traité (2026-08-22 20:31)
https://www.google.com/maps/search/etablissement+wellness+Jaulnes%2BFrance/,traité (2026-08-22 20:32)
https://www.google.com/maps/search/etablissement+wellness+Jaulny%2BFrance/,traité (2026-08-22 20:32)
https://www.google.com/maps/search/etablissement+wellness+Jaulzy%2BFrance/,traité (2026-08-22 20:34)
https://www.google.com/maps/search/etablissement+wellness+Jaunac%2BFrance/,traité (2026-08-22 20:34)
https://www.google.com/maps/search/etablissement+wellness+Jaunay-Marigny%2BFrance/,traité (2026-08-22 20:34)
https://www.google.com/maps/search/etablissement+wellness+Jaure%2BFrance/,traité (2026-08-22 20:34)
https://www.google.com/maps/search/etablissement+wellness+Jausiers%2BFrance/,traité (2026-08-22 20:34)
https://www.google.com/maps/search/etablissement+wellness+Jaux%2BFrance/,traité (2026-08-22 20:34)
https://www.google.com/maps/search/etablissement+wellness+Jauzé%2BFrance/,traité (2026-08-22 20:34)
https://www.google.com/maps/search/etablissement+wellness+Javaugues%2BFrance/,traité (2026-08-22 20:34)
https://www.google.com/maps/search/etablissement+wellness+Javené%2BFrance/,traité (2026-08-22 20:34)
https://www.google.com/maps/search/etablissement+wellness+Javerdat%2BFrance/,traité (2026-08-22 20:35)
https://www.google.com/maps/search/etablissement+wellness+Javerlhac-et-la-Chapelle-Saint-Robert%2BFrance/,traité (2026-08-22 20:35)
https://www.google.com/maps/search/etablissement+wellness+Javernant%2BFrance/,traité (2026-08-22 20:35)
https://www.google.com/maps/search/etablissement+wellness+La Javie%2BFrance/,traité (2026-08-22 20:36)
https://www.google.com/maps/search/etablissement+wellness+Javols%2BFrance/,traité (2026-08-22 20:38)
https://www.google.com/maps/search/etablissement+wellness+Javrezac%2BFrance/,traité (2026-08-22 20:38)
https://www.google.com/maps/search/etablissement+wellness+Javron-les-Chapelles%2BFrance/,traité (2026-08-22 20:38)
https://www.google.com/maps/search/etablissement+wellness+Jax%2BFrance/,traité (2026-08-22 20:38)
https://www.google.com/maps/search/etablissement+wellness+Jaxu%2BFrance/,traité (2026-08-22 20:38)
https://www.google.com/maps/search/etablissement+wellness+Jayac%2BFrance/,traité (2026-08-22 20:38)
https://www.google.com/maps/search/etablissement+wellness+Jayat%2BFrance/,traité (2026-08-22 20:38)
https://www.google.com/maps/search/etablissement+wellness+Jazeneuil%2BFrance/,traité (2026-08-22 20:38)
https://www.google.com/maps/search/etablissement+wellness+Jazennes%2BFrance/,traité (2026-08-22 20:39)
https://www.google.com/maps/search/etablissement+wellness+Jeancourt%2BFrance/,traité (2026-08-22 20:39)
https://www.google.com/maps/search/etablissement+wellness+Jeandelaincourt%2BFrance/,traité (2026-08-22 20:39)
https://www.google.com/maps/search/etablissement+wellness+Jeandelize%2BFrance/,traité (2026-08-22 20:40)
https://www.google.com/maps/search/etablissement+wellness+Jeanménil%2BFrance/,traité (2026-08-22 20:42)
https://www.google.com/maps/search/etablissement+wellness+Jeantes%2BFrance/,traité (2026-08-22 20:42)
https://www.google.com/maps/search/etablissement+wellness+Jebsheim%2BFrance/,traité (2026-08-22 20:42)
https://www.google.com/maps/search/etablissement+wellness+Jegun%2BFrance/,
https://www.google.com/maps/search/etablissement+wellness+La Jemaye-Ponteyraud%2BFrance/,traité (2026-08-22 20:42)
https://www.google.com/maps/search/etablissement+wellness+Jenlain%2BFrance/,échec (2026-08-22 20:42)
https://www.google.com/maps/search/etablissement+wellness+Jenzat%2BFrance/,traité (2026-08-22 20:42)
https://www.google.com/maps/search/etablissement+wellness+Jésonville%2BFrance/,traité (2026-08-22 20:42)
https://www.google.com/maps/search/etablissement+wellness+Jessains%2BFrance/,traité (2026-08-22 20:42)
https://www.google.com/maps/search/etablissement+wellness+Jetterswiller%2BFrance/,traité (2026-08-22 20:42)
https://www.google.com/maps/search/etablissement+wellness+Jettingen%2BFrance/,traité (2026-08-22 20:43)
https://www.google.com/maps/search/etablissement+wellness+Jeu-les-Bois%2BFrance/,traité (2026-08-22 20:43)
https://www.google.com/maps/search/etablissement+wellness+Jeu-Maloches%2BFrance/,traité (2026-08-22 20:43)
https://www.google.com/maps/search/etablissement+wellness+Jeufosse%2BFrance/,traité (2026-08-22 20:45)
https://www.google.com/maps/search/etablissement+wellness+Jeugny%2BFrance/,traité (2026-08-22 20:45)
https://www.google.com/maps/search/etablissement+wellness+Jeumont%2BFrance/,traité (2026-08-22 20:45)
https://www.google.com/maps/search/etablissement+wellness+Jeurre%2BFrance/,traité (2026-08-22 20:45)
https://www.google.com/maps/search/etablissement+wellness+Jeux-lès-Bard%2BFrance/,traité (2026-08-22 20:45)
https://www.google.com/maps/search/etablissement+wellness+Jeuxey%2BFrance/,traité (2026-08-22 20:45)
https://www.google.com/maps/search/etablissement+wellness+Jevoncourt%2BFrance/,
https://www.google.com/maps/search/etablissement+wellness+Jezainville%2BFrance/,
https://www.google.com/maps/search/etablissement+wellness+Jézeau%2BFrance/,
https://www.google.com/maps/search/etablissement+wellness+Joannas%2BFrance/,
https://www.google.com/maps/search/etablissement+wellness+Job%2BFrance/,
https://www.google.com/maps/search/etablissement+wellness+Jobourg%2BFrance/,
https://www.google.com/maps/search/etablissement+wellness+Joch%2BFrance/,
https://www.google.com/maps/search/etablissement+wellness+Jœuf%2BFrance/,
https://www.google.com/maps/search/etablissement+wellness+Joganville%2BFrance/,
https://www.google.com/maps/search/etablissement+wellness+Joigny%2BFrance/,
https://www.google.com/maps/search/etablissement+wellness+Joigny-sur-Meuse%2BFrance/,
https://www.google.com/maps/search/etablissement+wellness+Joinville%2BFrance/,
https://www.google.com/maps/search/etablissement+wellness+Joinville-le-Pont%2BFrance/,
https://www.google.com/maps/search/etablissement+wellness+Joiselle%2BFrance/,
https://www.google.com/maps/search/etablissement+wellness+Jolimetz%2BFrance/,
https://www.google.com/maps/search/etablissement+wellness+Jolivet%2BFrance/,
https://www.google.com/maps/search/etablissement+wellness+Jonage%2BFrance/,
https://www.google.com/maps/search/etablissement+wellness+Joncels%2BFrance/,
https://www.google.com/maps/search/etablissement+wellness+La Jonchère%2BFrance/,
https://www.google.com/maps/search/etablissement+wellness+La Jonchère-Saint-Maurice%2BFrance/,
https://www.google.com/maps/search/etablissement+wellness+Jonchères%2BFrance/,
https://www.google.com/maps/search/etablissement+wellness+Joncherey%2BFrance/,
https://www.google.com/maps/search/etablissement+wellness+Jonchery%2BFrance/,
https://www.google.com/maps/search/etablissement+wellness+Jonchery-sur-Suippe%2BFrance/,
https://www.google.com/maps/search/etablissement+wellness+Jonchery-sur-Vesle%2BFrance/,
https://www.google.com/maps/search/etablissement+wellness+Joncourt%2BFrance/,
https://www.google.com/maps/search/etablissement+wellness+Joncreuil%2BFrance/,
https://www.google.com/maps/search/etablissement+wellness+Joncy%2BFrance/,
https://www.google.com/maps/search/etablissement+wellness+Jongieux%2BFrance/,
https://www.google.com/maps/search/etablissement+wellness+Jonquerettes%2BFrance/,
https://www.google.com/maps/search/etablissement+wellness+Jonquery%2BFrance/,
https://www.google.com/maps/search/etablissement+wellness+Jonquières%2BFrance/,
https://www.google.com/maps/search/etablissement+wellness+Jonquières%2BFrance/,
https://www.google.com/maps/search/etablissement+wellness+Jonquières%2BFrance/,
https://www.google.com/maps/search/etablissement+wellness+Jonquières%2BFrance/,
https://www.google.com/maps/search/etablissement+wellness+Jonquières%2BFrance/,
https://www.google.com/maps/search/etablissement+wellness+Jonquières-Saint-Vincent%2BFrance/,
https://www.google.com/maps/search/etablissement+wellness+Jons%2BFrance/,
https://www.google.com/maps/search/etablissement+wellness+Jonval%2BFrance/,
https://www.google.com/maps/search/etablissement+wellness+Jonvelle%2BFrance/,
https://www.google.com/maps/search/etablissement+wellness+Jonville-en-Woëvre%2BFrance/,
https://www.google.com/maps/search/etablissement+wellness+Jonzac%2BFrance/,
https://www.google.com/maps/search/etablissement+wellness+Jonzier-Épagny%2BFrance/,
https://www.google.com/maps/search/etablissement+wellness+Jonzieux%2BFrance/,
https://www.google.com/maps/search/etablissement+wellness+Joppécourt%2BFrance/,
https://www.google.com/maps/search/etablissement+wellness+Jort%2BFrance/,
https://www.google.com/maps/search/etablissement+wellness+Jorxey%2BFrance/,
https://www.google.com/maps/search/etablissement+wellness+Josat%2BFrance/,
https://www.google.com/maps/search/etablissement+wellness+Josnes%2BFrance/,
https://www.google.com/maps/search/etablissement+wellness+Josse%2BFrance/,
https://www.google.com/maps/search/etablissement+wellness+Josselin%2BFrance/,
https://www.google.com/maps/search/etablissement+wellness+Jossigny%2BFrance/,traité (2026-08-22 20:45)
https://www.google.com/maps/search/etablissement+wellness+Jou-sous-Monjou%2BFrance/,traité (2026-08-22 20:45)
https://www.google.com/maps/search/etablissement+wellness+Jouac%2BFrance/,traité (2026-08-22 20:46)
https://www.google.com/maps/search/etablissement+wellness+Jouaignes%2BFrance/,traité (2026-08-22 20:46)
https://www.google.com/maps/search/etablissement+wellness+Jouancy%2BFrance/,traité (2026-08-22 20:46)
https://www.google.com/maps/search/etablissement+wellness+Jouarre%2BFrance/,traité (2026-08-22 20:47)
https://www.google.com/maps/search/etablissement+wellness+Jouars-Pontchartrain%2BFrance/,traité (2026-08-22 20:47)
https://www.google.com/maps/search/etablissement+wellness+Jouaville%2BFrance/,traité (2026-08-22 20:49)
https://www.google.com/maps/search/etablissement+wellness+Joucas%2BFrance/,traité (2026-08-22 20:49)
https://www.google.com/maps/search/etablissement+wellness+Joucou%2BFrance/,traité (2026-08-22 20:49)
https://www.google.com/maps/search/etablissement+wellness+Joudes%2BFrance/,traité (2026-08-22 20:49)
https://www.google.com/maps/search/etablissement+wellness+Joudreville%2BFrance/,traité (2026-08-22 20:49)
https://www.google.com/maps/search/etablissement+wellness+Joué-du-Bois%2BFrance/,traité (2026-08-22 20:49)
https://www.google.com/maps/search/etablissement+wellness+Joué-du-Plain%2BFrance/,traité (2026-08-22 20:49)
https://www.google.com/maps/search/etablissement+wellness+Joué-en-Charnie%2BFrance/,traité (2026-08-22 20:49)
https://www.google.com/maps/search/etablissement+wellness+Joué-l'Abbé%2BFrance/,traité (2026-08-22 20:50)
https://www.google.com/maps/search/etablissement+wellness+Joué-lès-Tours%2BFrance/,
https://www.google.com/maps/search/etablissement+wellness+Joué-sur-Erdre%2BFrance/,
https://www.google.com/maps/search/etablissement+wellness+Jouet-sur-l'Aubois%2BFrance/,
https://www.google.com/maps/search/etablissement+wellness+Jouey%2BFrance/,
https://www.google.com/maps/search/etablissement+wellness+Jougne%2BFrance/,
https://www.google.com/maps/search/etablissement+wellness+Jouhe%2BFrance/,
https://www.google.com/maps/search/etablissement+wellness+Jouhet%2BFrance/,
https://www.google.com/maps/search/etablissement+wellness+Jouillat%2BFrance/,
https://www.google.com/maps/search/etablissement+wellness+Jouques%2BFrance/,
https://www.google.com/maps/search/etablissement+wellness+Jouqueviel%2BFrance/,
https://www.google.com/maps/search/etablissement+wellness+Jourgnac%2BFrance/,
https://www.google.com/maps/search/etablissement+wellness+Journans%2BFrance/,
https://www.google.com/maps/search/etablissement+wellness+Journet%2BFrance/,
https://www.google.com/maps/search/etablissement+wellness+Journiac%2BFrance/,
https://www.google.com/maps/search/etablissement+wellness+Journy%2BFrance/,
https://www.google.com/maps/search/etablissement+wellness+Jours-lès-Baigneux%2BFrance/,
https://www.google.com/maps/search/etablissement+wellness+Joursac%2BFrance/,
https://www.google.com/maps/search/etablissement+wellness+Joussé%2BFrance/,
https://www.google.com/maps/search/etablissement+wellness+Jouvençon%2BFrance/,
https://www.google.com/maps/search/etablissement+wellness+Joux%2BFrance/,
https://www.google.com/maps/search/etablissement+wellness+Joux-la-Ville%2BFrance/,
https://www.google.com/maps/search/etablissement+wellness+Jouy%2BFrance/,
https://www.google.com/maps/search/etablissement+wellness+Jouy%2BFrance/,
https://www.google.com/maps/search/etablissement+wellness+Jouy-aux-Arches%2BFrance/,
https://www.google.com/maps/search/etablissement+wellness+Jouy-en-Argonne%2BFrance/,
https://www.google.com/maps/search/etablissement+wellness+Jouy-en-Josas%2BFrance/,
https://www.google.com/maps/search/etablissement+wellness+Jouy-en-Pithiverais%2BFrance/,
https://www.google.com/maps/search/etablissement+wellness+Jouy-le-Châtel%2BFrance/,
https://www.google.com/maps/search/etablissement+wellness+Jouy-le-Moutier%2BFrance/,
https://www.google.com/maps/search/etablissement+wellness+Jouy-le-Potier%2BFrance/,
https://www.google.com/maps/search/etablissement+wellness+Jouy-lès-Reims%2BFrance/,
https://www.google.com/maps/search/etablissement+wellness+Jouy-Mauvoisin%2BFrance/,
https://www.google.com/maps/search/etablissement+wellness+Jouy-sous-Thelle%2BFrance/,
https://www.google.com/maps/search/etablissement+wellness+Jouy-sur-Eure%2BFrance/,
https://www.google.com/maps/search/etablissement+wellness+Jouy-sur-Morin%2BFrance/,
https://www.google.com/maps/search/etablissement+wellness+Joyeuse%2BFrance/,
https://www.google.com/maps/search/etablissement+wellness+Joyeux%2BFrance/,
https://www.google.com/maps/search/etablissement+wellness+Joze%2BFrance/,
https://www.google.com/maps/search/etablissement+wellness+Jozerand%2BFrance/,
https://www.google.com/maps/search/etablissement+wellness+Jû-Belloc%2BFrance/,
https://www.google.com/maps/search/etablissement+wellness+Juaye-Mondaye%2BFrance/,
https://www.google.com/maps/search/etablissement+wellness+Jubainville%2BFrance/,
https://www.google.com/maps/search/etablissement+wellness+Jublains%2BFrance/,
https://www.google.com/maps/search/etablissement+wellness+Le Juch%2BFrance/,
https://www.google.com/maps/search/etablissement+wellness+Jugazan%2BFrance/,
https://www.google.com/maps/search/etablissement+wellness+Jugeals-Nazareth%2BFrance/,
https://www.google.com/maps/search/etablissement+wellness+Jugon-les-Lacs - Commune nouvelle%2BFrance/,
https://www.google.com/maps/search/etablissement+wellness+Jugy%2BFrance/,
https://www.google.com/maps/search/etablissement+wellness+Juicq%2BFrance/,
https://www.google.com/maps/search/etablissement+wellness+Juif%2BFrance/,
https://www.google.com/maps/search/etablissement+wellness+Juignac%2BFrance/,
https://www.google.com/maps/search/etablissement+wellness+Juigné-des-Moutiers%2BFrance/,
https://www.google.com/maps/search/etablissement+wellness+Juigné-sur-Sarthe%2BFrance/,
https://www.google.com/maps/search/etablissement+wellness+Juignettes%2BFrance/,
https://www.google.com/maps/search/etablissement+wellness+Juillac%2BFrance/,
https://www.google.com/maps/search/etablissement+wellness+Juillac%2BFrance/,
https://www.google.com/maps/search/etablissement+wellness+Juillac%2BFrance/,
https://www.google.com/maps/search/etablissement+wellness+Juillac-le-Coq%2BFrance/,
https://www.google.com/maps/search/etablissement+wellness+Juillan%2BFrance/,
https://www.google.com/maps/search/etablissement+wellness+Juillé%2BFrance/,
https://www.google.com/maps/search/etablissement+wellness+Juillé%2BFrance/,
https://www.google.com/maps/search/etablissement+wellness+Juillé%2BFrance/,
https://www.google.com/maps/search/etablissement+wellness+Juillenay%2BFrance/,
https://www.google.com/maps/search/etablissement+wellness+Juilles%2BFrance/,
https://www.google.com/maps/search/etablissement+wellness+Juilley%2BFrance/,
https://www.google.com/maps/search/etablissement+wellness+Juilly%2BFrance/,
https://www.google.com/maps/search/etablissement+wellness+Juilly%2BFrance/,
https://www.google.com/maps/search/etablissement+wellness+Jujols%2BFrance/,
https://www.google.com/maps/search/etablissement+wellness+Jujurieux%2BFrance/,
https://www.google.com/maps/search/etablissement+wellness+Julianges%2BFrance/,
https://www.google.com/maps/search/etablissement+wellness+Juliénas%2BFrance/,
https://www.google.com/maps/search/etablissement+wellness+Julienne%2BFrance/,
https://www.google.com/maps/search/etablissement+wellness+Jullianges%2BFrance/,
https://www.google.com/maps/search/etablissement+wellness+Jullié%2BFrance/,
https://www.google.com/maps/search/etablissement+wellness+Jullouville%2BFrance/,
https://www.google.com/maps/search/etablissement+wellness+Jully%2BFrance/,
https://www.google.com/maps/search/etablissement+wellness+Jully-lès-Buxy%2BFrance/,
https://www.google.com/maps/search/etablissement+wellness+Jully-sur-Sarce%2BFrance/,
https://www.google.com/maps/search/etablissement+wellness+Julos%2BFrance/,
https://www.google.com/maps/search/etablissement+wellness+Julvécourt%2BFrance/,
https://www.google.com/maps/search/etablissement+wellness+Jumeauville%2BFrance/,
https://www.google.com/maps/search/etablissement+wellness+Jumeaux%2BFrance/,
https://www.google.com/maps/search/etablissement+wellness+Jumel%2BFrance/,
https://www.google.com/maps/search/etablissement+wellness+Jumelles%2BFrance/,
https://www.google.com/maps/search/etablissement+wellness+Jumencourt%2BFrance/,
https://www.google.com/maps/search/etablissement+wellness+Jumièges%2BFrance/,
https://www.google.com/maps/search/etablissement+wellness+Jumigny%2BFrance/,
https://www.google.com/maps/search/etablissement+wellness+Jumilhac-le-Grand%2BFrance/,
https://www.google.com/maps/search/etablissement+wellness+Junas%2BFrance/,
https://www.google.com/maps/search/etablissement+wellness+Junay%2BFrance/,
https://www.google.com/maps/search/etablissement+wellness+Juncalas%2BFrance/,
https://www.google.com/maps/search/etablissement+wellness+Jungholtz%2BFrance/,
https://www.google.com/maps/search/etablissement+wellness+Junhac%2BFrance/,
https://www.google.com/maps/search/etablissement+wellness+Les Junies%2BFrance/,
https://www.google.com/maps/search/etablissement+wellness+Juniville%2BFrance/,
https://www.google.com/maps/search/etablissement+wellness+Jupilles%2BFrance/,
https://www.google.com/maps/search/etablissement+wellness+Jurançon%2BFrance/,
https://www.google.com/maps/search/etablissement+wellness+Juranville%2BFrance/,
https://www.google.com/maps/search/etablissement+wellness+Juré%2BFrance/,
https://www.google.com/maps/search/etablissement+wellness+Jurvielle%2BFrance/,
https://www.google.com/maps/search/etablissement+wellness+Jury%2BFrance/,
https://www.google.com/maps/search/etablissement+wellness+Juscorps%2BFrance/,
https://www.google.com/maps/search/etablissement+wellness+Jusix%2BFrance/,
https://www.google.com/maps/search/etablissement+wellness+Jussac%2BFrance/,
https://www.google.com/maps/search/etablissement+wellness+Jussarupt%2BFrance/,
https://www.google.com/maps/search/etablissement+wellness+Jussas%2BFrance/,
https://www.google.com/maps/search/etablissement+wellness+Jussecourt-Minecourt%2BFrance/,
https://www.google.com/maps/search/etablissement+wellness+Jussey%2BFrance/,
https://www.google.com/maps/search/etablissement+wellness+Jussy%2BFrance/,
https://www.google.com/maps/search/etablissement+wellness+Jussy%2BFrance/,
https://www.google.com/maps/search/etablissement+wellness+Jussy%2BFrance/,
https://www.google.com/maps/search/etablissement+wellness+Jussy-Champagne%2BFrance/,
https://www.google.com/maps/search/etablissement+wellness+Jussy-le-Chaudrier%2BFrance/,
https://www.google.com/maps/search/etablissement+wellness+Justian%2BFrance/,
https://www.google.com/maps/search/etablissement+wellness+Justine-Herbigny%2BFrance/,
https://www.google.com/maps/search/etablissement+wellness+Justiniac%2BFrance/,
https://www.google.com/maps/search/etablissement+wellness+Jutigny%2BFrance/,
https://www.google.com/maps/search/etablissement+wellness+Juvaincourt%2BFrance/,
https://www.google.com/maps/search/etablissement+wellness+Juvancourt%2BFrance/,
https://www.google.com/maps/search/etablissement+wellness+Juvanzé%2BFrance/,
https://www.google.com/maps/search/etablissement+wellness+Juvardeil%2BFrance/,
https://www.google.com/maps/search/etablissement+wellness+Juvelize%2BFrance/,
https://www.google.com/maps/search/etablissement+wellness+Juvignac%2BFrance/,
https://www.google.com/maps/search/etablissement+wellness+Juvigné%2BFrance/,
https://www.google.com/maps/search/etablissement+wellness+Juvignies%2BFrance/,
https://www.google.com/maps/search/etablissement+wellness+Juvigny%2BFrance/,traité (2026-08-22 22:06)
https://www.google.com/maps/search/etablissement+wellness+Juvigny%2BFrance/,traité (2026-08-22 22:06)
https://www.google.com/maps/search/etablissement+wellness+Juvigny%2BFrance/,traité (2026-08-22 22:06)
https://www.google.com/maps/search/etablissement+wellness+Juvigny les Vallées%2BFrance/,traité (2026-08-22 22:10)
https://www.google.com/maps/search/etablissement+wellness+Juvigny Val d'Andaine%2BFrance/,traité (2026-08-22 22:13)
https://www.google.com/maps/search/etablissement+wellness+Juvigny-en-Perthois%2BFrance/,
https://www.google.com/maps/search/etablissement+wellness+Juvigny-sur-Loison%2BFrance/,
https://www.google.com/maps/search/etablissement+wellness+Juvigny-sur-Orne%2BFrance/,
https://www.google.com/maps/search/etablissement+wellness+Juvigny-sur-Seulles%2BFrance/,
https://www.google.com/maps/search/etablissement+wellness+Juville%2BFrance/,
https://www.google.com/maps/search/etablissement+wellness+Juvinas%2BFrance/,
https://www.google.com/maps/search/etablissement+wellness+Juvincourt-et-Damary%2BFrance/,
https://www.google.com/maps/search/etablissement+wellness+Juvisy-sur-Orge%2BFrance/,
https://www.google.com/maps/search/etablissement+wellness+Juvrecourt%2BFrance/,
https://www.google.com/maps/search/etablissement+wellness+Juxue%2BFrance/,
https://www.google.com/maps/search/etablissement+wellness+Juzanvigny%2BFrance/,
https://www.google.com/maps/search/etablissement+wellness+Juzennecourt%2BFrance/,
https://www.google.com/maps/search/etablissement+wellness+Juzes%2BFrance/,
https://www.google.com/maps/search/etablissement+wellness+Juzet-d'Izaut%2BFrance/,
https://www.google.com/maps/search/etablissement+wellness+Juzet-de-Luchon%2BFrance/,
https://www.google.com/maps/search/etablissement+wellness+Juziers%2BFrance/,
https://www.google.com/maps/search/etablissement+wellness+Kalhausen%2BFrance/,
https://www.google.com/maps/search/etablissement+wellness+Kaltenhouse%2BFrance/,
https://www.google.com/maps/search/etablissement+wellness+Kanfen%2BFrance/,
https://www.google.com/maps/search/etablissement+wellness+Kani-Kéli%2BFrance/,
https://www.google.com/maps/search/etablissement+wellness+Kappelen%2BFrance/,
https://www.google.com/maps/search/etablissement+wellness+Kappelkinger%2BFrance/,
https://www.google.com/maps/search/etablissement+wellness+Katzenthal%2BFrance/,
https://www.google.com/maps/search/etablissement+wellness+Kauffenheim%2BFrance/,
https://www.google.com/maps/search/etablissement+wellness+Kaysersberg Vignoble%2BFrance/,
https://www.google.com/maps/search/etablissement+wellness+Kédange-sur-Canner%2BFrance/,
https://www.google.com/maps/search/etablissement+wellness+Keffenach%2BFrance/,
https://www.google.com/maps/search/etablissement+wellness+Kembs%2BFrance/,
https://www.google.com/maps/search/etablissement+wellness+Kemplich%2BFrance/,
https://www.google.com/maps/search/etablissement+wellness+Kerbach%2BFrance/,
https://www.google.com/maps/search/etablissement+wellness+Kerbors%2BFrance/,
https://www.google.com/maps/search/etablissement+wellness+Kerfot%2BFrance/,
https://www.google.com/maps/search/etablissement+wellness+Kerfourn%2BFrance/,
https://www.google.com/maps/search/etablissement+wellness+Kergloff%2BFrance/,
https://www.google.com/maps/search/etablissement+wellness+Kergrist%2BFrance/,
https://www.google.com/maps/search/etablissement+wellness+Kergrist-Moëlou%2BFrance/,
https://www.google.com/maps/search/etablissement+wellness+Kerien%2BFrance/,
https://www.google.com/maps/search/etablissement+wellness+Kerlaz%2BFrance/,
https://www.google.com/maps/search/etablissement+wellness+Kerling-lès-Sierck%2BFrance/,
https://www.google.com/maps/search/etablissement+wellness+Kerlouan%2BFrance/,
https://www.google.com/maps/search/etablissement+wellness+Kermaria-Sulard%2BFrance/,
https://www.google.com/maps/search/etablissement+wellness+Kermoroc'h%2BFrance/,
https://www.google.com/maps/search/etablissement+wellness+Kernascléden%2BFrance/,
https://www.google.com/maps/search/etablissement+wellness+Kernilis%2BFrance/,
https://www.google.com/maps/search/etablissement+wellness+Kernouës%2BFrance/,
https://www.google.com/maps/search/etablissement+wellness+Kerpert%2BFrance/,
https://www.google.com/maps/search/etablissement+wellness+Kerprich-aux-Bois%2BFrance/,
https://www.google.com/maps/search/etablissement+wellness+Kersaint-Plabennec%2BFrance/,
https://www.google.com/maps/search/etablissement+wellness+Kertzfeld%2BFrance/,
https://www.google.com/maps/search/etablissement+wellness+Kervignac%2BFrance/,
https://www.google.com/maps/search/etablissement+wellness+Keskastel%2BFrance/,
https://www.google.com/maps/search/etablissement+wellness+Kesseldorf%2BFrance/,
https://www.google.com/maps/search/etablissement+wellness+Kienheim%2BFrance/,
https://www.google.com/maps/search/etablissement+wellness+Kiffis%2BFrance/,
https://www.google.com/maps/search/etablissement+wellness+Killem%2BFrance/,
https://www.google.com/maps/search/etablissement+wellness+Kilstett%2BFrance/,
https://www.google.com/maps/search/etablissement+wellness+Kindwiller%2BFrance/,
https://www.google.com/maps/search/etablissement+wellness+Kingersheim%2BFrance/,
https://www.google.com/maps/search/etablissement+wellness+Kintzheim%2BFrance/,
https://www.google.com/maps/search/etablissement+wellness+Kirchberg%2BFrance/,
https://www.google.com/maps/search/etablissement+wellness+Kirchheim%2BFrance/,
https://www.google.com/maps/search/etablissement+wellness+Kirrberg%2BFrance/,
https://www.google.com/maps/search/etablissement+wellness+Kirrwiller%2BFrance/,
https://www.google.com/maps/search/etablissement+wellness+Kirsch-lès-Sierck%2BFrance/,
https://www.google.com/maps/search/etablissement+wellness+Kirschnaumen%2BFrance/,
https://www.google.com/maps/search/etablissement+wellness+Kirviller%2BFrance/,
https://www.google.com/maps/search/etablissement+wellness+Klang%2BFrance/,
https://www.google.com/maps/search/etablissement+wellness+Kleingœft%2BFrance/,
https://www.google.com/maps/search/etablissement+wellness+Knœringue%2BFrance/,traité (2026-08-22 20:51)
https://www.google.com/maps/search/etablissement+wellness+Knœrsheim%2BFrance/,traité (2026-08-22 20:52)
https://www.google.com/maps/search/etablissement+wellness+Knutange%2BFrance/,traité (2026-08-22 20:53)
https://www.google.com/maps/search/etablissement+wellness+Kœnigsmacker%2BFrance/,échec (2026-08-22 20:54)
https://www.google.com/maps/search/etablissement+wellness+Kœstlach%2BFrance/,traité (2026-08-22 20:56)
https://www.google.com/maps/search/etablissement+wellness+Kœtzingue%2BFrance/,traité (2026-08-22 20:56)
https://www.google.com/maps/search/etablissement+wellness+Kœur-la-Grande%2BFrance/,traité (2026-08-22 20:56)
https://www.google.com/maps/search/etablissement+wellness+Kœur-la-Petite%2BFrance/,traité (2026-08-22 20:57)
https://www.google.com/maps/search/etablissement+wellness+Kogenheim%2BFrance/,traité (2026-08-22 20:58)
https://www.google.com/maps/search/etablissement+wellness+Kolbsheim%2BFrance/,traité (2026-08-22 21:00)
https://www.google.com/maps/search/etablissement+wellness+Koungou%2BFrance/,traité (2026-08-22 21:00)
https://www.google.com/maps/search/etablissement+wellness+Kourou%2BFrance/,traité (2026-08-22 21:00)
https://www.google.com/maps/search/etablissement+wellness+Krautergersheim%2BFrance/,traité (2026-08-22 21:01)
https://www.google.com/maps/search/etablissement+wellness+Krautwiller%2BFrance/,traité (2026-08-22 21:04)
https://www.google.com/maps/search/etablissement+wellness+Le Kremlin-Bicêtre%2BFrance/,traité (2026-08-22 21:04)
https://www.google.com/maps/search/etablissement+wellness+Kriegsheim%2BFrance/,traité (2026-08-22 21:04)
https://www.google.com/maps/search/etablissement+wellness+Kruth%2BFrance/,traité (2026-08-22 21:04)
https://www.google.com/maps/search/etablissement+wellness+Kunheim%2BFrance/,traité (2026-08-22 21:05)
https://www.google.com/maps/search/etablissement+wellness+Kuntzig%2BFrance/,traité (2026-08-22 21:08)
https://www.google.com/maps/search/etablissement+wellness+Kurtzenhouse%2BFrance/,échec (2026-08-22 21:08)
https://www.google.com/maps/search/etablissement+wellness+Kuttolsheim%2BFrance/,traité (2026-08-22 21:08)
https://www.google.com/maps/search/etablissement+wellness+Kutzenhausen%2BFrance/,traité (2026-08-22 21:08)
https://www.google.com/maps/search/etablissement+wellness+Laà-Mondrans%2BFrance/,traité (2026-08-22 21:09)
https://www.google.com/maps/search/etablissement+wellness+Laas%2BFrance/,traité (2026-08-22 21:11)
https://www.google.com/maps/search/etablissement+wellness+Laas%2BFrance/,traité (2026-08-22 21:11)
https://www.google.com/maps/search/etablissement+wellness+Laàs%2BFrance/,traité (2026-08-22 21:11)
https://www.google.com/maps/search/etablissement+wellness+Labalme%2BFrance/,traité (2026-08-22 21:12)
https://www.google.com/maps/search/etablissement+wellness+Labarde%2BFrance/,traité (2026-08-22 21:13)
https://www.google.com/maps/search/etablissement+wellness+Labaroche%2BFrance/,traité (2026-08-22 21:15)
https://www.google.com/maps/search/etablissement+wellness+Labarthe%2BFrance/,traité (2026-08-22 21:15)
https://www.google.com/maps/search/etablissement+wellness+Labarthe%2BFrance/,traité (2026-08-22 21:15)
https://www.google.com/maps/search/etablissement+wellness+Labarthe-Bleys%2BFrance/,traité (2026-08-22 21:17)
https://www.google.com/maps/search/etablissement+wellness+Labarthe-Inard%2BFrance/,traité (2026-08-22 21:19)
https://www.google.com/maps/search/etablissement+wellness+Labarthe-Rivière%2BFrance/,traité (2026-08-22 21:19)
https://www.google.com/maps/search/etablissement+wellness+Labarthe-sur-Lèze%2BFrance/,traité (2026-08-22 21:19)
https://www.google.com/maps/search/etablissement+wellness+Labarthète%2BFrance/,traité (2026-08-22 21:20)
https://www.google.com/maps/search/etablissement+wellness+Labassère%2BFrance/,traité (2026-08-22 21:20)
https://www.google.com/maps/search/etablissement+wellness+Labastide%2BFrance/,traité (2026-08-22 21:23)
https://www.google.com/maps/search/etablissement+wellness+Labastide-Beauvoir%2BFrance/,traité (2026-08-22 21:23)
https://www.google.com/maps/search/etablissement+wellness+Labastide-Castel-Amouroux%2BFrance/,traité (2026-08-22 21:23)
https://www.google.com/maps/search/etablissement+wellness+Labastide-Cézéracq%2BFrance/,traité (2026-08-22 21:23)
https://www.google.com/maps/search/etablissement+wellness+Labastide-Chalosse%2BFrance/,traité (2026-08-22 21:24)
https://www.google.com/maps/search/etablissement+wellness+Labastide-Clermont%2BFrance/,traité (2026-08-22 21:26)
https://www.google.com/maps/search/etablissement+wellness+Labastide-d'Anjou%2BFrance/,traité (2026-08-22 21:26)
https://www.google.com/maps/search/etablissement+wellness+Labastide-d'Armagnac%2BFrance/,traité (2026-08-22 21:27)
https://www.google.com/maps/search/etablissement+wellness+Labastide-de-Lévis%2BFrance/,traité (2026-08-22 21:28)
https://www.google.com/maps/search/etablissement+wellness+Labastide-de-Penne%2BFrance/,traité (2026-08-22 21:31)
https://www.google.com/maps/search/etablissement+wellness+Labastide-de-Virac%2BFrance/,traité (2026-08-22 21:31)
https://www.google.com/maps/search/etablissement+wellness+Labastide-Dénat%2BFrance/,traité (2026-08-22 21:31)
https://www.google.com/maps/search/etablissement+wellness+Labastide-du-Haut-Mont%2BFrance/,traité (2026-08-22 21:32)
https://www.google.com/maps/search/etablissement+wellness+Labastide-du-Temple%2BFrance/,traité (2026-08-22 21:32)
https://www.google.com/maps/search/etablissement+wellness+Labastide-du-Vert%2BFrance/,traité (2026-08-22 21:35)
https://www.google.com/maps/search/etablissement+wellness+Labastide-en-Val%2BFrance/,traité (2026-08-22 21:35)
https://www.google.com/maps/search/etablissement+wellness+Labastide-Esparbairenque%2BFrance/,traité (2026-08-22 21:35)
https://www.google.com/maps/search/etablissement+wellness+Labastide-Gabausse%2BFrance/,traité (2026-08-22 21:36)
https://www.google.com/maps/search/etablissement+wellness+Labastide-Marnhac%2BFrance/,traité (2026-08-22 21:37)
https://www.google.com/maps/search/etablissement+wellness+Labastide-Monréjeau%2BFrance/,traité (2026-08-22 21:39)
https://www.google.com/maps/search/etablissement+wellness+Labastide-Paumès%2BFrance/,traité (2026-08-22 21:39)
https://www.google.com/maps/search/etablissement+wellness+Labastide-Rouairoux%2BFrance/,traité (2026-08-22 21:40)
https://www.google.com/maps/search/etablissement+wellness+Labastide-Saint-Georges%2BFrance/,traité (2026-08-22 21:41)
https://www.google.com/maps/search/etablissement+wellness+Labastide-Saint-Pierre%2BFrance/,traité (2026-08-22 21:44)
https://www.google.com/maps/search/etablissement+wellness+Labastide-Saint-Sernin%2BFrance/,traité (2026-08-22 21:44)
https://www.google.com/maps/search/etablissement+wellness+Labastide-Savès%2BFrance/,traité (2026-08-22 21:44)
https://www.google.com/maps/search/etablissement+wellness+Labastide-sur-Bésorgues%2BFrance/,traité (2026-08-22 21:44)
https://www.google.com/maps/search/etablissement+wellness+Labastide-Villefranche%2BFrance/,traité (2026-08-22 21:45)
https://www.google.com/maps/search/etablissement+wellness+Labastidette%2BFrance/,traité (2026-08-22 21:47)
https://www.google.com/maps/search/etablissement+wellness+Labathude%2BFrance/,traité (2026-08-22 21:47)
https://www.google.com/maps/search/etablissement+wellness+Labatie-d'Andaure%2BFrance/,traité (2026-08-22 21:48)
https://www.google.com/maps/search/etablissement+wellness+Labatmale%2BFrance/,traité (2026-08-22 21:49)
https://www.google.com/maps/search/etablissement+wellness+Labatut%2BFrance/,traité (2026-08-22 21:52)
https://www.google.com/maps/search/etablissement+wellness+Labatut%2BFrance/,traité (2026-08-22 21:52)
https://www.google.com/maps/search/etablissement+wellness+Labatut%2BFrance/,traité (2026-08-22 21:52)
https://www.google.com/maps/search/etablissement+wellness+Labatut-Rivière%2BFrance/,traité (2026-08-22 21:52)
https://www.google.com/maps/search/etablissement+wellness+Labbeville%2BFrance/,traité (2026-08-22 21:53)
https://www.google.com/maps/search/etablissement+wellness+Labeaume%2BFrance/,traité (2026-08-22 21:55)
https://www.google.com/maps/search/etablissement+wellness+Labécède-Lauragais%2BFrance/,traité (2026-08-22 21:55)
https://www.google.com/maps/search/etablissement+wellness+Labège%2BFrance/,traité (2026-08-22 21:55)
https://www.google.com/maps/search/etablissement+wellness+Labégude%2BFrance/,traité (2026-08-22 21:55)
https://www.google.com/maps/search/etablissement+wellness+Labéjan%2BFrance/,traité (2026-08-22 21:56)
https://www.google.com/maps/search/etablissement+wellness+Labenne%2BFrance/,traité (2026-08-22 21:15)
https://www.google.com/maps/search/etablissement+wellness+Labergement-du-Navois%2BFrance/,traité (2026-08-22 21:59)
https://www.google.com/maps/search/etablissement+wellness+Labergement-Foigney%2BFrance/,traité (2026-08-22 21:59)
https://www.google.com/maps/search/etablissement+wellness+Labergement-lès-Auxonne%2BFrance/,traité (2026-08-22 21:59)
https://www.google.com/maps/search/etablissement+wellness+Labergement-lès-Seurre%2BFrance/,traité (2026-08-22 22:00)
https://www.google.com/maps/search/etablissement+wellness+Labergement-Sainte-Marie%2BFrance/,traité (2026-08-22 21:35)
https://www.google.com/maps/search/etablissement+wellness+Laberlière%2BFrance/,traité (2026-08-22 22:02)
https://www.google.com/maps/search/etablissement+wellness+Labescau%2BFrance/,traité (2026-08-22 22:03)
https://www.google.com/maps/search/etablissement+wellness+Labesserette%2BFrance/,traité (2026-08-22 22:03)
https://www.google.com/maps/search/etablissement+wellness+Labessette%2BFrance/,traité (2026-08-22 22:06)
https://www.google.com/maps/search/etablissement+wellness+Labessière-Candeil%2BFrance/,traité (2026-08-22 21:56)
https://www.google.com/maps/search/etablissement+wellness+Labets-Biscay%2BFrance/,traité (2026-08-22 22:06)
https://www.google.com/maps/search/etablissement+wellness+Labeuville%2BFrance/,traité (2026-08-22 22:06)
https://www.google.com/maps/search/etablissement+wellness+Labeuvrière%2BFrance/,traité (2026-08-22 22:07)
https://www.google.com/maps/search/etablissement+wellness+Labeyrie%2BFrance/,traité (2026-08-22 22:10)
https://www.google.com/maps/search/etablissement+wellness+Lablachère%2BFrance/,traité (2026-08-22 22:17)
https://www.google.com/maps/search/etablissement+wellness+Laboissière-en-Santerre%2BFrance/,traité (2026-08-22 22:10)
https://www.google.com/maps/search/etablissement+wellness+Laboissière-en-Thelle%2BFrance/,traité (2026-08-22 22:10)
https://www.google.com/maps/search/etablissement+wellness+Laborde%2BFrance/,traité (2026-08-22 22:11)
https://www.google.com/maps/search/etablissement+wellness+Laborel%2BFrance/,traité (2026-08-22 22:13)
https://www.google.com/maps/search/etablissement+wellness+Labosse%2BFrance/,
https://www.google.com/maps/search/etablissement+wellness+Labouheyre%2BFrance/,traité (2026-08-22 22:13)
https://www.google.com/maps/search/etablissement+wellness+Laboulbène%2BFrance/,traité (2026-08-22 22:14)
https://www.google.com/maps/search/etablissement+wellness+Laboule%2BFrance/,
https://www.google.com/maps/search/etablissement+wellness+Labourgade%2BFrance/,
https://www.google.com/maps/search/etablissement+wellness+Labourse%2BFrance/,
https://www.google.com/maps/search/etablissement+wellness+Laboutarie%2BFrance/,
https://www.google.com/maps/search/etablissement+wellness+Labretonie%2BFrance/,
https://www.google.com/maps/search/etablissement+wellness+Labrihe%2BFrance/,
https://www.google.com/maps/search/etablissement+wellness+Labrit%2BFrance/,
https://www.google.com/maps/search/etablissement+wellness+Labroquère%2BFrance/,
https://www.google.com/maps/search/etablissement+wellness+Labrousse%2BFrance/,
https://www.google.com/maps/search/etablissement+wellness+Labroye%2BFrance/,
https://www.google.com/maps/search/etablissement+wellness+Labruguière%2BFrance/,
https://www.google.com/maps/search/etablissement+wellness+Labruyère%2BFrance/,
https://www.google.com/maps/search/etablissement+wellness+Labruyère%2BFrance/,
https://www.google.com/maps/search/etablissement+wellness+Labruyère-Dorsa%2BFrance/,
https://www.google.com/maps/search/etablissement+wellness+Labry%2BFrance/,
https://www.google.com/maps/search/etablissement+wellness+Laburgade%2BFrance/,
https://www.google.com/maps/search/etablissement+wellness+Le Lac-d'Issarlès%2BFrance/,
https://www.google.com/maps/search/etablissement+wellness+Lac-des-Rouges-Truites%2BFrance/,
https://www.google.com/maps/search/etablissement+wellness+Lacabarède%2BFrance/,
https://www.google.com/maps/search/etablissement+wellness+Lacadée%2BFrance/,
https://www.google.com/maps/search/etablissement+wellness+Lacajunte%2BFrance/,
https://www.google.com/maps/search/etablissement+wellness+Lacanau%2BFrance/,
https://www.google.com/maps/search/etablissement+wellness+Lacanche%2BFrance/,
https://www.google.com/maps/search/etablissement+wellness+Lacapelle-Barrès%2BFrance/,
https://www.google.com/maps/search/etablissement+wellness+Lacapelle-Biron%2BFrance/,
https://www.google.com/maps/search/etablissement+wellness+Lacapelle-Cabanac%2BFrance/,
https://www.google.com/maps/search/etablissement+wellness+Lacapelle-del-Fraisse%2BFrance/,
https://www.google.com/maps/search/etablissement+wellness+Lacapelle-Livron%2BFrance/,
https://www.google.com/maps/search/etablissement+wellness+Lacapelle-Marival%2BFrance/,
https://www.google.com/maps/search/etablissement+wellness+Lacapelle-Pinet%2BFrance/,
https://www.google.com/maps/search/etablissement+wellness+Lacapelle-Ségalar%2BFrance/,
https://www.google.com/maps/search/etablissement+wellness+Lacapelle-Viescamp%2BFrance/,
https://www.google.com/maps/search/etablissement+wellness+Lacarre%2BFrance/,
https://www.google.com/maps/search/etablissement+wellness+Lacarry-Arhan-Charritte-de-Haut%2BFrance/,
https://www.google.com/maps/search/etablissement+wellness+Lacassagne%2BFrance/,
https://www.google.com/maps/search/etablissement+wellness+Lacaugne%2BFrance/,
https://www.google.com/maps/search/etablissement+wellness+Lacaune%2BFrance/,
https://www.google.com/maps/search/etablissement+wellness+Lacaussade%2BFrance/,
https://www.google.com/maps/search/etablissement+wellness+Lacave%2BFrance/,
https://www.google.com/maps/search/etablissement+wellness+Lacave%2BFrance/,
https://www.google.com/maps/search/etablissement+wellness+Lacaze%2BFrance/,
https://www.google.com/maps/search/etablissement+wellness+Lacelle%2BFrance/,
https://www.google.com/maps/search/etablissement+wellness+Lacenas%2BFrance/,
https://www.google.com/maps/search/etablissement+wellness+Lacépède%2BFrance/,
https://www.google.com/maps/search/etablissement+wellness+Lachaise%2BFrance/,
https://www.google.com/maps/search/etablissement+wellness+Lachalade%2BFrance/,
https://www.google.com/maps/search/etablissement+wellness+Lachambre%2BFrance/,
https://www.google.com/maps/search/etablissement+wellness+Lachamp%2BFrance/,
https://www.google.com/maps/search/etablissement+wellness+Lachamp-Raphaël%2BFrance/,
https://www.google.com/maps/search/etablissement+wellness+Lachapelle%2BFrance/,traité (2026-08-22 22:06)
https://www.google.com/maps/search/etablissement+wellness+Lachapelle%2BFrance/,traité (2026-08-22 22:06)
https://www.google.com/maps/search/etablissement+wellness+Lachapelle%2BFrance/,traité (2026-08-22 22:06)
https://www.google.com/maps/search/etablissement+wellness+Lachapelle%2BFrance/,traité (2026-08-22 22:06)
https://www.google.com/maps/search/etablissement+wellness+Lachapelle-aux-Pots%2BFrance/,traité (2026-08-22 20:53)
https://www.google.com/maps/search/etablissement+wellness+Lachapelle-Auzac%2BFrance/,traité (2026-08-22 20:57)
https://www.google.com/maps/search/etablissement+wellness+Lachapelle-en-Blaisy%2BFrance/,traité (2026-08-22 21:01)
https://www.google.com/maps/search/etablissement+wellness+Lachapelle-Graillouse%2BFrance/,
https://www.google.com/maps/search/etablissement+wellness+Lachapelle-Saint-Pierre%2BFrance/,
https://www.google.com/maps/search/etablissement+wellness+Lachapelle-sous-Aubenas%2BFrance/,
https://www.google.com/maps/search/etablissement+wellness+Lachapelle-sous-Chanéac%2BFrance/,traité (2026-08-22 21:19)
https://www.google.com/maps/search/etablissement+wellness+Lachapelle-sous-Chaux%2BFrance/,traité (2026-08-22 21:23)
https://www.google.com/maps/search/etablissement+wellness+Lachapelle-sous-Gerberoy%2BFrance/,traité (2026-08-22 21:26)
https://www.google.com/maps/search/etablissement+wellness+Lachapelle-sous-Rougemont%2BFrance/,traité (2026-08-22 21:31)
https://www.google.com/maps/search/etablissement+wellness+Lachassagne%2BFrance/,traité (2026-08-22 21:01)
https://www.google.com/maps/search/etablissement+wellness+Lachau%2BFrance/,traité (2026-08-22 21:40)
https://www.google.com/maps/search/etablissement+wellness+Lachaussée%2BFrance/,traité (2026-08-22 21:44)
https://www.google.com/maps/search/etablissement+wellness+Lachaussée-du-Bois-d'Écu%2BFrance/,traité (2026-08-22 21:49)
https://www.google.com/maps/search/etablissement+wellness+Lachaux%2BFrance/,traité (2026-08-22 21:53)
https://www.google.com/maps/search/etablissement+wellness+Lachelle%2BFrance/,traité (2026-08-22 21:56)
https://www.google.com/maps/search/etablissement+wellness+Lachy%2BFrance/,traité (2026-08-22 22:00)
https://www.google.com/maps/search/etablissement+wellness+Lacollonge%2BFrance/,traité (2026-08-22 22:04)
https://www.google.com/maps/search/etablissement+wellness+Lacombe%2BFrance/,traité (2026-08-22 22:10)
https://www.google.com/maps/search/etablissement+wellness+Lacommande%2BFrance/,traité (2026-08-22 22:13)
https://www.google.com/maps/search/etablissement+wellness+Lacoste%2BFrance/,traité (2026-08-22 22:20)
https://www.google.com/maps/search/etablissement+wellness+Lacoste%2BFrance/,traité (2026-08-22 22:20)
https://www.google.com/maps/search/etablissement+wellness+Lacougotte-Cadoul%2BFrance/,
https://www.google.com/maps/search/etablissement+wellness+Lacour%2BFrance/,
https://www.google.com/maps/search/etablissement+wellness+Lacour-d'Arcenay%2BFrance/,
https://www.google.com/maps/search/etablissement+wellness+Lacourt%2BFrance/,
https://www.google.com/maps/search/etablissement+wellness+Lacourt-Saint-Pierre%2BFrance/,
https://www.google.com/maps/search/etablissement+wellness+Lacq%2BFrance/,
https://www.google.com/maps/search/etablissement+wellness+Lacquy%2BFrance/,
https://www.google.com/maps/search/etablissement+wellness+Lacrabe%2BFrance/,
https://www.google.com/maps/search/etablissement+wellness+Lacres%2BFrance/,
https://www.google.com/maps/search/etablissement+wellness+Lacroisille%2BFrance/,
https://www.google.com/maps/search/etablissement+wellness+Lacroix-Barrez%2BFrance/,
https://www.google.com/maps/search/etablissement+wellness+Lacroix-Falgarde%2BFrance/,
https://www.google.com/maps/search/etablissement+wellness+Lacroix-Saint-Ouen%2BFrance/,
https://www.google.com/maps/search/etablissement+wellness+Lacroix-sur-Meuse%2BFrance/,
https://www.google.com/maps/search/etablissement+wellness+Lacropte%2BFrance/,
https://www.google.com/maps/search/etablissement+wellness+Lacrost%2BFrance/,
https://www.google.com/maps/search/etablissement+wellness+Lacrouzette%2BFrance/,
https://www.google.com/maps/search/etablissement+wellness+Lacs%2BFrance/,
https://www.google.com/maps/search/etablissement+wellness+Ladapeyre%2BFrance/,
https://www.google.com/maps/search/etablissement+wellness+Ladaux%2BFrance/,
https://www.google.com/maps/search/etablissement+wellness+Ladern-sur-Lauquet%2BFrance/,
https://www.google.com/maps/search/etablissement+wellness+Ladevèze-Rivière%2BFrance/,
https://www.google.com/maps/search/etablissement+wellness+Ladevèze-Ville%2BFrance/,
https://www.google.com/maps/search/etablissement+wellness+Ladignac-le-Long%2BFrance/,
https://www.google.com/maps/search/etablissement+wellness+Ladignac-sur-Rondelles%2BFrance/,
https://www.google.com/maps/search/etablissement+wellness+Ladinhac%2BFrance/,
https://www.google.com/maps/search/etablissement+wellness+Ladirat%2BFrance/,
https://www.google.com/maps/search/etablissement+wellness+Ladiville%2BFrance/,
https://www.google.com/maps/search/etablissement+wellness+Ladoix-Serrigny%2BFrance/,
https://www.google.com/maps/search/etablissement+wellness+Ladon%2BFrance/,
https://www.google.com/maps/search/etablissement+wellness+Lados%2BFrance/,
https://www.google.com/maps/search/etablissement+wellness+Ladoye-sur-Seille%2BFrance/,
https://www.google.com/maps/search/etablissement+wellness+Lafage%2BFrance/,
https://www.google.com/maps/search/etablissement+wellness+Lafage-sur-Sombre%2BFrance/,
https://www.google.com/maps/search/etablissement+wellness+Lafare%2BFrance/,
https://www.google.com/maps/search/etablissement+wellness+Lafarre%2BFrance/,
https://www.google.com/maps/search/etablissement+wellness+Lafarre%2BFrance/,
https://www.google.com/maps/search/etablissement+wellness+Lafat%2BFrance/,
https://www.google.com/maps/search/etablissement+wellness+Lafauche%2BFrance/,
https://www.google.com/maps/search/etablissement+wellness+Laféline%2BFrance/,
https://www.google.com/maps/search/etablissement+wellness+Laferté-sur-Amance%2BFrance/,
https://www.google.com/maps/search/etablissement+wellness+Laferté-sur-Aube%2BFrance/,
https://www.google.com/maps/search/etablissement+wellness+Lafeuillade-en-Vézie%2BFrance/,
https://www.google.com/maps/search/etablissement+wellness+Laffaux%2BFrance/,
https://www.google.com/maps/search/etablissement+wellness+Laffite-Toupière%2BFrance/,
https://www.google.com/maps/search/etablissement+wellness+Laffrey%2BFrance/,
https://www.google.com/maps/search/etablissement+wellness+Lafitole%2BFrance/,
https://www.google.com/maps/search/etablissement+wellness+Lafitte%2BFrance/,
https://www.google.com/maps/search/etablissement+wellness+Lafitte-sur-Lot%2BFrance/,
https://www.google.com/maps/search/etablissement+wellness+Lafitte-Vigordane%2BFrance/,
https://www.google.com/maps/search/etablissement+wellness+Lafox%2BFrance/,
https://www.google.com/maps/search/etablissement+wellness+Lafrançaise%2BFrance/,
https://www.google.com/maps/search/etablissement+wellness+Lafraye%2BFrance/,
https://www.google.com/maps/search/etablissement+wellness+Lafresguimont-Saint-Martin%2BFrance/,
https://www.google.com/maps/search/etablissement+wellness+Lafrimbolle%2BFrance/,
https://www.google.com/maps/search/etablissement+wellness+Lagamas%2BFrance/,
https://www.google.com/maps/search/etablissement+wellness+Lagarde%2BFrance/,traité (2026-08-22 20:56)
https://www.google.com/maps/search/etablissement+wellness+Lagarde%2BFrance/,traité (2026-08-22 20:56)
https://www.google.com/maps/search/etablissement+wellness+Lagarde%2BFrance/,traité (2026-08-22 20:56)
https://www.google.com/maps/search/etablissement+wellness+Lagarde%2BFrance/,traité (2026-08-22 20:56)
https://www.google.com/maps/search/etablissement+wellness+Lagarde%2BFrance/,traité (2026-08-22 20:56)
https://www.google.com/maps/search/etablissement+wellness+Lagarde-d'Apt%2BFrance/,traité (2026-08-22 21:00)
https://www.google.com/maps/search/etablissement+wellness+Lagarde-Enval%2BFrance/,traité (2026-08-22 21:04)
https://www.google.com/maps/search/etablissement+wellness+Lagarde-Hachan%2BFrance/,traité (2026-08-22 21:08)
https://www.google.com/maps/search/etablissement+wellness+Lagarde-Paréol%2BFrance/,
https://www.google.com/maps/search/etablissement+wellness+Lagarde-sur-le-Né%2BFrance/,
https://www.google.com/maps/search/etablissement+wellness+Lagardelle%2BFrance/,traité (2026-08-22 21:23)
https://www.google.com/maps/search/etablissement+wellness+Lagardelle-sur-Lèze%2BFrance/,traité (2026-08-22 21:26)
https://www.google.com/maps/search/etablissement+wellness+Lagardère%2BFrance/,traité (2026-08-22 21:31)
https://www.google.com/maps/search/etablissement+wellness+Lagardiolle%2BFrance/,traité (2026-08-22 21:35)
https://www.google.com/maps/search/etablissement+wellness+Lagarrigue%2BFrance/,traité (2026-08-22 21:39)
https://www.google.com/maps/search/etablissement+wellness+Lagarrigue%2BFrance/,traité (2026-08-22 21:39)
https://www.google.com/maps/search/etablissement+wellness+Lageon%2BFrance/,traité (2026-08-22 21:48)
https://www.google.com/maps/search/etablissement+wellness+Lagery%2BFrance/,traité (2026-08-22 21:52)
https://www.google.com/maps/search/etablissement+wellness+Lagesse%2BFrance/,traité (2026-08-22 21:56)
https://www.google.com/maps/search/etablissement+wellness+Lagleygeolle%2BFrance/,traité (2026-08-22 21:59)
https://www.google.com/maps/search/etablissement+wellness+Laglorieuse%2BFrance/,traité (2026-08-22 22:03)
https://www.google.com/maps/search/etablissement+wellness+Lagnes%2BFrance/,traité (2026-08-22 22:07)
https://www.google.com/maps/search/etablissement+wellness+Lagney%2BFrance/,traité (2026-08-22 22:13)
https://www.google.com/maps/search/etablissement+wellness+Lagnicourt-Marcel%2BFrance/,
https://www.google.com/maps/search/etablissement+wellness+Lagnieu%2BFrance/,traité (2026-08-22 22:20)
https://www.google.com/maps/search/etablissement+wellness+Lagny%2BFrance/,
https://www.google.com/maps/search/etablissement+wellness+Lagny-le-Sec%2BFrance/,
https://www.google.com/maps/search/etablissement+wellness+Lagny-sur-Marne%2BFrance/,
https://www.google.com/maps/search/etablissement+wellness+Lagor%2BFrance/,
https://www.google.com/maps/search/etablissement+wellness+Lagorce%2BFrance/,
https://www.google.com/maps/search/etablissement+wellness+Lagorce%2BFrance/,
https://www.google.com/maps/search/etablissement+wellness+Lagord%2BFrance/,
https://www.google.com/maps/search/etablissement+wellness+Lagos%2BFrance/,
https://www.google.com/maps/search/etablissement+wellness+Lagrâce-Dieu%2BFrance/,
https://www.google.com/maps/search/etablissement+wellness+Lagrange%2BFrance/,
https://www.google.com/maps/search/etablissement+wellness+Lagrange%2BFrance/,
https://www.google.com/maps/search/etablissement+wellness+Lagrange%2BFrance/,
https://www.google.com/maps/search/etablissement+wellness+Lagrasse%2BFrance/,
https://www.google.com/maps/search/etablissement+wellness+Lagraulet-du-Gers%2BFrance/,
https://www.google.com/maps/search/etablissement+wellness+Lagraulet-Saint-Nicolas%2BFrance/,
https://www.google.com/maps/search/etablissement+wellness+Lagraulière%2BFrance/,
https://www.google.com/maps/search/etablissement+wellness+Lagrave%2BFrance/,
https://www.google.com/maps/search/etablissement+wellness+Lagruère%2BFrance/,
https://www.google.com/maps/search/etablissement+wellness+Laguenne%2BFrance/,
https://www.google.com/maps/search/etablissement+wellness+Laguépie%2BFrance/,
https://www.google.com/maps/search/etablissement+wellness+Laguian-Mazous%2BFrance/,
https://www.google.com/maps/search/etablissement+wellness+Laguinge-Restoue%2BFrance/,
https://www.google.com/maps/search/etablissement+wellness+Laguiole%2BFrance/,
https://www.google.com/maps/search/etablissement+wellness+Lagupie%2BFrance/,
https://www.google.com/maps/search/etablissement+wellness+Lahage%2BFrance/,
https://www.google.com/maps/search/etablissement+wellness+Lahas%2BFrance/,
https://www.google.com/maps/search/etablissement+wellness+Lahaymeix%2BFrance/,
https://www.google.com/maps/search/etablissement+wellness+Lahayville%2BFrance/,
https://www.google.com/maps/search/etablissement+wellness+Laheycourt%2BFrance/,
https://www.google.com/maps/search/etablissement+wellness+Lahitère%2BFrance/,
https://www.google.com/maps/search/etablissement+wellness+Lahitte%2BFrance/,
https://www.google.com/maps/search/etablissement+wellness+Lahitte-Toupière%2BFrance/,
https://www.google.com/maps/search/etablissement+wellness+Lahonce%2BFrance/,
https://www.google.com/maps/search/etablissement+wellness+Lahontan%2BFrance/,
https://www.google.com/maps/search/etablissement+wellness+Lahosse%2BFrance/,
https://www.google.com/maps/search/etablissement+wellness+Lahourcade%2BFrance/,
https://www.google.com/maps/search/etablissement+wellness+Lahoussoye%2BFrance/,
https://www.google.com/maps/search/etablissement+wellness+Laifour%2BFrance/,
https://www.google.com/maps/search/etablissement+wellness+La Laigne%2BFrance/,
https://www.google.com/maps/search/etablissement+wellness+Laigné-en-Belin%2BFrance/,
https://www.google.com/maps/search/etablissement+wellness+Laignelet%2BFrance/,
https://www.google.com/maps/search/etablissement+wellness+Laignes%2BFrance/,
https://www.google.com/maps/search/etablissement+wellness+Laigneville%2BFrance/,
https://www.google.com/maps/search/etablissement+wellness+Laigny%2BFrance/,
https://www.google.com/maps/search/etablissement+wellness+Laillé%2BFrance/,
https://www.google.com/maps/search/etablissement+wellness+Lailly%2BFrance/,
https://www.google.com/maps/search/etablissement+wellness+Lailly-en-Val%2BFrance/,
https://www.google.com/maps/search/etablissement+wellness+Laimont%2BFrance/,
https://www.google.com/maps/search/etablissement+wellness+Lain%2BFrance/,
https://www.google.com/maps/search/etablissement+wellness+Laines-aux-Bois%2BFrance/,
https://www.google.com/maps/search/etablissement+wellness+Lainsecq%2BFrance/,
https://www.google.com/maps/search/etablissement+wellness+Lainville-en-Vexin%2BFrance/,
https://www.google.com/maps/search/etablissement+wellness+Laire%2BFrance/,
https://www.google.com/maps/search/etablissement+wellness+Laires%2BFrance/,
https://www.google.com/maps/search/etablissement+wellness+Lairière%2BFrance/,
https://www.google.com/maps/search/etablissement+wellness+Lairoux%2BFrance/,
https://www.google.com/maps/search/etablissement+wellness+Laissac-Sévérac l'Église%2BFrance/,
https://www.google.com/maps/search/etablissement+wellness+Laissaud%2BFrance/,
https://www.google.com/maps/search/etablissement+wellness+Laissey%2BFrance/,
https://www.google.com/maps/search/etablissement+wellness+Laître-sous-Amance%2BFrance/,traité (2026-08-22 20:52)
https://www.google.com/maps/search/etablissement+wellness+Laives%2BFrance/,traité (2026-08-22 20:56)
https://www.google.com/maps/search/etablissement+wellness+Laix%2BFrance/,traité (2026-08-22 21:00)
https://www.google.com/maps/search/etablissement+wellness+Laiz%2BFrance/,traité (2026-08-22 21:04)
https://www.google.com/maps/search/etablissement+wellness+Laizé%2BFrance/,traité (2026-08-22 21:08)
https://www.google.com/maps/search/etablissement+wellness+Laize-Clinchamps%2BFrance/,traité (2026-08-22 21:12)
https://www.google.com/maps/search/etablissement+wellness+Laizy%2BFrance/,traité (2026-08-22 21:17)
https://www.google.com/maps/search/etablissement+wellness+Lajo%2BFrance/,
https://www.google.com/maps/search/etablissement+wellness+Lajoux%2BFrance/,
https://www.google.com/maps/search/etablissement+wellness+Lalacelle%2BFrance/,
https://www.google.com/maps/search/etablissement+wellness+Lalande%2BFrance/,traité (2026-08-22 21:35)
https://www.google.com/maps/search/etablissement+wellness+Lalande-de-Pomerol%2BFrance/,traité (2026-08-22 21:39)
https://www.google.com/maps/search/etablissement+wellness+Lalande-en-Son%2BFrance/,traité (2026-08-22 21:44)
https://www.google.com/maps/search/etablissement+wellness+Lalandelle%2BFrance/,traité (2026-08-22 21:59)
https://www.google.com/maps/search/etablissement+wellness+Lalandusse%2BFrance/,traité (2026-08-22 22:18)
https://www.google.com/maps/search/etablissement+wellness+Lalanne%2BFrance/,
https://www.google.com/maps/search/etablissement+wellness+Lalanne%2BFrance/,
https://www.google.com/maps/search/etablissement+wellness+Lalanne-Arqué%2BFrance/,traité (2026-08-22 22:03)
https://www.google.com/maps/search/etablissement+wellness+Lalanne-Trie%2BFrance/,traité (2026-08-22 22:07)
https://www.google.com/maps/search/etablissement+wellness+Lalaye%2BFrance/,traité (2026-08-22 22:11)
https://www.google.com/maps/search/etablissement+wellness+Lalbenque%2BFrance/,
https://www.google.com/maps/search/etablissement+wellness+Laleu%2BFrance/,traité (2026-08-22 22:20)
https://www.google.com/maps/search/etablissement+wellness+Laleu%2BFrance/,traité (2026-08-22 22:20)
https://www.google.com/maps/search/etablissement+wellness+Lalevade-d'Ardèche%2BFrance/,
https://www.google.com/maps/search/etablissement+wellness+Lalheue%2BFrance/,
https://www.google.com/maps/search/etablissement+wellness+Lalinde%2BFrance/,
https://www.google.com/maps/search/etablissement+wellness+Lalizolle%2BFrance/,
https://www.google.com/maps/search/etablissement+wellness+Lallaing%2BFrance/,
https://www.google.com/maps/search/etablissement+wellness+Lalleu%2BFrance/,
https://www.google.com/maps/search/etablissement+wellness+Lalley%2BFrance/,
https://www.google.com/maps/search/etablissement+wellness+Lalobbe%2BFrance/,
https://www.google.com/maps/search/etablissement+wellness+Lalœuf%2BFrance/,
https://www.google.com/maps/search/etablissement+wellness+Lalongue%2BFrance/,
https://www.google.com/maps/search/etablissement+wellness+Lalonquette%2BFrance/,
https://www.google.com/maps/search/etablissement+wellness+Laloubère%2BFrance/,
https://www.google.com/maps/search/etablissement+wellness+Lalouret-Laffiteau%2BFrance/,
https://www.google.com/maps/search/etablissement+wellness+Lalouvesc%2BFrance/,
https://www.google.com/maps/search/etablissement+wellness+Laluque%2BFrance/,
https://www.google.com/maps/search/etablissement+wellness+Lama%2BFrance/,
https://www.google.com/maps/search/etablissement+wellness+Lamadeleine-Val-des-Anges%2BFrance/,
https://www.google.com/maps/search/etablissement+wellness+Lamagdelaine%2BFrance/,
https://www.google.com/maps/search/etablissement+wellness+Lamagistère%2BFrance/,
https://www.google.com/maps/search/etablissement+wellness+Lamaguère%2BFrance/,
https://www.google.com/maps/search/etablissement+wellness+Lamaids%2BFrance/,
https://www.google.com/maps/search/etablissement+wellness+Lamalou-les-Bains%2BFrance/,
https://www.google.com/maps/search/etablissement+wellness+Lamancine%2BFrance/,
https://www.google.com/maps/search/etablissement+wellness+Lamanère%2BFrance/,
https://www.google.com/maps/search/etablissement+wellness+Lamanon%2BFrance/,
https://www.google.com/maps/search/etablissement+wellness+Lamarche%2BFrance/,
https://www.google.com/maps/search/etablissement+wellness+Lamarche-sur-Saône%2BFrance/,
https://www.google.com/maps/search/etablissement+wellness+Lamargelle%2BFrance/,
https://www.google.com/maps/search/etablissement+wellness+Lamaronde%2BFrance/,
https://www.google.com/maps/search/etablissement+wellness+Lamarque%2BFrance/,
https://www.google.com/maps/search/etablissement+wellness+Lamarque-Pontacq%2BFrance/,
https://www.google.com/maps/search/etablissement+wellness+Lamarque-Rustaing%2BFrance/,
https://www.google.com/maps/search/etablissement+wellness+Lamasquère%2BFrance/,
https://www.google.com/maps/search/etablissement+wellness+Lamastre%2BFrance/,
https://www.google.com/maps/search/etablissement+wellness+Lamath%2BFrance/,
https://www.google.com/maps/search/etablissement+wellness+Lamayou%2BFrance/,
https://www.google.com/maps/search/etablissement+wellness+Lamazère%2BFrance/,
https://www.google.com/maps/search/etablissement+wellness+Lamazière-Basse%2BFrance/,
https://www.google.com/maps/search/etablissement+wellness+Lamazière-Haute%2BFrance/,
https://www.google.com/maps/search/etablissement+wellness+Lambach%2BFrance/,
https://www.google.com/maps/search/etablissement+wellness+Lamballe%2BFrance/,
https://www.google.com/maps/search/etablissement+wellness+Lambersart%2BFrance/,
https://www.google.com/maps/search/etablissement+wellness+Lamberville%2BFrance/,
https://www.google.com/maps/search/etablissement+wellness+Lamberville%2BFrance/,
https://www.google.com/maps/search/etablissement+wellness+Lambesc%2BFrance/,
https://www.google.com/maps/search/etablissement+wellness+Lamblore%2BFrance/,
https://www.google.com/maps/search/etablissement+wellness+Lambres%2BFrance/,
https://www.google.com/maps/search/etablissement+wellness+Lambres-lez-Douai%2BFrance/,
https://www.google.com/maps/search/etablissement+wellness+Lambrey%2BFrance/,
https://www.google.com/maps/search/etablissement+wellness+Lambruisse%2BFrance/,
https://www.google.com/maps/search/etablissement+wellness+Laméac%2BFrance/,
https://www.google.com/maps/search/etablissement+wellness+Lamécourt%2BFrance/,
https://www.google.com/maps/search/etablissement+wellness+Lamelouze%2BFrance/,
https://www.google.com/maps/search/etablissement+wellness+Lamenay-sur-Loire%2BFrance/,
https://www.google.com/maps/search/etablissement+wellness+Lamentin%2BFrance/,
https://www.google.com/maps/search/etablissement+wellness+Le Lamentin%2BFrance/,
https://www.google.com/maps/search/etablissement+wellness+Lametz%2BFrance/,
https://www.google.com/maps/search/etablissement+wellness+Lamillarié%2BFrance/,
https://www.google.com/maps/search/etablissement+wellness+Lammerville%2BFrance/,traité (2026-08-22 20:51)
https://www.google.com/maps/search/etablissement+wellness+Lamnay%2BFrance/,traité (2026-08-22 20:56)
https://www.google.com/maps/search/etablissement+wellness+Lamongerie%2BFrance/,traité (2026-08-22 21:00)
https://www.google.com/maps/search/etablissement+wellness+Lamontélarié%2BFrance/,traité (2026-08-22 21:04)
https://www.google.com/maps/search/etablissement+wellness+Lamontgie%2BFrance/,traité (2026-08-22 21:08)
https://www.google.com/maps/search/etablissement+wellness+Lamontjoie%2BFrance/,traité (2026-08-22 21:11)
https://www.google.com/maps/search/etablissement+wellness+Lamonzie-Montastruc%2BFrance/,traité (2026-08-22 21:15)
https://www.google.com/maps/search/etablissement+wellness+Lamonzie-Saint-Martin%2BFrance/,traité (2026-08-22 21:20)
https://www.google.com/maps/search/etablissement+wellness+Lamorlaye%2BFrance/,traité (2026-08-22 21:24)
https://www.google.com/maps/search/etablissement+wellness+Lamorville%2BFrance/,
https://www.google.com/maps/search/etablissement+wellness+Lamothe%2BFrance/,traité (2026-08-22 21:39)
https://www.google.com/maps/search/etablissement+wellness+Lamothe%2BFrance/,traité (2026-08-22 21:39)
https://www.google.com/maps/search/etablissement+wellness+Lamothe-Capdeville%2BFrance/,traité (2026-08-22 21:44)
https://www.google.com/maps/search/etablissement+wellness+Lamothe-Cassel%2BFrance/,traité (2026-08-22 21:47)
https://www.google.com/maps/search/etablissement+wellness+Lamothe-Cumont%2BFrance/,traité (2026-08-22 21:52)
https://www.google.com/maps/search/etablissement+wellness+Lamothe-en-Blaisy%2BFrance/,traité (2026-08-22 21:15)
https://www.google.com/maps/search/etablissement+wellness+Lamothe-Fénelon%2BFrance/,
https://www.google.com/maps/search/etablissement+wellness+Lamothe-Goas%2BFrance/,
https://www.google.com/maps/search/etablissement+wellness+Lamothe-Landerron%2BFrance/,
https://www.google.com/maps/search/etablissement+wellness+Lamothe-Montravel%2BFrance/,traité (2026-08-22 22:11)
https://www.google.com/maps/search/etablissement+wellness+Lamotte-Beuvron%2BFrance/,traité (2026-08-22 22:14)
https://www.google.com/maps/search/etablissement+wellness+Lamotte-Brebière%2BFrance/,
https://www.google.com/maps/search/etablissement+wellness+Lamotte-Buleux%2BFrance/,
https://www.google.com/maps/search/etablissement+wellness+Lamotte-du-Rhône%2BFrance/,
https://www.google.com/maps/search/etablissement+wellness+Lamotte-Warfusée%2BFrance/,
https://www.google.com/maps/search/etablissement+wellness+Lamouilly%2BFrance/,
https://www.google.com/maps/search/etablissement+wellness+Lamoura%2BFrance/,
https://www.google.com/maps/search/etablissement+wellness+Lampaul-Guimiliau%2BFrance/,
https://www.google.com/maps/search/etablissement+wellness+Lampaul-Plouarzel%2BFrance/,
https://www.google.com/maps/search/etablissement+wellness+Lampaul-Ploudalmézeau%2BFrance/,
https://www.google.com/maps/search/etablissement+wellness+Lampertheim%2BFrance/,
https://www.google.com/maps/search/etablissement+wellness+Lampertsloch%2BFrance/,
https://www.google.com/maps/search/etablissement+wellness+Lamure-sur-Azergues%2BFrance/,
https://www.google.com/maps/search/etablissement+wellness+Lanans%2BFrance/,
https://www.google.com/maps/search/etablissement+wellness+Lanarce%2BFrance/,
https://www.google.com/maps/search/etablissement+wellness+Lanarvily%2BFrance/,
https://www.google.com/maps/search/etablissement+wellness+Lanas%2BFrance/,
https://www.google.com/maps/search/etablissement+wellness+Lancé%2BFrance/,
https://www.google.com/maps/search/etablissement+wellness+Lanchères%2BFrance/,
https://www.google.com/maps/search/etablissement+wellness+Lanches-Saint-Hilaire%2BFrance/,
https://www.google.com/maps/search/etablissement+wellness+Lanchy%2BFrance/,
https://www.google.com/maps/search/etablissement+wellness+Lancié%2BFrance/,
https://www.google.com/maps/search/etablissement+wellness+Lancieux%2BFrance/,
https://www.google.com/maps/search/etablissement+wellness+Lancôme%2BFrance/,
https://www.google.com/maps/search/etablissement+wellness+Lançon%2BFrance/,
https://www.google.com/maps/search/etablissement+wellness+Lançon%2BFrance/,
https://www.google.com/maps/search/etablissement+wellness+Lançon-Provence%2BFrance/,
https://www.google.com/maps/search/etablissement+wellness+Lancrans%2BFrance/,
https://www.google.com/maps/search/etablissement+wellness+Landange%2BFrance/,
https://www.google.com/maps/search/etablissement+wellness+Landas%2BFrance/,
https://www.google.com/maps/search/etablissement+wellness+Landaul%2BFrance/,
https://www.google.com/maps/search/etablissement+wellness+Landaville%2BFrance/,
https://www.google.com/maps/search/etablissement+wellness+Landavran%2BFrance/,
https://www.google.com/maps/search/etablissement+wellness+La Lande-Chasles%2BFrance/,
https://www.google.com/maps/search/etablissement+wellness+La Lande-d'Airou%2BFrance/,
https://www.google.com/maps/search/etablissement+wellness+La Lande-de-Fronsac%2BFrance/,
https://www.google.com/maps/search/etablissement+wellness+La Lande-de-Goult%2BFrance/,
https://www.google.com/maps/search/etablissement+wellness+La Lande-de-Lougé%2BFrance/,
https://www.google.com/maps/search/etablissement+wellness+La Lande-Patry%2BFrance/,
https://www.google.com/maps/search/etablissement+wellness+La Lande-Saint-Léger%2BFrance/,
https://www.google.com/maps/search/etablissement+wellness+La Lande-Saint-Siméon%2BFrance/,
https://www.google.com/maps/search/etablissement+wellness+La Lande-sur-Drôme%2BFrance/,
https://www.google.com/maps/search/etablissement+wellness+Landéan%2BFrance/,
https://www.google.com/maps/search/etablissement+wellness+Landebaëron%2BFrance/,
https://www.google.com/maps/search/etablissement+wellness+Landébia%2BFrance/,
https://www.google.com/maps/search/etablissement+wellness+La Landec%2BFrance/,
https://www.google.com/maps/search/etablissement+wellness+Landécourt%2BFrance/,
https://www.google.com/maps/search/etablissement+wellness+Landéda%2BFrance/,
https://www.google.com/maps/search/etablissement+wellness+Landéhen%2BFrance/,
https://www.google.com/maps/search/etablissement+wellness+Landeleau%2BFrance/,
https://www.google.com/maps/search/etablissement+wellness+Landelles%2BFrance/,
https://www.google.com/maps/search/etablissement+wellness+Landelles-et-Coupigny%2BFrance/,
https://www.google.com/maps/search/etablissement+wellness+Landerneau%2BFrance/,
https://www.google.com/maps/search/etablissement+wellness+Landeronde%2BFrance/,traité (2026-08-22 17:50)
https://www.google.com/maps/search/etablissement+wellness+Landerrouat%2BFrance/,traité (2026-08-22 17:50)
https://www.google.com/maps/search/etablissement+wellness+Landerrouet-sur-Ségur%2BFrance/,traité (2026-08-22 17:51)
https://www.google.com/maps/search/etablissement+wellness+Landersheim%2BFrance/,traité (2026-08-22 17:51)
https://www.google.com/maps/search/etablissement+wellness+Landes%2BFrance/,traité (2026-08-22 17:51)
https://www.google.com/maps/search/etablissement+wellness+Les Landes-Genusson%2BFrance/,traité (2026-08-22 17:52)
https://www.google.com/maps/search/etablissement+wellness+Landes-le-Gaulois%2BFrance/,traité (2026-08-22 17:52)
https://www.google.com/maps/search/etablissement+wellness+Landes-sur-Ajon%2BFrance/,traité (2026-08-22 17:53)
https://www.google.com/maps/search/etablissement+wellness+Landes-Vieilles-et-Neuves%2BFrance/,traité (2026-08-22 17:53)
https://www.google.com/maps/search/etablissement+wellness+Landévant%2BFrance/,traité (2026-08-22 17:53)
https://www.google.com/maps/search/etablissement+wellness+Landévennec%2BFrance/,traité (2026-08-22 17:55)
https://www.google.com/maps/search/etablissement+wellness+Landevieille%2BFrance/,traité (2026-08-22 17:55)
https://www.google.com/maps/search/etablissement+wellness+Landeyrat%2BFrance/,traité (2026-08-22 17:55)
https://www.google.com/maps/search/etablissement+wellness+Landifay-et-Bertaignemont%2BFrance/,traité (2026-08-22 17:55)
https://www.google.com/maps/search/etablissement+wellness+Landigou%2BFrance/,traité (2026-08-22 17:55)
https://www.google.com/maps/search/etablissement+wellness+Le Landin%2BFrance/,traité (2026-08-22 17:55)
https://www.google.com/maps/search/etablissement+wellness+Landiras%2BFrance/,traité (2026-08-22 17:56)
https://www.google.com/maps/search/etablissement+wellness+Landisacq%2BFrance/,traité (2026-08-22 17:56)
https://www.google.com/maps/search/etablissement+wellness+Landivisiau%2BFrance/,traité (2026-08-22 17:56)
https://www.google.com/maps/search/etablissement+wellness+Landivy%2BFrance/,traité (2026-08-22 17:59)
https://www.google.com/maps/search/etablissement+wellness+Landogne%2BFrance/,traité (2026-08-22 17:59)
https://www.google.com/maps/search/etablissement+wellness+Landorthe%2BFrance/,traité (2026-08-22 17:59)
https://www.google.com/maps/search/etablissement+wellness+Landos%2BFrance/,traité (2026-08-22 17:59)
https://www.google.com/maps/search/etablissement+wellness+Landouzy-la-Cour%2BFrance/,traité (2026-08-22 17:59)
https://www.google.com/maps/search/etablissement+wellness+Landouzy-la-Ville%2BFrance/,traité (2026-08-22 17:59)
https://www.google.com/maps/search/etablissement+wellness+Landrais%2BFrance/,traité (2026-08-22 17:59)
https://www.google.com/maps/search/etablissement+wellness+Le Landreau%2BFrance/,traité (2026-08-22 17:59)
https://www.google.com/maps/search/etablissement+wellness+Landrecies%2BFrance/,traité (2026-08-22 17:59)
https://www.google.com/maps/search/etablissement+wellness+Landrecourt-Lempire%2BFrance/,traité (2026-08-22 18:00)
https://www.google.com/maps/search/etablissement+wellness+Landremont%2BFrance/,traité (2026-08-22 18:00)
https://www.google.com/maps/search/etablissement+wellness+Landres%2BFrance/,traité (2026-08-22 18:02)
https://www.google.com/maps/search/etablissement+wellness+Landres-et-Saint-Georges%2BFrance/,traité (2026-08-22 18:02)
https://www.google.com/maps/search/etablissement+wellness+Landresse%2BFrance/,traité (2026-08-22 18:02)
https://www.google.com/maps/search/etablissement+wellness+Landrethun-le-Nord%2BFrance/,traité (2026-08-22 18:02)
https://www.google.com/maps/search/etablissement+wellness+Landrethun-lès-Ardres%2BFrance/,traité (2026-08-22 18:02)
https://www.google.com/maps/search/etablissement+wellness+Landrévarzec%2BFrance/,traité (2026-08-22 18:02)
https://www.google.com/maps/search/etablissement+wellness+Landreville%2BFrance/,traité (2026-08-22 18:03)
https://www.google.com/maps/search/etablissement+wellness+Landrichamps%2BFrance/,traité (2026-08-22 18:03)
https://www.google.com/maps/search/etablissement+wellness+Landricourt%2BFrance/,traité (2026-08-22 18:04)
https://www.google.com/maps/search/etablissement+wellness+Landricourt%2BFrance/,traité (2026-08-22 18:04)
